code,short_title,detailed_description,system_category,code_type,severity_level
B0001,Driver Frontal Stage 1 Deployment Control (Subfault),System: General. Source: SAE J2012 / ISO 15031. This code is classified as Info-level severity within the Body category.,Body,Generic,Info
B0002,Driver Frontal Stage 2 Deployment Control (Subfault),System: General. Source: SAE J2012 / ISO 15031. This code is classified as Info-level severity within the Body category.,Body,Generic,Info
B0003,Driver Frontal Stage 3 Deployment Control (Subfault),System: General. Source: SAE J2012 / ISO 15031. This code is classified as Info-level severity within the Body category.,Body,Generic,Info
B0004,Driver Knee Bolster Deployment Control (Subfault),System: General. Source: SAE J2012 / ISO 15031. This code is classified as Info-level severity within the Body category.,Body,Generic,Info
B0005,Collapsible Steering Column Deployment Control (Subfault),System: General. Source: SAE J2012 / ISO 15031. This code is classified as Info-level severity within the Body category.,Body,Generic,Info
B0010,Passenger Frontal Stage 1 Deployment Control (Subfault),System: General. Source: SAE J2012 / ISO 15031. This code is classified as Info-level severity within the Body category.,Body,Generic,Info
B0011,Passenger Frontal Stage 2 Deployment Control (Subfault),System: General. Source: SAE J2012 / ISO 15031. This code is classified as Info-level severity within the Body category.,Body,Generic,Info
B0012,Passenger Frontal Stage 3 Deployment Control (Subfault),System: General. Source: SAE J2012 / ISO 15031. This code is classified as Info-level severity within the Body category.,Body,Generic,Info
B0013,Passenger Knee Bolster Deployment Control (Subfault),System: General. Source: SAE J2012 / ISO 15031. This code is classified as Info-level severity within the Body category.,Body,Generic,Info
B0020,Left Side Airbag Deployment Control (Subfault),System: Restraint System. Source: SAE J2012 / ISO 15031. This code is classified as Info-level severity within the Body category.,Body,Generic,Info
B0021,Left Curtain Deployment Control 1 (Subfault),System: General. Source: SAE J2012 / ISO 15031. This code is classified as Info-level severity within the Body category.,Body,Generic,Info
B0022,Left Curtain Deployment Control 2 (Subfault),System: General. Source: SAE J2012 / ISO 15031. This code is classified as Info-level severity within the Body category.,Body,Generic,Info
B0028,Right Side Airbag Deployment Control (Subfault),System: Restraint System. Source: SAE J2012 / ISO 15031. This code is classified as Info-level severity within the Body category.,Body,Generic,Info
B0029,Right Curtain Deployment Control 1 (Subfault),System: General. Source: SAE J2012 / ISO 15031. This code is classified as Info-level severity within the Body category.,Body,Generic,Info
B002A,Right Curtain Deployment Control 2 (Subfault),System: General. Source: SAE J2012 / ISO 15031. This code is classified as Info-level severity within the Body category.,Body,Generic,Info
B0030,Second Row Left Side Airbag Deployment Control (Subfault),System: Restraint System. Source: SAE J2012 / ISO 15031. This code is classified as Info-level severity within the Body category.,Body,Generic,Info
B0031,Second Row Left Frontal Stage 1 Deployment Control (Subfault),System: General. Source: SAE J2012 / ISO 15031. This code is classified as Info-level severity within the Body category.,Body,Generic,Info
B0032,Second Row Left Frontal Stage 2 Deployment Control (Subfault),System: General. Source: SAE J2012 / ISO 15031. This code is classified as Info-level severity within the Body category.,Body,Generic,Info
B0033,Second Row Left Frontal Stage 3 Deployment Control (Subfault),System: General. Source: SAE J2012 / ISO 15031. This code is classified as Info-level severity within the Body category.,Body,Generic,Info
B0038,Second Row Right Side Airbag Deployment Control (Subfault),System: Restraint System. Source: SAE J2012 / ISO 15031. This code is classified as Info-level severity within the Body category.,Body,Generic,Info
B0039,Second Row Right Frontal Stage 1 Deployment Control (Subfault),System: General. Source: SAE J2012 / ISO 15031. This code is classified as Info-level severity within the Body category.,Body,Generic,Info
B003A,Second Row Right Frontal Stage 2 Deployment Control (Subfault),System: General. Source: SAE J2012 / ISO 15031. This code is classified as Info-level severity within the Body category.,Body,Generic,Info
B003B,Second Row Right Frontal Stage 3 Deployment Control (Subfault),System: General. Source: SAE J2012 / ISO 15031. This code is classified as Info-level severity within the Body category.,Body,Generic,Info
B0040,Third Row Left Side Airbag Deployment Control (Subfault),System: Restraint System. Source: SAE J2012 / ISO 15031. This code is classified as Info-level severity within the Body category.,Body,Generic,Info
B0041,Third Row Left Frontal Stage 1 Deployment Control (Subfault),System: General. Source: SAE J2012 / ISO 15031. This code is classified as Info-level severity within the Body category.,Body,Generic,Info
B0042,Third Row Left Frontal Stage 2 Deployment Control (Subfault),System: General. Source: SAE J2012 / ISO 15031. This code is classified as Info-level severity within the Body category.,Body,Generic,Info
B0043,Third Row Left Frontal Stage 3 Deployment Control (Subfault),System: General. Source: SAE J2012 / ISO 15031. This code is classified as Info-level severity within the Body category.,Body,Generic,Info
B0048,Third Row Right Side Airbag Deployment Control (Subfault),System: Restraint System. Source: SAE J2012 / ISO 15031. This code is classified as Info-level severity within the Body category.,Body,Generic,Info
B0049,Third Row Right Frontal Stage 1 Deployment Control (Subfault),System: General. Source: SAE J2012 / ISO 15031. This code is classified as Info-level severity within the Body category.,Body,Generic,Info
B004A,Third Row Right Frontal Stage 2 Deployment Control (Subfault),System: General. Source: SAE J2012 / ISO 15031. This code is classified as Info-level severity within the Body category.,Body,Generic,Info
B004B,Third Row Right Frontal Stage 3 Deployment Control (Subfault),System: General. Source: SAE J2012 / ISO 15031. This code is classified as Info-level severity within the Body category.,Body,Generic,Info
B0050,Driver Seatbelt Sensor (Subfault),System: Restraint System. Source: SAE J2012 / ISO 15031. This code is classified as Info-level severity within the Body category.,Body,Generic,Info
B0051,First Row Center Seatbelt Sensor (Subfault),System: Restraint System. Source: SAE J2012 / ISO 15031. This code is classified as Info-level severity within the Body category.,Body,Generic,Info
B0052,Passenger Seatbelt Sensor (Subfault),System: Restraint System. Source: SAE J2012 / ISO 15031. This code is classified as Info-level severity within the Body category.,Body,Generic,Info
B0053,Second Row Left Seatbelt Sensor (Subfault),System: Restraint System. Source: SAE J2012 / ISO 15031. This code is classified as Info-level severity within the Body category.,Body,Generic,Info
B0054,Second Row Center Seatbelt Sensor (Subfault),System: Restraint System. Source: SAE J2012 / ISO 15031. This code is classified as Info-level severity within the Body category.,Body,Generic,Info
B0055,Second Row Right Seatbelt Sensor (Subfault),System: Restraint System. Source: SAE J2012 / ISO 15031. This code is classified as Info-level severity within the Body category.,Body,Generic,Info
B0056,Third Row Left Seatbelt Sensor (Subfault),System: Restraint System. Source: SAE J2012 / ISO 15031. This code is classified as Info-level severity within the Body category.,Body,Generic,Info
B0057,Third Row Center Seatbelt Sensor (Subfault),System: Restraint System. Source: SAE J2012 / ISO 15031. This code is classified as Info-level severity within the Body category.,Body,Generic,Info
B0058,Third Row Right Seatbelt Sensor (Subfault),System: Restraint System. Source: SAE J2012 / ISO 15031. This code is classified as Info-level severity within the Body category.,Body,Generic,Info
B0060,Driver Seatbelt Tension Sensor (Subfault),System: Restraint System. Source: SAE J2012 / ISO 15031. This code is classified as Info-level severity within the Body category.,Body,Generic,Info
B0061,Passenger Seatbelt Tension Sensor (Subfault),System: Restraint System. Source: SAE J2012 / ISO 15031. This code is classified as Info-level severity within the Body category.,Body,Generic,Info
B0070,"Driver Seatbelt Pretensioner ""A"" Deployment Control (Subfault)",System: Restraint System. Source: SAE J2012 / ISO 15031. This code is classified as Info-level severity within the Body category.,Body,Generic,Info
B0071,First Row Center Seatbelt Pretensioner Deployment Control (Subfault),System: Restraint System. Source: SAE J2012 / ISO 15031. This code is classified as Info-level severity within the Body category.,Body,Generic,Info
B0072,"Passenger Seatbelt Pretensioner ""A"" Deployment Control (Subfault)",System: Restraint System. Source: SAE J2012 / ISO 15031. This code is classified as Info-level severity within the Body category.,Body,Generic,Info
B0073,Second Row Left Seatbelt Pretensioner Deployment Control (Subfault),System: Restraint System. Source: SAE J2012 / ISO 15031. This code is classified as Info-level severity within the Body category.,Body,Generic,Info
B0074,Second Row Center Seatbelt Pretensioner Deployment Control (Subfault),System: Restraint System. Source: SAE J2012 / ISO 15031. This code is classified as Info-level severity within the Body category.,Body,Generic,Info
B0075,Second Row Right Seatbelt Pretensioner Deployment Control (Subfault),System: Restraint System. Source: SAE J2012 / ISO 15031. This code is classified as Info-level severity within the Body category.,Body,Generic,Info
B0076,Third Row Left Seatbelt Pretensioner Deployment Control (Subfault),System: Restraint System. Source: SAE J2012 / ISO 15031. This code is classified as Info-level severity within the Body category.,Body,Generic,Info
B0077,Third Row Center Seatbelt Pretensioner Deployment Control (Subfault),System: Restraint System. Source: SAE J2012 / ISO 15031. This code is classified as Info-level severity within the Body category.,Body,Generic,Info
B0078,Third Row Right Seatbelt Pretensioner Deployment Control (Subfault),System: Restraint System. Source: SAE J2012 / ISO 15031. This code is classified as Info-level severity within the Body category.,Body,Generic,Info
B0079,"Driver Seatbelt Pretensioner ""B"" Deployment Control (Subfault)",System: Restraint System. Source: SAE J2012 / ISO 15031. This code is classified as Info-level severity within the Body category.,Body,Generic,Info
B007A,"Passenger Seatbelt Pretensioner ""B"" Deployment Control (Subfault)",System: Restraint System. Source: SAE J2012 / ISO 15031. This code is classified as Info-level severity within the Body category.,Body,Generic,Info
B007B,"Second Row Left Seatbelt Pretensioner ""B"" Deployment Control (Subfault)",System: Restraint System. Source: SAE J2012 / ISO 15031. This code is classified as Info-level severity within the Body category.,Body,Generic,Info
B007C,"Second Row Right Seatbelt Pretensioner ""B"" Deployment Control (Subfault)",System: Restraint System. Source: SAE J2012 / ISO 15031. This code is classified as Info-level severity within the Body category.,Body,Generic,Info
B007D,"Second Row Center Seatbelt Pretensioner ""B"" Deployment Control (Subfault)",System: Restraint System. Source: SAE J2012 / ISO 15031. This code is classified as Info-level severity within the Body category.,Body,Generic,Info
B007E,"Driver Seatbelt Pretensioner ""C"" Deployment Control (Subfault)",System: Restraint System. Source: SAE J2012 / ISO 15031. This code is classified as Info-level severity within the Body category.,Body,Generic,Info
B007F,"Passenger Seatbelt Pretensioner ""C"" Deployment Control (Subfault)",System: Restraint System. Source: SAE J2012 / ISO 15031. This code is classified as Info-level severity within the Body category.,Body,Generic,Info
B0080,Driver Seatbelt Load Limiter Deployment Control (Subfault),System: Restraint System. Source: SAE J2012 / ISO 15031. This code is classified as Info-level severity within the Body category.,Body,Generic,Info
B0081,First Row Center Seatbelt Load Limiter Deployment Control (Subfault),System: Restraint System. Source: SAE J2012 / ISO 15031. This code is classified as Info-level severity within the Body category.,Body,Generic,Info
B0082,Passenger Seatbelt Load Limiter Deployment Control (Subfault),System: Restraint System. Source: SAE J2012 / ISO 15031. This code is classified as Info-level severity within the Body category.,Body,Generic,Info
B0083,Second Row Left Seatbelt Load Limiter Deployment Control (Subfault),System: Restraint System. Source: SAE J2012 / ISO 15031. This code is classified as Info-level severity within the Body category.,Body,Generic,Info
B0084,Second Row Center Seatbelt Load Limiter Deployment Control (Subfault),System: Restraint System. Source: SAE J2012 / ISO 15031. This code is classified as Info-level severity within the Body category.,Body,Generic,Info
B0085,Second Row Right Seatbelt Load Limiter Deployment Control (Subfault),System: Restraint System. Source: SAE J2012 / ISO 15031. This code is classified as Info-level severity within the Body category.,Body,Generic,Info
B0086,Third Row Left Seatbelt Load Limiter Deployment Control (Subfault),System: Restraint System. Source: SAE J2012 / ISO 15031. This code is classified as Info-level severity within the Body category.,Body,Generic,Info
B0087,Third Row Center Seatbelt Load Limiter Deployment Control (Subfault),System: Restraint System. Source: SAE J2012 / ISO 15031. This code is classified as Info-level severity within the Body category.,Body,Generic,Info
B0088,Third Row Right Seatbelt Load Limiter Deployment Control (Subfault),System: Restraint System. Source: SAE J2012 / ISO 15031. This code is classified as Info-level severity within the Body category.,Body,Generic,Info
B0090,Left Frontal Restraints Sensor (Subfault),System: Restraint System. Source: SAE J2012 / ISO 15031. This code is classified as Info-level severity within the Body category.,Body,Generic,Info
B0091,Left Side Restraints Sensor 1 (Subfault),System: Restraint System. Source: SAE J2012 / ISO 15031. This code is classified as Info-level severity within the Body category.,Body,Generic,Info
B0092,Left Side Restraints Sensor 2,System: Restraint System. Source: SAE J2012 / ISO 15031. This code is classified as Info-level severity within the Body category.,Body,Generic,Info
B0093,Left Side Restraints Sensor 3 (Subfault),System: Restraint System. Source: SAE J2012 / ISO 15031. This code is classified as Info-level severity within the Body category.,Body,Generic,Info
B0094,Center Frontal Restraints Sensor (Subfault),System: Restraint System. Source: SAE J2012 / ISO 15031. This code is classified as Info-level severity within the Body category.,Body,Generic,Info
B0095,Right Frontal Restraints Sensor (Subfault),System: Restraint System. Source: SAE J2012 / ISO 15031. This code is classified as Info-level severity within the Body category.,Body,Generic,Info
B0096,Right Side Restraints Sensor 1 (Subfault),System: Restraint System. Source: SAE J2012 / ISO 15031. This code is classified as Info-level severity within the Body category.,Body,Generic,Info
B0097,Right Side Restraints Sensor 2 (Subfault),System: Restraint System. Source: SAE J2012 / ISO 15031. This code is classified as Info-level severity within the Body category.,Body,Generic,Info
B0098,Right Side Restraints Sensor 3 (Subfault),System: Restraint System. Source: SAE J2012 / ISO 15031. This code is classified as Info-level severity within the Body category.,Body,Generic,Info
B0099,Roll Over Sensor (Subfault),System: General. Source: SAE J2012 / ISO 15031. This code is classified as Info-level severity within the Body category.,Body,Generic,Info
B009A,Left Side Restraints Sensor 4 (Subfault),System: Restraint System. Source: SAE J2012 / ISO 15031. This code is classified as Info-level severity within the Body category.,Body,Generic,Info
B009B,Left Side Restraints Sensor 5 (Subfault),System: Restraint System. Source: SAE J2012 / ISO 15031. This code is classified as Info-level severity within the Body category.,Body,Generic,Info
B009C,Left Side Restraints Sensor 6 (Subfault),System: Restraint System. Source: SAE J2012 / ISO 15031. This code is classified as Info-level severity within the Body category.,Body,Generic,Info
B009D,Right Side Restraints Sensor 4 (Subfault),System: Restraint System. Source: SAE J2012 / ISO 15031. This code is classified as Info-level severity within the Body category.,Body,Generic,Info
B009E,Right Side Restraints Sensor 5 (Subfault),System: Restraint System. Source: SAE J2012 / ISO 15031. This code is classified as Info-level severity within the Body category.,Body,Generic,Info
B009F,Right Side Restraints Sensor 6 (Subfault),System: Restraint System. Source: SAE J2012 / ISO 15031. This code is classified as Info-level severity within the Body category.,Body,Generic,Info
B00A0,Occupant Classification System (Subfault),System: Seat System. Source: SAE J2012 / ISO 15031. This code is classified as Info-level severity within the Body category.,Body,Generic,Info
B00A1,Occupant Position System (Subfault),System: Seat System. Source: SAE J2012 / ISO 15031. This code is classified as Info-level severity within the Body category.,Body,Generic,Info
B00B0,"Driver Seat Occupant Classification Sensor ""A"" (Subfault)",System: Seat System. Source: SAE J2012 / ISO 15031. This code is classified as Info-level severity within the Body category.,Body,Generic,Info
B00B1,"Driver Seat Occupant Classification Sensor ""B"" (Subfault)",System: Seat System. Source: SAE J2012 / ISO 15031. This code is classified as Info-level severity within the Body category.,Body,Generic,Info
B00B2,"Driver Seat Occupant Classification Sensor ""C"" (Subfault)",System: Seat System. Source: SAE J2012 / ISO 15031. This code is classified as Info-level severity within the Body category.,Body,Generic,Info
B00B3,"Driver Seat Occupant Classification Sensor ""D"" (Subfault)",System: Seat System. Source: SAE J2012 / ISO 15031. This code is classified as Info-level severity within the Body category.,Body,Generic,Info
B00B4,"Driver Seat Occupant Classification Sensor ""E"" (Subfault)",System: Seat System. Source: SAE J2012 / ISO 15031. This code is classified as Info-level severity within the Body category.,Body,Generic,Info
B00B5,Driver Seat Track Position Restraints Sensor (Subfault),System: Restraint System. Source: SAE J2012 / ISO 15031. This code is classified as Info-level severity within the Body category.,Body,Generic,Info
B00B6,Driver Seat Recline Position Restraints Sensor (Subfault),System: Restraint System. Source: SAE J2012 / ISO 15031. This code is classified as Info-level severity within the Body category.,Body,Generic,Info
B00B7,"Driver Seat Occupant Position Sensor ""A"" (Subfault)",System: Seat System. Source: SAE J2012 / ISO 15031. This code is classified as Info-level severity within the Body category.,Body,Generic,Info
B00B8,"Driver Seat Occupant Position Sensor ""B"" (Subfault)",System: Seat System. Source: SAE J2012 / ISO 15031. This code is classified as Info-level severity within the Body category.,Body,Generic,Info
B00B9,"Driver Seat Occupant Position Sensor ""C"" (Subfault)",System: Seat System. Source: SAE J2012 / ISO 15031. This code is classified as Info-level severity within the Body category.,Body,Generic,Info
B00BA,"Driver Seat Occupant Position Sensor ""D"" (Subfault)",System: Seat System. Source: SAE J2012 / ISO 15031. This code is classified as Info-level severity within the Body category.,Body,Generic,Info
B00BB,"Driver Seat Occupant Position Sensor ""E"" (Subfault)",System: Seat System. Source: SAE J2012 / ISO 15031. This code is classified as Info-level severity within the Body category.,Body,Generic,Info
B00C0,"Passenger Seat Occupant Classification Sensor ""A"" (Subfault)",System: Seat System. Source: SAE J2012 / ISO 15031. This code is classified as Info-level severity within the Body category.,Body,Generic,Info
B00C1,"Passenger Seat Occupant Classification Sensor ""B"" (Subfault)",System: Seat System. Source: SAE J2012 / ISO 15031. This code is classified as Info-level severity within the Body category.,Body,Generic,Info
B00C2,"Passenger Seat Occupant Classification Sensor ""C"" (Subfault)",System: Seat System. Source: SAE J2012 / ISO 15031. This code is classified as Info-level severity within the Body category.,Body,Generic,Info
B00C3,"Passenger Seat Occupant Classification Sensor ""D"" (Subfault)",System: Seat System. Source: SAE J2012 / ISO 15031. This code is classified as Info-level severity within the Body category.,Body,Generic,Info
B00C4,"Passenger Seat Occupant Classification Sensor ""E"" (Subfault)",System: Seat System. Source: SAE J2012 / ISO 15031. This code is classified as Info-level severity within the Body category.,Body,Generic,Info
B00C5,Passenger Seat Track Position Restraints Sensor (Subfault),System: Restraint System. Source: SAE J2012 / ISO 15031. This code is classified as Info-level severity within the Body category.,Body,Generic,Info
B00C6,Passenger Seat Recline Position Restraints Sensor (Subfault),System: Restraint System. Source: SAE J2012 / ISO 15031. This code is classified as Info-level severity within the Body category.,Body,Generic,Info
B00C7,"Passenger Seat Occupant Position Sensor ""A"" (Subfault)",System: Seat System. Source: SAE J2012 / ISO 15031. This code is classified as Info-level severity within the Body category.,Body,Generic,Info
B00C8,"Passenger Seat Occupant Position Sensor ""B"" (Subfault)",System: Seat System. Source: SAE J2012 / ISO 15031. This code is classified as Info-level severity within the Body category.,Body,Generic,Info
B00C9,"Passenger Seat Occupant Position Sensor ""C"" (Subfault)",System: Seat System. Source: SAE J2012 / ISO 15031. This code is classified as Info-level severity within the Body category.,Body,Generic,Info
B00CA,"Passenger Seat Occupant Position Sensor ""D"" (Subfault)",System: Seat System. Source: SAE J2012 / ISO 15031. This code is classified as Info-level severity within the Body category.,Body,Generic,Info
B00CB,"Passenger Seat Occupant Position Sensor ""E"" (Subfault)",System: Seat System. Source: SAE J2012 / ISO 15031. This code is classified as Info-level severity within the Body category.,Body,Generic,Info
B00D0,Driver Seatbelt Indicator (Subfault),System: Restraint System. Source: SAE J2012 / ISO 15031. This code is classified as Info-level severity within the Body category.,Body,Generic,Info
B00D1,Passenger Seatbelt Indicator (Subfault),System: Restraint System. Source: SAE J2012 / ISO 15031. This code is classified as Info-level severity within the Body category.,Body,Generic,Info
B00D2,Restraint System Malfunction Indicator 1 (Subfault),System: Restraint System. Source: SAE J2012 / ISO 15031. This code is classified as Critical-level severity within the Body category.,Body,Generic,Critical
B00D3,Restraint System Malfunction Indicator 2 (Subfault),System: Restraint System. Source: SAE J2012 / ISO 15031. This code is classified as Critical-level severity within the Body category.,Body,Generic,Critical
B00D4,Restraint System Malfunction Audible Indicator (Subfault),System: Restraint System. Source: SAE J2012 / ISO 15031. This code is classified as Critical-level severity within the Body category.,Body,Generic,Critical
B00D5,Restraint System Passenger Disable Indicator (Subfault),System: Restraint System. Source: SAE J2012 / ISO 15031. This code is classified as Info-level severity within the Body category.,Body,Generic,Info
B00DF,Passenger Restraints Disable Switch (Subfault),System: Restraint System. Source: SAE J2012 / ISO 15031. This code is classified as Info-level severity within the Body category.,Body,Generic,Info
B00E0,"Third Row Left Seatbelt Pretensioner ""B"" Deployment Control (Subfault)",System: Restraint System. Source: SAE J2012 / ISO 15031. This code is classified as Info-level severity within the Body category.,Body,Generic,Info
B00E1,"Third Row Right Seatbelt Pretensioner ""B"" Deployment Control (Subfault)",System: Restraint System. Source: SAE J2012 / ISO 15031. This code is classified as Info-level severity within the Body category.,Body,Generic,Info
B00E2,"Third Row Center Seatbelt Pretensioner ""B"" Deployment Control (Subfault)",System: Restraint System. Source: SAE J2012 / ISO 15031. This code is classified as Info-level severity within the Body category.,Body,Generic,Info
B00E3,"Second Row Left Seatbelt Pretensioner ""C"" Deployment Control (Subfault)",System: Restraint System. Source: SAE J2012 / ISO 15031. This code is classified as Info-level severity within the Body category.,Body,Generic,Info
B00E4,"Second Row Right Seatbelt Pretensioner ""C"" Deployment Control (Subfault)",System: Restraint System. Source: SAE J2012 / ISO 15031. This code is classified as Info-level severity within the Body category.,Body,Generic,Info
B00E5,"Second Row Center Seatbelt Pretensioner ""C"" Deployment Control (Subfault)",System: Restraint System. Source: SAE J2012 / ISO 15031. This code is classified as Info-level severity within the Body category.,Body,Generic,Info
B00E6,"Third Row Right Seatbelt Pretensioner ""C"" Deployment Control (Subfault)",System: Restraint System. Source: SAE J2012 / ISO 15031. This code is classified as Info-level severity within the Body category.,Body,Generic,Info
B00E7,"Third Row Left Seatbelt Pretensioner ""C"" Deployment Control (Subfault)",System: Restraint System. Source: SAE J2012 / ISO 15031. This code is classified as Info-level severity within the Body category.,Body,Generic,Info
B00E8,"Third Row Center Seatbelt Pretensioner ""C"" Deployment Control (Subfault)",System: Restraint System. Source: SAE J2012 / ISO 15031. This code is classified as Info-level severity within the Body category.,Body,Generic,Info
B1000,Manufacturer Controlled DTC,System: Lighting System. Source: SAE J2012 / ISO 15031. This code is classified as Info-level severity within the Body category.,Body,Manufacturer,Info
B1047,Driver-Side Side Air Bag Module And Other Air Bag Module Circuits Short,System: General. Source: SAE J2012 / ISO 15031. This code is classified as Critical-level severity within the Body category.,Body,Manufacturer,Critical
B1057,Driver Airbag Module Short,System: Restraint System. Source: SAE J2012 / ISO 15031. This code is classified as Critical-level severity within the Body category.,Body,Manufacturer,Critical
B1342,ECU Is Defective,System: General. Source: SAE J2012 / ISO 15031. This code is classified as Info-level severity within the Body category.,Body,Manufacturer,Info
B1650,PCM Or Airbag Control Module Has Detected A Malfunction In The Occupant Classification System,System: Restraint System. Source: SAE J2012 / ISO 15031. This code is classified as Critical-level severity within the Body category.,Body,Manufacturer,Critical
B1676,Battery Pack Voltage Out Of Range,System: General. Source: SAE J2012 / ISO 15031. This code is classified as Warning-level severity within the Body category.,Body,Manufacturer,Warning
B2000,Manufacturer Controlled DTC,System: Lighting System. Source: SAE J2012 / ISO 15031. This code is classified as Info-level severity within the Body category.,Body,Manufacturer,Info
B3000,Reserved For Future Use,System: General. Source: SAE J2012 / ISO 15031. This code is classified as Info-level severity within the Body category.,Body,Manufacturer,Info
C0001,"TCS Control Channel ""A"" Valve 1 (Subfault)",System: General. Source: SAE J2012 / ISO 15031. This code is classified as Info-level severity within the Chassis category.,Chassis,Generic,Info
C0002,"TCS Control Channel ""A"" Valve 2 (Subfault)",System: General. Source: SAE J2012 / ISO 15031. This code is classified as Info-level severity within the Chassis category.,Chassis,Generic,Info
C0003,"TCS Control Channel ""B"" Valve 1 (Subfault)",System: General. Source: SAE J2012 / ISO 15031. This code is classified as Info-level severity within the Chassis category.,Chassis,Generic,Info
C0004,"TCS Control Channel ""B"" Valve 2 (Subfault)",System: General. Source: SAE J2012 / ISO 15031. This code is classified as Info-level severity within the Chassis category.,Chassis,Generic,Info
C0010,Left Front Inlet Control (Subfault),System: General. Source: SAE J2012 / ISO 15031. This code is classified as Info-level severity within the Chassis category.,Chassis,Generic,Info
C0011,Left Front Outlet Control (Subfault),System: General. Source: SAE J2012 / ISO 15031. This code is classified as Info-level severity within the Chassis category.,Chassis,Generic,Info
C0012,Left Front Hydraulic Release Too Long (Subfault),System: General. Source: SAE J2012 / ISO 15031. This code is classified as Info-level severity within the Chassis category.,Chassis,Generic,Info
C0014,Right Front Inlet Control (Subfault),System: General. Source: SAE J2012 / ISO 15031. This code is classified as Info-level severity within the Chassis category.,Chassis,Generic,Info
C0015,Right Front Outlet Control (Subfault),System: General. Source: SAE J2012 / ISO 15031. This code is classified as Info-level severity within the Chassis category.,Chassis,Generic,Info
C0016,Right Front Hydraulic Release Too Long (Subfault),System: General. Source: SAE J2012 / ISO 15031. This code is classified as Info-level severity within the Chassis category.,Chassis,Generic,Info
C0018,Left Rear Inlet Control (Subfault),System: General. Source: SAE J2012 / ISO 15031. This code is classified as Info-level severity within the Chassis category.,Chassis,Generic,Info
C0019,Left Rear Outlet Control (Subfault),System: General. Source: SAE J2012 / ISO 15031. This code is classified as Info-level severity within the Chassis category.,Chassis,Generic,Info
C001A,Left Rear Hydraulic Release Too Long (Subfault),System: General. Source: SAE J2012 / ISO 15031. This code is classified as Info-level severity within the Chassis category.,Chassis,Generic,Info
C001C,Right Rear Inlet Control (Subfault),System: General. Source: SAE J2012 / ISO 15031. This code is classified as Info-level severity within the Chassis category.,Chassis,Generic,Info
C001D,Right Rear Outlet Control (Subfault),System: General. Source: SAE J2012 / ISO 15031. This code is classified as Info-level severity within the Chassis category.,Chassis,Generic,Info
C001E,Right Rear Hydraulic Release Too Long (Subfault),System: General. Source: SAE J2012 / ISO 15031. This code is classified as Info-level severity within the Chassis category.,Chassis,Generic,Info
C0020,ABS Pump Motor Control (Subfault),System: Anti-lock Brake System. Source: SAE J2012 / ISO 15031. This code is classified as Info-level severity within the Chassis category.,Chassis,Generic,Info
C0021,Brake Booster Performance (Subfault),System: Anti-lock Brake System. Source: SAE J2012 / ISO 15031. This code is classified as Warning-level severity within the Chassis category.,Chassis,Generic,Warning
C0022,Brake Booster Solenoid (Subfault),System: Anti-lock Brake System. Source: SAE J2012 / ISO 15031. This code is classified as Info-level severity within the Chassis category.,Chassis,Generic,Info
C0023,Stop Lamp Control (Subfault),System: General. Source: SAE J2012 / ISO 15031. This code is classified as Info-level severity within the Chassis category.,Chassis,Generic,Info
C0030,Left Front Tone Wheel (Subfault),System: Wheel Speed Sensor. Source: SAE J2012 / ISO 15031. This code is classified as Info-level severity within the Chassis category.,Chassis,Generic,Info
C0031,Left Front Wheel Speed Sensor (Subfault),System: Wheel Speed Sensor. Source: SAE J2012 / ISO 15031. This code is classified as Info-level severity within the Chassis category.,Chassis,Generic,Info
C0032,Left Front Wheel Speed Sensor Supply (Subfault),System: Wheel Speed Sensor. Source: SAE J2012 / ISO 15031. This code is classified as Info-level severity within the Chassis category.,Chassis,Generic,Info
C0033,Right Front Tone Wheel (Subfault),System: Wheel Speed Sensor. Source: SAE J2012 / ISO 15031. This code is classified as Info-level severity within the Chassis category.,Chassis,Generic,Info
C0034,Right Front Wheel Speed Sensor (Subfault),System: Wheel Speed Sensor. Source: SAE J2012 / ISO 15031. This code is classified as Info-level severity within the Chassis category.,Chassis,Generic,Info
C0035,Right Front Wheel Speed Sensor Supply (Subfault),System: Wheel Speed Sensor. Source: SAE J2012 / ISO 15031. This code is classified as Info-level severity within the Chassis category.,Chassis,Generic,Info
C0036,Left Rear Tone Wheel (Subfault),System: Wheel Speed Sensor. Source: SAE J2012 / ISO 15031. This code is classified as Info-level severity within the Chassis category.,Chassis,Generic,Info
C0037,Left Rear Wheel Speed Sensor (Subfault),System: Wheel Speed Sensor. Source: SAE J2012 / ISO 15031. This code is classified as Info-level severity within the Chassis category.,Chassis,Generic,Info
C0038,Left Rear Wheel Speed Sensor Supply (Subfault),System: Wheel Speed Sensor. Source: SAE J2012 / ISO 15031. This code is classified as Info-level severity within the Chassis category.,Chassis,Generic,Info
C0039,Right Rear Tone Wheel (Subfault),System: Wheel Speed Sensor. Source: SAE J2012 / ISO 15031. This code is classified as Info-level severity within the Chassis category.,Chassis,Generic,Info
C003A,Right Rear Wheel Speed Sensor (Subfault),System: Wheel Speed Sensor. Source: SAE J2012 / ISO 15031. This code is classified as Info-level severity within the Chassis category.,Chassis,Generic,Info
C003B,Right Rear Wheel Speed Sensor Supply (Subfault),System: Wheel Speed Sensor. Source: SAE J2012 / ISO 15031. This code is classified as Info-level severity within the Chassis category.,Chassis,Generic,Info
C003C,Rear Tone Wheel (Subfault),System: Wheel Speed Sensor. Source: SAE J2012 / ISO 15031. This code is classified as Info-level severity within the Chassis category.,Chassis,Generic,Info
C003D,Rear Wheel Speed Sensor (Subfault),System: Wheel Speed Sensor. Source: SAE J2012 / ISO 15031. This code is classified as Info-level severity within the Chassis category.,Chassis,Generic,Info
C003E,Rear Wheel Speed Sensor Supply (Subfault),System: Wheel Speed Sensor. Source: SAE J2012 / ISO 15031. This code is classified as Info-level severity within the Chassis category.,Chassis,Generic,Info
C0040,Right Front Wheel Speed Sensor Circuit,System: Wheel Speed Sensor. Source: SAE J2012 / ISO 15031. This code is classified as Info-level severity within the Chassis category.,Chassis,Generic,Info
C0041,"Brake Pedal Switch ""B"" (Subfault)",System: Anti-lock Brake System. Source: SAE J2012 / ISO 15031. This code is classified as Info-level severity within the Chassis category.,Chassis,Generic,Info
C0042,"Brake Pedal Position Sensor ""Circuit A"" (Subfault)",System: Anti-lock Brake System. Source: SAE J2012 / ISO 15031. This code is classified as Info-level severity within the Chassis category.,Chassis,Generic,Info
C0043,"Brake Pedal Position Sensor ""Circuit B"" (Subfault)",System: Anti-lock Brake System. Source: SAE J2012 / ISO 15031. This code is classified as Info-level severity within the Chassis category.,Chassis,Generic,Info
C0044,"Brake Pressure Sensor ""A"" (Subfault)",System: Anti-lock Brake System. Source: SAE J2012 / ISO 15031. This code is classified as Info-level severity within the Chassis category.,Chassis,Generic,Info
C0045,"Brake Pressure Sensor ""B"" (Subfault)",System: Anti-lock Brake System. Source: SAE J2012 / ISO 15031. This code is classified as Info-level severity within the Chassis category.,Chassis,Generic,Info
C0046,"Brake Pressure Sensor ""A""/""B"" (Subfault)",System: Anti-lock Brake System. Source: SAE J2012 / ISO 15031. This code is classified as Info-level severity within the Chassis category.,Chassis,Generic,Info
C0047,Brake Booster Pressure Sensor (Subfault),System: Anti-lock Brake System. Source: SAE J2012 / ISO 15031. This code is classified as Info-level severity within the Chassis category.,Chassis,Generic,Info
C0048,Brake Booster Travel Sensor (Subfault),System: Anti-lock Brake System. Source: SAE J2012 / ISO 15031. This code is classified as Info-level severity within the Chassis category.,Chassis,Generic,Info
C0049,Brake Fluid (Subfault),System: Anti-lock Brake System. Source: SAE J2012 / ISO 15031. This code is classified as Info-level severity within the Chassis category.,Chassis,Generic,Info
C004A,Brake Lining Wear Sensor (Subfault),System: Anti-lock Brake System. Source: SAE J2012 / ISO 15031. This code is classified as Warning-level severity within the Chassis category.,Chassis,Generic,Warning
C0051,Steering Wheel Position Sensor (Subfault),System: Steering System. Source: SAE J2012 / ISO 15031. This code is classified as Info-level severity within the Chassis category.,Chassis,Generic,Info
C0052,"Steering Wheel Position Sensor ""Signal A"" (Subfault)",System: Steering System. Source: SAE J2012 / ISO 15031. This code is classified as Info-level severity within the Chassis category.,Chassis,Generic,Info
C0053,"Steering Wheel Position Sensor ""Signal B"" (Subfault)",System: Steering System. Source: SAE J2012 / ISO 15031. This code is classified as Info-level severity within the Chassis category.,Chassis,Generic,Info
C0054,"Steering Wheel Position Sensor ""Signal C"" (Subfault)",System: Steering System. Source: SAE J2012 / ISO 15031. This code is classified as Info-level severity within the Chassis category.,Chassis,Generic,Info
C0055,"Steering Wheel Position Sensor ""Signal D"" (Subfault)",System: Steering System. Source: SAE J2012 / ISO 15031. This code is classified as Info-level severity within the Chassis category.,Chassis,Generic,Info
C0061,Lateral Acceleration Sensor (Subfault),System: General. Source: SAE J2012 / ISO 15031. This code is classified as Info-level severity within the Chassis category.,Chassis,Generic,Info
C0062,Longitudinal Acceleration Sensor (Subfault),System: General. Source: SAE J2012 / ISO 15031. This code is classified as Info-level severity within the Chassis category.,Chassis,Generic,Info
C0063,Yaw Rate Sensor (Subfault),System: Vehicle Dynamics. Source: SAE J2012 / ISO 15031. This code is classified as Info-level severity within the Chassis category.,Chassis,Generic,Info
C0064,Roll Rate Sensor,System: General. Source: SAE J2012 / ISO 15031. This code is classified as Info-level severity within the Chassis category.,Chassis,Generic,Info
C0069,Yaw Rate/Longitude Sensors (Subfault),System: Vehicle Dynamics. Source: SAE J2012 / ISO 15031. This code is classified as Info-level severity within the Chassis category.,Chassis,Generic,Info
C006A,Multi-axis Acceleration Sensor (Subfault),System: General. Source: SAE J2012 / ISO 15031. This code is classified as Info-level severity within the Chassis category.,Chassis,Generic,Info
C006B,Stability System Active Too Long (Subfault),System: Vehicle Dynamics. Source: SAE J2012 / ISO 15031. This code is classified as Info-level severity within the Chassis category.,Chassis,Generic,Info
C006C,Stability System,System: Vehicle Dynamics. Source: SAE J2012 / ISO 15031. This code is classified as Info-level severity within the Chassis category.,Chassis,Generic,Info
C0071,2/4 Wheel Drive Status Input (Subfault),System: Wheel Speed Sensor. Source: SAE J2012 / ISO 15031. This code is classified as Info-level severity within the Chassis category.,Chassis,Generic,Info
C0072,Brake Temperature Too High (Subfault),System: Anti-lock Brake System. Source: SAE J2012 / ISO 15031. This code is classified as Warning-level severity within the Chassis category.,Chassis,Generic,Warning
C0073,Delivered Driving Torque (Subfault),System: General. Source: SAE J2012 / ISO 15031. This code is classified as Info-level severity within the Chassis category.,Chassis,Generic,Info
C0074,Requested Driving Torque (Subfault),System: General. Source: SAE J2012 / ISO 15031. This code is classified as Info-level severity within the Chassis category.,Chassis,Generic,Info
C0075,Extended Brake Pedal Trave,System: Anti-lock Brake System. Source: SAE J2012 / ISO 15031. This code is classified as Info-level severity within the Chassis category.,Chassis,Generic,Info
C0077,Low Tire Pressure (Subfault),System: Tire Pressure Monitoring. Source: SAE J2012 / ISO 15031. This code is classified as Warning-level severity within the Chassis category.,Chassis,Generic,Warning
C0078,Tire Diameter (Subfault),System: Tire Pressure Monitoring. Source: SAE J2012 / ISO 15031. This code is classified as Info-level severity within the Chassis category.,Chassis,Generic,Info
C0079,Variable Effort Steering (Subfault),System: Steering System. Source: SAE J2012 / ISO 15031. This code is classified as Info-level severity within the Chassis category.,Chassis,Generic,Info
C0081,ABS Malfunction Indicator (Subfault),System: Anti-lock Brake System. Source: SAE J2012 / ISO 15031. This code is classified as Critical-level severity within the Chassis category.,Chassis,Generic,Critical
C0082,Brake System Malfunction Indicator (Subfault),System: Anti-lock Brake System. Source: SAE J2012 / ISO 15031. This code is classified as Critical-level severity within the Chassis category.,Chassis,Generic,Critical
C0083,Tire Pressure Monitor Malfunction Indicator (Subfault),System: Tire Pressure Monitoring. Source: SAE J2012 / ISO 15031. This code is classified as Critical-level severity within the Chassis category.,Chassis,Generic,Critical
C0084,Traction Active Indicator (Subfault),System: Vehicle Dynamics. Source: SAE J2012 / ISO 15031. This code is classified as Info-level severity within the Chassis category.,Chassis,Generic,Info
C0085,Traction Disable Indicator (Subfault),System: Vehicle Dynamics. Source: SAE J2012 / ISO 15031. This code is classified as Info-level severity within the Chassis category.,Chassis,Generic,Info
C0086,Vehicle Dynamics Indicator (Subfault),System: Vehicle Dynamics. Source: SAE J2012 / ISO 15031. This code is classified as Info-level severity within the Chassis category.,Chassis,Generic,Info
C0089,TCS Disable Switch (Subfault),System: General. Source: SAE J2012 / ISO 15031. This code is classified as Info-level severity within the Chassis category.,Chassis,Generic,Info
C008A,TCS Mode Control (Subfault),System: General. Source: SAE J2012 / ISO 15031. This code is classified as Info-level severity within the Chassis category.,Chassis,Generic,Info
C0265,EBCM Motor Relay Circuit Low When On,System: General. Source: SAE J2012 / ISO 15031. This code is classified as Warning-level severity within the Chassis category.,Chassis,Generic,Warning
C1130,Engine Signal 1,System: General. Source: SAE J2012 / ISO 15031. This code is classified as Info-level severity within the Chassis category.,Chassis,Manufacturer,Info
C1145,Right Front Wheel Speed Sensor Input Circuit Failure,System: Wheel Speed Sensor. Source: SAE J2012 / ISO 15031. This code is classified as Critical-level severity within the Chassis category.,Chassis,Manufacturer,Critical
C1201,Engine Control System Malfunction,System: General. Source: SAE J2012 / ISO 15031. This code is classified as Critical-level severity within the Chassis category.,Chassis,Manufacturer,Critical
C1223,ABS Control System Malfunction,System: Anti-lock Brake System. Source: SAE J2012 / ISO 15031. This code is classified as Critical-level severity within the Chassis category.,Chassis,Manufacturer,Critical
C1233,Left Front Wheel Speed Sensor Input Signal Missing,System: Wheel Speed Sensor. Source: SAE J2012 / ISO 15031. This code is classified as Info-level severity within the Chassis category.,Chassis,Manufacturer,Info
C1234,Right Front Wheel Speed Sensor Input Signal Missing,System: Wheel Speed Sensor. Source: SAE J2012 / ISO 15031. This code is classified as Info-level severity within the Chassis category.,Chassis,Manufacturer,Info
C1241,Low Battery Positive Voltage,System: General. Source: SAE J2012 / ISO 15031. This code is classified as Warning-level severity within the Chassis category.,Chassis,Manufacturer,Warning
C2000,Manufacturer Controlled DTC,System: General. Source: SAE J2012 / ISO 15031. This code is classified as Info-level severity within the Chassis category.,Chassis,Manufacturer,Info
P0000,ISO/SAE Reserved,System: Fuel and Air Metering. Source: SAE J2012 / ISO 15031. This code is classified as Info-level severity within the Powertrain category.,Powertrain,Generic,Info
P0001,Fuel Volume Regulator Control Circuit/Open,System: Fuel and Air Metering. Source: SAE J2012 / ISO 15031. This code is classified as Critical-level severity within the Powertrain category.,Powertrain,Generic,Critical
P0002,Fuel Volume Regulator Control Circuit Range/Performance,System: Fuel and Air Metering. Source: SAE J2012 / ISO 15031. This code is classified as Warning-level severity within the Powertrain category.,Powertrain,Generic,Warning
P0003,Fuel Volume Regulator Control Circuit Low,System: Fuel and Air Metering. Source: SAE J2012 / ISO 15031. This code is classified as Warning-level severity within the Powertrain category.,Powertrain,Generic,Warning
P0004,Fuel Volume Regulator Control Circuit High,System: Fuel and Air Metering. Source: SAE J2012 / ISO 15031. This code is classified as Warning-level severity within the Powertrain category.,Powertrain,Generic,Warning
P0005,"Fuel Shutoff Valve ""A"" Control Circuit/Open",System: Fuel and Air Metering. Source: SAE J2012 / ISO 15031. This code is classified as Critical-level severity within the Powertrain category.,Powertrain,Generic,Critical
P0006,"Fuel Shutoff Valve ""A"" Control Circuit Low",System: Fuel and Air Metering. Source: SAE J2012 / ISO 15031. This code is classified as Warning-level severity within the Powertrain category.,Powertrain,Generic,Warning
P0007,"Fuel Shutoff Valve ""A"" Control Circuit High",System: Fuel and Air Metering. Source: SAE J2012 / ISO 15031. This code is classified as Warning-level severity within the Powertrain category.,Powertrain,Generic,Warning
P0008,Engine Position System Performance,System: Fuel and Air Metering. Source: SAE J2012 / ISO 15031. This code is classified as Warning-level severity within the Powertrain category.,Powertrain,Generic,Warning
P0009,Engine Position System Performance,System: Fuel and Air Metering. Source: SAE J2012 / ISO 15031. This code is classified as Warning-level severity within the Powertrain category.,Powertrain,Generic,Warning
P000A,"""A"" Camshaft Position Slow Response",System: Fuel and Air Metering. Source: SAE J2012 / ISO 15031. This code is classified as Warning-level severity within the Powertrain category.,Powertrain,Generic,Warning
P000B,"""B"" Camshaft Position Slow Response",System: Fuel and Air Metering. Source: SAE J2012 / ISO 15031. This code is classified as Warning-level severity within the Powertrain category.,Powertrain,Generic,Warning
P000C,"""A"" Camshaft Position Slow Response",System: Fuel and Air Metering. Source: SAE J2012 / ISO 15031. This code is classified as Warning-level severity within the Powertrain category.,Powertrain,Generic,Warning
P000D,"""B"" Camshaft Position Slow Response",System: Fuel and Air Metering. Source: SAE J2012 / ISO 15031. This code is classified as Warning-level severity within the Powertrain category.,Powertrain,Generic,Warning
P000E,Fuel Volume Regulator Control Exceeded Learn,System: Fuel and Air Metering. Source: SAE J2012 / ISO 15031. This code is classified as Warning-level severity within the Powertrain category.,Powertrain,Generic,Warning
P000F,Fuel System Over Pressure Relief Valve Activated,System: Fuel and Air Metering. Source: SAE J2012 / ISO 15031. This code is classified as Info-level severity within the Powertrain category.,Powertrain,Generic,Info
P0010,"""A"" Camshaft Position Actuator Circuit/Open",System: Fuel and Air Metering. Source: SAE J2012 / ISO 15031. This code is classified as Critical-level severity within the Powertrain category.,Powertrain,Generic,Critical
P0011,"""A"" Camshaft Position - Timing Over-Advanced or System",System: Fuel and Air Metering. Source: SAE J2012 / ISO 15031. This code is classified as Info-level severity within the Powertrain category.,Powertrain,Generic,Info
P0012,"""A"" Camshaft Position - Timing Over-Retarded",System: Fuel and Air Metering. Source: SAE J2012 / ISO 15031. This code is classified as Info-level severity within the Powertrain category.,Powertrain,Generic,Info
P0013,"""B"" Camshaft Position Actuator Circuit (Bank 1)",System: Fuel and Air Metering. Source: SAE J2012 / ISO 15031. This code is classified as Info-level severity within the Powertrain category.,Powertrain,Generic,Info
P0014,"""B"" Camshaft Position - Timing Over-Advanced or System",System: Fuel and Air Metering. Source: SAE J2012 / ISO 15031. This code is classified as Info-level severity within the Powertrain category.,Powertrain,Generic,Info
P0015,"""B"" Camshaft Position - Timing Over-Retarded",System: Fuel and Air Metering. Source: SAE J2012 / ISO 15031. This code is classified as Info-level severity within the Powertrain category.,Powertrain,Generic,Info
P0016,Crankshaft Position - Camshaft Position Correlation,System: Fuel and Air Metering. Source: SAE J2012 / ISO 15031. This code is classified as Warning-level severity within the Powertrain category.,Powertrain,Generic,Warning
P0017,Crankshaft Position - Camshaft Position Correlation,System: Fuel and Air Metering. Source: SAE J2012 / ISO 15031. This code is classified as Warning-level severity within the Powertrain category.,Powertrain,Generic,Warning
P0018,Crankshaft Position - Camshaft Position Correlation,System: Fuel and Air Metering. Source: SAE J2012 / ISO 15031. This code is classified as Warning-level severity within the Powertrain category.,Powertrain,Generic,Warning
P0019,Crankshaft Position - Camshaft Position Correlation,System: Fuel and Air Metering. Source: SAE J2012 / ISO 15031. This code is classified as Warning-level severity within the Powertrain category.,Powertrain,Generic,Warning
P001A,"""A"" Camshaft Profile Control Circuit/Open",System: Fuel and Air Metering. Source: SAE J2012 / ISO 15031. This code is classified as Critical-level severity within the Powertrain category.,Powertrain,Generic,Critical
P001B,"""A"" Camshaft Profile Control Circuit Low",System: Fuel and Air Metering. Source: SAE J2012 / ISO 15031. This code is classified as Warning-level severity within the Powertrain category.,Powertrain,Generic,Warning
P001C,"""A"" Camshaft Profile Control Circuit High",System: Fuel and Air Metering. Source: SAE J2012 / ISO 15031. This code is classified as Warning-level severity within the Powertrain category.,Powertrain,Generic,Warning
P001D,"""A"" Camshaft Profile Control Circuit/Open",System: Fuel and Air Metering. Source: SAE J2012 / ISO 15031. This code is classified as Critical-level severity within the Powertrain category.,Powertrain,Generic,Critical
P001E,"""A"" Camshaft Profile Control Circuit Low",System: Fuel and Air Metering. Source: SAE J2012 / ISO 15031. This code is classified as Warning-level severity within the Powertrain category.,Powertrain,Generic,Warning
P001F,"""A"" Camshaft Profile Control Circuit High",System: Fuel and Air Metering. Source: SAE J2012 / ISO 15031. This code is classified as Warning-level severity within the Powertrain category.,Powertrain,Generic,Warning
P0020,"""A"" Camshaft Position Actuator Circuit/Open",System: Fuel and Air Metering. Source: SAE J2012 / ISO 15031. This code is classified as Critical-level severity within the Powertrain category.,Powertrain,Generic,Critical
P0021,"""A"" Camshaft Position - Timing Over-Advanced or System",System: Fuel and Air Metering. Source: SAE J2012 / ISO 15031. This code is classified as Info-level severity within the Powertrain category.,Powertrain,Generic,Info
P0022,"""A"" Camshaft Position - Timing Over-Retarded",System: Fuel and Air Metering. Source: SAE J2012 / ISO 15031. This code is classified as Info-level severity within the Powertrain category.,Powertrain,Generic,Info
P0023,"""B"" Camshaft Position - Actuator Circuit/Open",System: Fuel and Air Metering. Source: SAE J2012 / ISO 15031. This code is classified as Critical-level severity within the Powertrain category.,Powertrain,Generic,Critical
P0024,"""B"" Camshaft Position - Timing Over-Advanced or System",System: Fuel and Air Metering. Source: SAE J2012 / ISO 15031. This code is classified as Info-level severity within the Powertrain category.,Powertrain,Generic,Info
P0025,"""B"" Camshaft Position - Timing Over-Retarded",System: Fuel and Air Metering. Source: SAE J2012 / ISO 15031. This code is classified as Info-level severity within the Powertrain category.,Powertrain,Generic,Info
P0026,Intake Valve Control Solenoid Circuit Range/Performance,System: Fuel and Air Metering. Source: SAE J2012 / ISO 15031. This code is classified as Warning-level severity within the Powertrain category.,Powertrain,Generic,Warning
P0027,Exhaust Valve Control Solenoid Circuit Range/Performance,System: Fuel and Air Metering. Source: SAE J2012 / ISO 15031. This code is classified as Warning-level severity within the Powertrain category.,Powertrain,Generic,Warning
P0028,Intake Valve Control Solenoid Circuit Range/Performance,System: Fuel and Air Metering. Source: SAE J2012 / ISO 15031. This code is classified as Warning-level severity within the Powertrain category.,Powertrain,Generic,Warning
P0029,Exhaust Valve Control Solenoid Circuit Range/Performance,System: Fuel and Air Metering. Source: SAE J2012 / ISO 15031. This code is classified as Warning-level severity within the Powertrain category.,Powertrain,Generic,Warning
P002A,"""B"" Camshaft Profile Control Circuit/Open",System: Fuel and Air Metering. Source: SAE J2012 / ISO 15031. This code is classified as Critical-level severity within the Powertrain category.,Powertrain,Generic,Critical
P002B,"""B"" Camshaft Profile Control Circuit Low",System: Fuel and Air Metering. Source: SAE J2012 / ISO 15031. This code is classified as Warning-level severity within the Powertrain category.,Powertrain,Generic,Warning
P002C,"""B"" Camshaft Profile Control Circuit High",System: Fuel and Air Metering. Source: SAE J2012 / ISO 15031. This code is classified as Warning-level severity within the Powertrain category.,Powertrain,Generic,Warning
P002D,"""B"" Camshaft Profile Control Circuit/Open",System: Fuel and Air Metering. Source: SAE J2012 / ISO 15031. This code is classified as Critical-level severity within the Powertrain category.,Powertrain,Generic,Critical
P002E,"""B"" Camshaft Profile Control Circuit Low",System: Fuel and Air Metering. Source: SAE J2012 / ISO 15031. This code is classified as Warning-level severity within the Powertrain category.,Powertrain,Generic,Warning
P002F,"""B"" Camshaft Profile Control Circuit High",System: Fuel and Air Metering. Source: SAE J2012 / ISO 15031. This code is classified as Warning-level severity within the Powertrain category.,Powertrain,Generic,Warning
P0030,HO2S Heater Control Circuit,System: Fuel and Air Metering. Source: SAE J2012 / ISO 15031. This code is classified as Info-level severity within the Powertrain category.,Powertrain,Generic,Info
P0031,HO2S Heater Control Circuit Low,System: Fuel and Air Metering. Source: SAE J2012 / ISO 15031. This code is classified as Warning-level severity within the Powertrain category.,Powertrain,Generic,Warning
P0032,HO2S Heater Control Circuit High,System: Fuel and Air Metering. Source: SAE J2012 / ISO 15031. This code is classified as Warning-level severity within the Powertrain category.,Powertrain,Generic,Warning
P0033,Turbocharger/Supercharger Bypass Valve Control Circuit,System: Fuel and Air Metering. Source: SAE J2012 / ISO 15031. This code is classified as Info-level severity within the Powertrain category.,Powertrain,Generic,Info
P0034,Turbocharger/Supercharger Bypass Valve Control Circuit Low,System: Fuel and Air Metering. Source: SAE J2012 / ISO 15031. This code is classified as Warning-level severity within the Powertrain category.,Powertrain,Generic,Warning
P0035,Turbocharger/Supercharger Bypass Valve Control Circuit High,System: Fuel and Air Metering. Source: SAE J2012 / ISO 15031. This code is classified as Warning-level severity within the Powertrain category.,Powertrain,Generic,Warning
P0036,HO2S Heater Control Circuit,System: Fuel and Air Metering. Source: SAE J2012 / ISO 15031. This code is classified as Info-level severity within the Powertrain category.,Powertrain,Generic,Info
P0037,HO2S Heater Control Circuit Low,System: Fuel and Air Metering. Source: SAE J2012 / ISO 15031. This code is classified as Warning-level severity within the Powertrain category.,Powertrain,Generic,Warning
P0038,HO2S Heater Control Circuit High,System: Fuel and Air Metering. Source: SAE J2012 / ISO 15031. This code is classified as Warning-level severity within the Powertrain category.,Powertrain,Generic,Warning
P0039,Turbocharger/Supercharger Bypass Valve Control Circuit,System: Fuel and Air Metering. Source: SAE J2012 / ISO 15031. This code is classified as Info-level severity within the Powertrain category.,Powertrain,Generic,Info
P003A,"Turbocharger/Supercharger Boost Control ""A"" Position Exceeded",System: Fuel and Air Metering. Source: SAE J2012 / ISO 15031. This code is classified as Warning-level severity within the Powertrain category.,Powertrain,Generic,Warning
P003B,"Turbocharger/Supercharger Boost Control ""B"" Position Exceeded",System: Fuel and Air Metering. Source: SAE J2012 / ISO 15031. This code is classified as Warning-level severity within the Powertrain category.,Powertrain,Generic,Warning
P003C,"""A"" Camshaft Profile Control Performance/Stuck Off",System: Fuel and Air Metering. Source: SAE J2012 / ISO 15031. This code is classified as Critical-level severity within the Powertrain category.,Powertrain,Generic,Critical
P003D,"""A"" Camshaft Profile Control Stuck On",System: Fuel and Air Metering. Source: SAE J2012 / ISO 15031. This code is classified as Critical-level severity within the Powertrain category.,Powertrain,Generic,Critical
P003E,"""A"" Camshaft Profile Control Performance/Stuck Off",System: Fuel and Air Metering. Source: SAE J2012 / ISO 15031. This code is classified as Critical-level severity within the Powertrain category.,Powertrain,Generic,Critical
P003F,"""A"" Camshaft Profile Control Stuck On",System: Fuel and Air Metering. Source: SAE J2012 / ISO 15031. This code is classified as Critical-level severity within the Powertrain category.,Powertrain,Generic,Critical
P0040,O2 Sensor Signals Swapped Bank 1 Sensor 1/Bank 2 Sensor 1,System: Fuel and Air Metering. Source: SAE J2012 / ISO 15031. This code is classified as Info-level severity within the Powertrain category.,Powertrain,Generic,Info
P0041,O2 Sensor Signals Swapped Bank 1 Sensor 2/Bank 2 Sensor 2,System: Fuel and Air Metering. Source: SAE J2012 / ISO 15031. This code is classified as Info-level severity within the Powertrain category.,Powertrain,Generic,Info
P0042,HO2S Heater Control Circuit,System: Fuel and Air Metering. Source: SAE J2012 / ISO 15031. This code is classified as Info-level severity within the Powertrain category.,Powertrain,Generic,Info
P0043,HO2S Heater Control Circuit Low,System: Fuel and Air Metering. Source: SAE J2012 / ISO 15031. This code is classified as Warning-level severity within the Powertrain category.,Powertrain,Generic,Warning
P0044,HO2S Heater Control Circuit High,System: Fuel and Air Metering. Source: SAE J2012 / ISO 15031. This code is classified as Warning-level severity within the Powertrain category.,Powertrain,Generic,Warning
P0045,"Turbocharger/Supercharger Boost Control ""A"" Circuit/Open",System: Fuel and Air Metering. Source: SAE J2012 / ISO 15031. This code is classified as Critical-level severity within the Powertrain category.,Powertrain,Generic,Critical
P0046,"Turbocharger/Supercharger Boost Control ""A"" Circuit",System: Fuel and Air Metering. Source: SAE J2012 / ISO 15031. This code is classified as Info-level severity within the Powertrain category.,Powertrain,Generic,Info
P0047,"Turbocharger/Supercharger Boost Control ""A"" Circuit Low",System: Fuel and Air Metering. Source: SAE J2012 / ISO 15031. This code is classified as Warning-level severity within the Powertrain category.,Powertrain,Generic,Warning
P0048,"Turbocharger/Supercharger Boost Control ""A"" Circuit High",System: Fuel and Air Metering. Source: SAE J2012 / ISO 15031. This code is classified as Warning-level severity within the Powertrain category.,Powertrain,Generic,Warning
P0049,Turbocharger/Supercharger Turbine Overspeed,System: Fuel and Air Metering. Source: SAE J2012 / ISO 15031. This code is classified as Critical-level severity within the Powertrain category.,Powertrain,Generic,Critical
P004A,"Turbocharger/Supercharger Boost Control ""B"" Circuit/Open",System: Fuel and Air Metering. Source: SAE J2012 / ISO 15031. This code is classified as Critical-level severity within the Powertrain category.,Powertrain,Generic,Critical
P004B,"Turbocharger/Supercharger Boost Control ""B"" Circuit",System: Fuel and Air Metering. Source: SAE J2012 / ISO 15031. This code is classified as Info-level severity within the Powertrain category.,Powertrain,Generic,Info
P004C,"Turbocharger/Supercharger Boost Control ""B"" Circuit Low",System: Fuel and Air Metering. Source: SAE J2012 / ISO 15031. This code is classified as Warning-level severity within the Powertrain category.,Powertrain,Generic,Warning
P004D,"Turbocharger/Supercharger Boost Control ""B"" Circuit High",System: Fuel and Air Metering. Source: SAE J2012 / ISO 15031. This code is classified as Warning-level severity within the Powertrain category.,Powertrain,Generic,Warning
P004E,"Turbocharger/Supercharger Boost Control ""A"" Circuit",System: Fuel and Air Metering. Source: SAE J2012 / ISO 15031. This code is classified as Info-level severity within the Powertrain category.,Powertrain,Generic,Info
P004F,"Turbocharger/Supercharger Boost Control ""B"" Circuit",System: Fuel and Air Metering. Source: SAE J2012 / ISO 15031. This code is classified as Info-level severity within the Powertrain category.,Powertrain,Generic,Info
P0050,HO2S Heater Control Circuit,System: Fuel and Air Metering. Source: SAE J2012 / ISO 15031. This code is classified as Info-level severity within the Powertrain category.,Powertrain,Generic,Info
P0051,HO2S Heater Control Circuit Low,System: Fuel and Air Metering. Source: SAE J2012 / ISO 15031. This code is classified as Warning-level severity within the Powertrain category.,Powertrain,Generic,Warning
P0052,HO2S Heater Control Circuit High,System: Fuel and Air Metering. Source: SAE J2012 / ISO 15031. This code is classified as Warning-level severity within the Powertrain category.,Powertrain,Generic,Warning
P0053,HO2S Heater Resistance,System: Fuel and Air Metering. Source: SAE J2012 / ISO 15031. This code is classified as Info-level severity within the Powertrain category.,Powertrain,Generic,Info
P0054,HO2S Heater Resistance,System: Fuel and Air Metering. Source: SAE J2012 / ISO 15031. This code is classified as Info-level severity within the Powertrain category.,Powertrain,Generic,Info
P0055,HO2S Heater Resistance,System: Fuel and Air Metering. Source: SAE J2012 / ISO 15031. This code is classified as Info-level severity within the Powertrain category.,Powertrain,Generic,Info
P0056,HO2S Heater Control Circuit,System: Fuel and Air Metering. Source: SAE J2012 / ISO 15031. This code is classified as Info-level severity within the Powertrain category.,Powertrain,Generic,Info
P0057,HO2S Heater Control Circuit Low,System: Fuel and Air Metering. Source: SAE J2012 / ISO 15031. This code is classified as Warning-level severity within the Powertrain category.,Powertrain,Generic,Warning
P0058,HO2S Heater Control Circuit High,System: Fuel and Air Metering. Source: SAE J2012 / ISO 15031. This code is classified as Warning-level severity within the Powertrain category.,Powertrain,Generic,Warning
P0059,HO2S Heater Resistance,System: Fuel and Air Metering. Source: SAE J2012 / ISO 15031. This code is classified as Info-level severity within the Powertrain category.,Powertrain,Generic,Info
P005A,"""B"" Camshaft Profile Control Performance/Stuck Off",System: Fuel and Air Metering. Source: SAE J2012 / ISO 15031. This code is classified as Critical-level severity within the Powertrain category.,Powertrain,Generic,Critical
P005B,"""B"" Camshaft Profile Control Stuck On",System: Fuel and Air Metering. Source: SAE J2012 / ISO 15031. This code is classified as Critical-level severity within the Powertrain category.,Powertrain,Generic,Critical
P005C,"""B"" Camshaft Profile Control Performance/Stuck Off",System: Fuel and Air Metering. Source: SAE J2012 / ISO 15031. This code is classified as Critical-level severity within the Powertrain category.,Powertrain,Generic,Critical
P005D,"""B"" Camshaft Profile Control Stuck On",System: Fuel and Air Metering. Source: SAE J2012 / ISO 15031. This code is classified as Critical-level severity within the Powertrain category.,Powertrain,Generic,Critical
P005E,"Turbocharger/Supercharger Boost Control ""B"" Supply Voltage",System: Fuel and Air Metering. Source: SAE J2012 / ISO 15031. This code is classified as Info-level severity within the Powertrain category.,Powertrain,Generic,Info
P005F,"Turbocharger/Supercharger Boost Control ""B"" Supply Voltage",System: Fuel and Air Metering. Source: SAE J2012 / ISO 15031. This code is classified as Info-level severity within the Powertrain category.,Powertrain,Generic,Info
P0060,HO2S Heater Resistance,System: Fuel and Air Metering. Source: SAE J2012 / ISO 15031. This code is classified as Info-level severity within the Powertrain category.,Powertrain,Generic,Info
P0061,HO2S Heater Resistance,System: Fuel and Air Metering. Source: SAE J2012 / ISO 15031. This code is classified as Info-level severity within the Powertrain category.,Powertrain,Generic,Info
P0062,HO2S Heater Control Circuit,System: Fuel and Air Metering. Source: SAE J2012 / ISO 15031. This code is classified as Info-level severity within the Powertrain category.,Powertrain,Generic,Info
P0063,HO2S Heater Control Circuit Low,System: Fuel and Air Metering. Source: SAE J2012 / ISO 15031. This code is classified as Warning-level severity within the Powertrain category.,Powertrain,Generic,Warning
P0064,HO2S Heater Control Circuit High,System: Fuel and Air Metering. Source: SAE J2012 / ISO 15031. This code is classified as Warning-level severity within the Powertrain category.,Powertrain,Generic,Warning
P0065,Air Assisted Injector Control Range/Performance,System: Fuel and Air Metering. Source: SAE J2012 / ISO 15031. This code is classified as Warning-level severity within the Powertrain category.,Powertrain,Generic,Warning
P0066,Air Assisted Injector Control Circuit or Circuit Low,System: Fuel and Air Metering. Source: SAE J2012 / ISO 15031. This code is classified as Warning-level severity within the Powertrain category.,Powertrain,Generic,Warning
P0067,Air Assisted Injector Control Circuit High,System: Fuel and Air Metering. Source: SAE J2012 / ISO 15031. This code is classified as Warning-level severity within the Powertrain category.,Powertrain,Generic,Warning
P0068,MAP/MAF - Throttle Position Correlation,System: Fuel and Air Metering. Source: SAE J2012 / ISO 15031. This code is classified as Warning-level severity within the Powertrain category.,Powertrain,Generic,Warning
P0069,Manifold Absolute Pressure - Barometric Pressure Correlation,System: Fuel and Air Metering. Source: SAE J2012 / ISO 15031. This code is classified as Warning-level severity within the Powertrain category.,Powertrain,Generic,Warning
P006A,MAP - Mass or Volume Air Flow Correlation,System: Fuel and Air Metering. Source: SAE J2012 / ISO 15031. This code is classified as Warning-level severity within the Powertrain category.,Powertrain,Generic,Warning
P006B,MAP - Exhaust Pressure Correlation,System: Fuel and Air Metering. Source: SAE J2012 / ISO 15031. This code is classified as Warning-level severity within the Powertrain category.,Powertrain,Generic,Warning
P006C,MAP - Turbocharger/Supercharger Inlet Pressure Correlation,System: Fuel and Air Metering. Source: SAE J2012 / ISO 15031. This code is classified as Warning-level severity within the Powertrain category.,Powertrain,Generic,Warning
P006D,Barometric Pressure - Turbocharger/Supercharger Inlet Pressure,System: Fuel and Air Metering. Source: SAE J2012 / ISO 15031. This code is classified as Info-level severity within the Powertrain category.,Powertrain,Generic,Info
P006E,"Turbocharger/Supercharger Boost Control ""A"" Supply Voltage",System: Fuel and Air Metering. Source: SAE J2012 / ISO 15031. This code is classified as Info-level severity within the Powertrain category.,Powertrain,Generic,Info
P006F,"Turbocharger/Supercharger Boost Control ""A"" Supply Voltage",System: Fuel and Air Metering. Source: SAE J2012 / ISO 15031. This code is classified as Info-level severity within the Powertrain category.,Powertrain,Generic,Info
P0070,Ambient Air Temperature Sensor Circuit,System: Fuel and Air Metering. Source: SAE J2012 / ISO 15031. This code is classified as Info-level severity within the Powertrain category.,Powertrain,Generic,Info
P0071,Ambient Air Temperature Sensor Range/Performance,System: Fuel and Air Metering. Source: SAE J2012 / ISO 15031. This code is classified as Warning-level severity within the Powertrain category.,Powertrain,Generic,Warning
P0072,Ambient Air Temperature Sensor Circuit Low,System: Fuel and Air Metering. Source: SAE J2012 / ISO 15031. This code is classified as Warning-level severity within the Powertrain category.,Powertrain,Generic,Warning
P0073,Ambient Air Temperature Sensor Circuit High,System: Fuel and Air Metering. Source: SAE J2012 / ISO 15031. This code is classified as Warning-level severity within the Powertrain category.,Powertrain,Generic,Warning
P0074,Ambient Air Temperature Sensor Circuit Intermittent,System: Fuel and Air Metering. Source: SAE J2012 / ISO 15031. This code is classified as Warning-level severity within the Powertrain category.,Powertrain,Generic,Warning
P0075,Intake Valve Control Solenoid Circuit,System: Fuel and Air Metering. Source: SAE J2012 / ISO 15031. This code is classified as Info-level severity within the Powertrain category.,Powertrain,Generic,Info
P0076,Intake Valve Control Solenoid Circuit Low,System: Fuel and Air Metering. Source: SAE J2012 / ISO 15031. This code is classified as Warning-level severity within the Powertrain category.,Powertrain,Generic,Warning
P0077,Intake Valve Control Solenoid Circuit High,System: Fuel and Air Metering. Source: SAE J2012 / ISO 15031. This code is classified as Warning-level severity within the Powertrain category.,Powertrain,Generic,Warning
P0078,Exhaust Valve Control Solenoid Circuit,System: Fuel and Air Metering. Source: SAE J2012 / ISO 15031. This code is classified as Info-level severity within the Powertrain category.,Powertrain,Generic,Info
P0079,Exhaust Valve Control Solenoid Circuit Low,System: Fuel and Air Metering. Source: SAE J2012 / ISO 15031. This code is classified as Warning-level severity within the Powertrain category.,Powertrain,Generic,Warning
P007A,Charge Air Cooler Temperature Sensor Circuit,System: Fuel and Air Metering. Source: SAE J2012 / ISO 15031. This code is classified as Info-level severity within the Powertrain category.,Powertrain,Generic,Info
P007B,Charge Air Cooler Temperature Sensor Circuit,System: Fuel and Air Metering. Source: SAE J2012 / ISO 15031. This code is classified as Info-level severity within the Powertrain category.,Powertrain,Generic,Info
P007C,Charge Air Cooler Temperature Sensor Circuit Low,System: Fuel and Air Metering. Source: SAE J2012 / ISO 15031. This code is classified as Warning-level severity within the Powertrain category.,Powertrain,Generic,Warning
P007D,Charge Air Cooler Temperature Sensor Circuit High,System: Fuel and Air Metering. Source: SAE J2012 / ISO 15031. This code is classified as Warning-level severity within the Powertrain category.,Powertrain,Generic,Warning
P007E,Charge Air Cooler Temperature Sensor Circuit Intermittent/Erratic,System: Fuel and Air Metering. Source: SAE J2012 / ISO 15031. This code is classified as Warning-level severity within the Powertrain category.,Powertrain,Generic,Warning
P007F,Charge Air Cooler Temperature Sensor Bank1/Bank2 Correlation,System: Fuel and Air Metering. Source: SAE J2012 / ISO 15031. This code is classified as Warning-level severity within the Powertrain category.,Powertrain,Generic,Warning
P0080,Exhaust Valve Control Solenoid Circuit High,System: Fuel and Air Metering. Source: SAE J2012 / ISO 15031. This code is classified as Warning-level severity within the Powertrain category.,Powertrain,Generic,Warning
P0081,Intake Valve Control Solenoid Circuit,System: Fuel and Air Metering. Source: SAE J2012 / ISO 15031. This code is classified as Info-level severity within the Powertrain category.,Powertrain,Generic,Info
P0082,Intake Valve Control Solenoid Circuit Low,System: Fuel and Air Metering. Source: SAE J2012 / ISO 15031. This code is classified as Warning-level severity within the Powertrain category.,Powertrain,Generic,Warning
P0083,Intake Valve Control Solenoid Circuit High,System: Fuel and Air Metering. Source: SAE J2012 / ISO 15031. This code is classified as Warning-level severity within the Powertrain category.,Powertrain,Generic,Warning
P0084,Exhaust Valve Control Solenoid Circuit,System: Fuel and Air Metering. Source: SAE J2012 / ISO 15031. This code is classified as Info-level severity within the Powertrain category.,Powertrain,Generic,Info
P0085,Exhaust Valve Control Solenoid Circuit Low,System: Fuel and Air Metering. Source: SAE J2012 / ISO 15031. This code is classified as Warning-level severity within the Powertrain category.,Powertrain,Generic,Warning
P0086,Exhaust Valve Control Solenoid Circuit High,System: Fuel and Air Metering. Source: SAE J2012 / ISO 15031. This code is classified as Warning-level severity within the Powertrain category.,Powertrain,Generic,Warning
P0087,Fuel Rail/System Pressure - Too Low,System: Fuel and Air Metering. Source: SAE J2012 / ISO 15031. This code is classified as Warning-level severity within the Powertrain category.,Powertrain,Generic,Warning
P0088,Fuel Rail/System Pressure - Too High,System: Fuel and Air Metering. Source: SAE J2012 / ISO 15031. This code is classified as Warning-level severity within the Powertrain category.,Powertrain,Generic,Warning
P0089,Fuel Pressure Regulator 1 Performance,System: Fuel and Air Metering. Source: SAE J2012 / ISO 15031. This code is classified as Warning-level severity within the Powertrain category.,Powertrain,Generic,Warning
P008A,Low Pressure Fuel System Pressure - Too Low,System: Fuel and Air Metering. Source: SAE J2012 / ISO 15031. This code is classified as Warning-level severity within the Powertrain category.,Powertrain,Generic,Warning
P008B,Low Pressure Fuel System Pressure - Too High,System: Fuel and Air Metering. Source: SAE J2012 / ISO 15031. This code is classified as Warning-level severity within the Powertrain category.,Powertrain,Generic,Warning
P008C,Fuel Cooler Pump Control Circuit/Open,System: Fuel and Air Metering. Source: SAE J2012 / ISO 15031. This code is classified as Critical-level severity within the Powertrain category.,Powertrain,Generic,Critical
P008D,Fuel Cooler Pump Control Circuit Low,System: Fuel and Air Metering. Source: SAE J2012 / ISO 15031. This code is classified as Warning-level severity within the Powertrain category.,Powertrain,Generic,Warning
P008E,Fuel Cooler Pump Control Circuit High,System: Fuel and Air Metering. Source: SAE J2012 / ISO 15031. This code is classified as Warning-level severity within the Powertrain category.,Powertrain,Generic,Warning
P008F,Engine Coolant Temperature/Fuel Temperature Correlation,System: Fuel and Air Metering. Source: SAE J2012 / ISO 15031. This code is classified as Warning-level severity within the Powertrain category.,Powertrain,Generic,Warning
P0090,Fuel Pressure Regulator 1 Control Circuit/Open,System: Fuel and Air Metering. Source: SAE J2012 / ISO 15031. This code is classified as Critical-level severity within the Powertrain category.,Powertrain,Generic,Critical
P0091,Fuel Pressure Regulator 1 Control Circuit Low,System: Fuel and Air Metering. Source: SAE J2012 / ISO 15031. This code is classified as Warning-level severity within the Powertrain category.,Powertrain,Generic,Warning
P0092,Fuel Pressure Regulator 1 Control Circuit High,System: Fuel and Air Metering. Source: SAE J2012 / ISO 15031. This code is classified as Warning-level severity within the Powertrain category.,Powertrain,Generic,Warning
P0093,Fuel System Leak Detected - Large Leak,System: Fuel and Air Metering. Source: SAE J2012 / ISO 15031. This code is classified as Critical-level severity within the Powertrain category.,Powertrain,Generic,Critical
P0094,Fuel System Leak Detected - Small Leak,System: Fuel and Air Metering. Source: SAE J2012 / ISO 15031. This code is classified as Critical-level severity within the Powertrain category.,Powertrain,Generic,Critical
P0095,Intake Air Temperature Sensor 2 Circuit,System: Fuel and Air Metering. Source: SAE J2012 / ISO 15031. This code is classified as Info-level severity within the Powertrain category.,Powertrain,Generic,Info
P0096,Intake Air Temperature Sensor 2 Circuit Range/Performance,System: Fuel and Air Metering. Source: SAE J2012 / ISO 15031. This code is classified as Warning-level severity within the Powertrain category.,Powertrain,Generic,Warning
P0097,Intake Air Temperature Sensor 2 Circuit Low,System: Fuel and Air Metering. Source: SAE J2012 / ISO 15031. This code is classified as Warning-level severity within the Powertrain category.,Powertrain,Generic,Warning
P0098,Intake Air Temperature Sensor 2 Circuit High,System: Fuel and Air Metering. Source: SAE J2012 / ISO 15031. This code is classified as Warning-level severity within the Powertrain category.,Powertrain,Generic,Warning
P0099,Intake Air Temperature Sensor 2 Circuit Intermittent/Erratic,System: Fuel and Air Metering. Source: SAE J2012 / ISO 15031. This code is classified as Warning-level severity within the Powertrain category.,Powertrain,Generic,Warning
P009A,Intake Air Temperature/Ambient Air Temperature Correlation,System: Fuel and Air Metering. Source: SAE J2012 / ISO 15031. This code is classified as Warning-level severity within the Powertrain category.,Powertrain,Generic,Warning
P009B,Fuel Pressure Relief Control Circuit/Open,System: Fuel and Air Metering. Source: SAE J2012 / ISO 15031. This code is classified as Critical-level severity within the Powertrain category.,Powertrain,Generic,Critical
P009C,Fuel Pressure Relief Control Circuit Low,System: Fuel and Air Metering. Source: SAE J2012 / ISO 15031. This code is classified as Warning-level severity within the Powertrain category.,Powertrain,Generic,Warning
P009D,Fuel Pressure Relief Control Circuit High,System: Fuel and Air Metering. Source: SAE J2012 / ISO 15031. This code is classified as Warning-level severity within the Powertrain category.,Powertrain,Generic,Warning
P009E,Fuel Pressure Relief Control Performance/Stuck Off,System: Fuel and Air Metering. Source: SAE J2012 / ISO 15031. This code is classified as Critical-level severity within the Powertrain category.,Powertrain,Generic,Critical
P009F,Fuel Pressure Relief Control Stuck On,System: Fuel and Air Metering. Source: SAE J2012 / ISO 15031. This code is classified as Critical-level severity within the Powertrain category.,Powertrain,Generic,Critical
P00A0,Charge Air Cooler Temperature Sensor Circuit,System: Fuel and Air Metering. Source: SAE J2012 / ISO 15031. This code is classified as Info-level severity within the Powertrain category.,Powertrain,Generic,Info
P00A1,Charge Air Cooler Temperature Sensor Circuit,System: Fuel and Air Metering. Source: SAE J2012 / ISO 15031. This code is classified as Info-level severity within the Powertrain category.,Powertrain,Generic,Info
P00A2,Charge Air Cooler Temperature Sensor Circuit Low,System: Fuel and Air Metering. Source: SAE J2012 / ISO 15031. This code is classified as Warning-level severity within the Powertrain category.,Powertrain,Generic,Warning
P00A3,Charge Air Cooler Temperature Sensor Circuit High,System: Fuel and Air Metering. Source: SAE J2012 / ISO 15031. This code is classified as Warning-level severity within the Powertrain category.,Powertrain,Generic,Warning
P00A4,Charge Air Cooler Temperature Sensor Circuit Intermittent/Erratic,System: Fuel and Air Metering. Source: SAE J2012 / ISO 15031. This code is classified as Warning-level severity within the Powertrain category.,Powertrain,Generic,Warning
P00A5,Intake Air Temperature Sensor 2 Circuit,System: Fuel and Air Metering. Source: SAE J2012 / ISO 15031. This code is classified as Info-level severity within the Powertrain category.,Powertrain,Generic,Info
P00A6,Intake Air Temperature Sensor 2 Circuit Range/Performance,System: Fuel and Air Metering. Source: SAE J2012 / ISO 15031. This code is classified as Warning-level severity within the Powertrain category.,Powertrain,Generic,Warning
P00A7,Intake Air Temperature Sensor 2 Circuit Low,System: Fuel and Air Metering. Source: SAE J2012 / ISO 15031. This code is classified as Warning-level severity within the Powertrain category.,Powertrain,Generic,Warning
P00A8,Intake Air Temperature Sensor 2 Circuit High,System: Fuel and Air Metering. Source: SAE J2012 / ISO 15031. This code is classified as Warning-level severity within the Powertrain category.,Powertrain,Generic,Warning
P00A9,Intake Air Temperature Sensor 2 Circuit Intermittent/Erratic,System: Fuel and Air Metering. Source: SAE J2012 / ISO 15031. This code is classified as Warning-level severity within the Powertrain category.,Powertrain,Generic,Warning
P00AA,Intake Air Temperature Sensor 1 Circuit,System: Fuel and Air Metering. Source: SAE J2012 / ISO 15031. This code is classified as Info-level severity within the Powertrain category.,Powertrain,Generic,Info
P00AB,Intake Air Temperature Sensor 1 Circuit Range/Performance,System: Fuel and Air Metering. Source: SAE J2012 / ISO 15031. This code is classified as Warning-level severity within the Powertrain category.,Powertrain,Generic,Warning
P00AC,Intake Air Temperature Sensor 1 Circuit Low,System: Fuel and Air Metering. Source: SAE J2012 / ISO 15031. This code is classified as Warning-level severity within the Powertrain category.,Powertrain,Generic,Warning
P00AD,Intake Air Temperature Sensor 1 Circuit High,System: Fuel and Air Metering. Source: SAE J2012 / ISO 15031. This code is classified as Warning-level severity within the Powertrain category.,Powertrain,Generic,Warning
P00AE,Intake Air Temperature Sensor 1 Circuit Intermittent,System: Fuel and Air Metering. Source: SAE J2012 / ISO 15031. This code is classified as Warning-level severity within the Powertrain category.,Powertrain,Generic,Warning
P00AF,"Turbocharger/Supercharger Boost Control ""A"" Module",System: Fuel and Air Metering. Source: SAE J2012 / ISO 15031. This code is classified as Info-level severity within the Powertrain category.,Powertrain,Generic,Info
P00B0,"Turbocharger/Supercharger Boost Control ""B"" Module",System: Fuel and Air Metering. Source: SAE J2012 / ISO 15031. This code is classified as Info-level severity within the Powertrain category.,Powertrain,Generic,Info
P00B1,Radiator Coolant Temperature Sensor Circuit,System: Fuel and Air Metering. Source: SAE J2012 / ISO 15031. This code is classified as Info-level severity within the Powertrain category.,Powertrain,Generic,Info
P00B2,Radiator Coolant Temperature Sensor Circuit Range/Performance,System: Fuel and Air Metering. Source: SAE J2012 / ISO 15031. This code is classified as Warning-level severity within the Powertrain category.,Powertrain,Generic,Warning
P00B3,Radiator Coolant Temperature Sensor Circuit Low,System: Fuel and Air Metering. Source: SAE J2012 / ISO 15031. This code is classified as Warning-level severity within the Powertrain category.,Powertrain,Generic,Warning
P00B4,Radiator Coolant Temperature Sensor Circuit High,System: Fuel and Air Metering. Source: SAE J2012 / ISO 15031. This code is classified as Warning-level severity within the Powertrain category.,Powertrain,Generic,Warning
P00B5,Radiator Coolant Temperature Sensor Circuit Intermittent/Erratic,System: Fuel and Air Metering. Source: SAE J2012 / ISO 15031. This code is classified as Warning-level severity within the Powertrain category.,Powertrain,Generic,Warning
P00B6,Radiator Coolant Temperature/Engine Coolant Temperature,System: Fuel and Air Metering. Source: SAE J2012 / ISO 15031. This code is classified as Info-level severity within the Powertrain category.,Powertrain,Generic,Info
P00B7,Engine Coolant Flow Low/Performance,System: Fuel and Air Metering. Source: SAE J2012 / ISO 15031. This code is classified as Warning-level severity within the Powertrain category.,Powertrain,Generic,Warning
P00B8,MAP - Mass or Volume Air Flow Correlation,System: Fuel and Air Metering. Source: SAE J2012 / ISO 15031. This code is classified as Warning-level severity within the Powertrain category.,Powertrain,Generic,Warning
P00B9,Low Pressure Fuel System Pressure - Too Lo,System: Fuel and Air Metering. Source: SAE J2012 / ISO 15031. This code is classified as Warning-level severity within the Powertrain category.,Powertrain,Generic,Warning
P00BB,Fuel Injector Insufficient Flow - Forced Limited Power,System: Fuel and Air Metering. Source: SAE J2012 / ISO 15031. This code is classified as Critical-level severity within the Powertrain category.,Powertrain,Generic,Critical
P00BC,"Mass or Volume Air Flow ""A"" Circuit Range/Performance - Air",System: Fuel and Air Metering. Source: SAE J2012 / ISO 15031. This code is classified as Warning-level severity within the Powertrain category.,Powertrain,Generic,Warning
P00BD,"Mass or Volume Air Flow ""A"" Circuit Range/Performance - Air",System: Fuel and Air Metering. Source: SAE J2012 / ISO 15031. This code is classified as Warning-level severity within the Powertrain category.,Powertrain,Generic,Warning
P00BE,"Mass or Volume Air Flow ""B"" Circuit Range/Performance - Air",System: Fuel and Air Metering. Source: SAE J2012 / ISO 15031. This code is classified as Warning-level severity within the Powertrain category.,Powertrain,Generic,Warning
P00BF,"Mass or Volume Air Flow ""B"" Circuit Range/Performance - Air",System: Fuel and Air Metering. Source: SAE J2012 / ISO 15031. This code is classified as Warning-level severity within the Powertrain category.,Powertrain,Generic,Warning
P0100,"Mass or Volume Air Flow ""A"" Circuit",System: Fuel and Air Metering. Source: SAE J2012 / ISO 15031. This code is classified as Warning-level severity within the Powertrain category.,Powertrain,Generic,Warning
P0101,Mass air flow (MAF) Circuit Range/Performance,System: Fuel and Air Metering. Source: SAE J2012 / ISO 15031. This code is classified as Warning-level severity within the Powertrain category.,Powertrain,Generic,Warning
P0102,"Mass or Volume Air Flow ""A"" Circuit Low",System: Fuel and Air Metering. Source: SAE J2012 / ISO 15031. This code is classified as Warning-level severity within the Powertrain category.,Powertrain,Generic,Warning
P0103,"Mass or Volume Air Flow ""A"" Circuit High",System: Fuel and Air Metering. Source: SAE J2012 / ISO 15031. This code is classified as Warning-level severity within the Powertrain category.,Powertrain,Generic,Warning
P0104,"Mass or Volume Air Flow ""A"" Circuit Intermittent",System: Fuel and Air Metering. Source: SAE J2012 / ISO 15031. This code is classified as Warning-level severity within the Powertrain category.,Powertrain,Generic,Warning
P0105,Manifold Absolute Pressure/Barometric Pressure Circuit,System: Fuel and Air Metering. Source: SAE J2012 / ISO 15031. This code is classified as Info-level severity within the Powertrain category.,Powertrain,Generic,Info
P0106,Manifold Absolute Pressure/Barometric Pressure Circuit,System: Fuel and Air Metering. Source: SAE J2012 / ISO 15031. This code is classified as Info-level severity within the Powertrain category.,Powertrain,Generic,Info
P0107,Manifold Absolute Pressure/Barometric Pressure Circuit Low,System: Fuel and Air Metering. Source: SAE J2012 / ISO 15031. This code is classified as Warning-level severity within the Powertrain category.,Powertrain,Generic,Warning
P0108,Manifold Absolute Pressure/Barometric Pressure Circuit High,System: Fuel and Air Metering. Source: SAE J2012 / ISO 15031. This code is classified as Warning-level severity within the Powertrain category.,Powertrain,Generic,Warning
P0109,Manifold Absolute Pressure/Barometric Pressure Circuit Intermittent,System: Fuel and Air Metering. Source: SAE J2012 / ISO 15031. This code is classified as Warning-level severity within the Powertrain category.,Powertrain,Generic,Warning
P010A,"Mass or Volume Air Flow ""B"" Circuit",System: Fuel and Air Metering. Source: SAE J2012 / ISO 15031. This code is classified as Warning-level severity within the Powertrain category.,Powertrain,Generic,Warning
P010B,"Mass or Volume Air Flow ""B"" Circuit Range/Performance",System: Fuel and Air Metering. Source: SAE J2012 / ISO 15031. This code is classified as Warning-level severity within the Powertrain category.,Powertrain,Generic,Warning
P010C,"Mass or Volume Air Flow ""B"" Circuit Low",System: Fuel and Air Metering. Source: SAE J2012 / ISO 15031. This code is classified as Warning-level severity within the Powertrain category.,Powertrain,Generic,Warning
P010D,"Mass or Volume Air Flow ""B"" Circuit High",System: Fuel and Air Metering. Source: SAE J2012 / ISO 15031. This code is classified as Warning-level severity within the Powertrain category.,Powertrain,Generic,Warning
P010E,"Mass or Volume Air Flow ""B"" Circuit Intermittent/Erratic",System: Fuel and Air Metering. Source: SAE J2012 / ISO 15031. This code is classified as Warning-level severity within the Powertrain category.,Powertrain,Generic,Warning
P010F,Mass or Volume Air Flow Sensor A/B Correlation,System: Fuel and Air Metering. Source: SAE J2012 / ISO 15031. This code is classified as Warning-level severity within the Powertrain category.,Powertrain,Generic,Warning
P0110,Intake Air Temperature Sensor 1 Circuit,System: Fuel and Air Metering. Source: SAE J2012 / ISO 15031. This code is classified as Info-level severity within the Powertrain category.,Powertrain,Generic,Info
P0111,Intake Air Temperature Sensor 1 Circuit Range/Performance,System: Fuel and Air Metering. Source: SAE J2012 / ISO 15031. This code is classified as Warning-level severity within the Powertrain category.,Powertrain,Generic,Warning
P0112,Intake Air Temperature Sensor 1 Circuit Low,System: Fuel and Air Metering. Source: SAE J2012 / ISO 15031. This code is classified as Warning-level severity within the Powertrain category.,Powertrain,Generic,Warning
P0113,Intake Air Temperature Circuit High Input (Sensor 1),System: Fuel and Air Metering. Source: SAE J2012 / ISO 15031. This code is classified as Warning-level severity within the Powertrain category.,Powertrain,Generic,Warning
P0114,Intake Air Temperature Sensor 1 Circuit Intermittent,System: Fuel and Air Metering. Source: SAE J2012 / ISO 15031. This code is classified as Warning-level severity within the Powertrain category.,Powertrain,Generic,Warning
P0115,Engine Coolant Temperature Sensor 1 Circuit,System: Fuel and Air Metering. Source: SAE J2012 / ISO 15031. This code is classified as Info-level severity within the Powertrain category.,Powertrain,Generic,Info
P0116,Engine Coolant Temperature Circuit Range/Performance Problem,System: Fuel and Air Metering. Source: SAE J2012 / ISO 15031. This code is classified as Warning-level severity within the Powertrain category.,Powertrain,Generic,Warning
P0117,Engine Coolant Temperature Sensor 1 Circuit Low,System: Fuel and Air Metering. Source: SAE J2012 / ISO 15031. This code is classified as Warning-level severity within the Powertrain category.,Powertrain,Generic,Warning
P0118,Engine Coolant Temperature Sensor 1 Circuit High,System: Fuel and Air Metering. Source: SAE J2012 / ISO 15031. This code is classified as Warning-level severity within the Powertrain category.,Powertrain,Generic,Warning
P0119,Engine Coolant Temperature Sensor 1 Circuit Intermittent,System: Fuel and Air Metering. Source: SAE J2012 / ISO 15031. This code is classified as Warning-level severity within the Powertrain category.,Powertrain,Generic,Warning
P011A,Engine Coolant Temperature Sensor 1/2 Correlation,System: Fuel and Air Metering. Source: SAE J2012 / ISO 15031. This code is classified as Warning-level severity within the Powertrain category.,Powertrain,Generic,Warning
P011B,Engine Coolant Temperature/Intake Air Temperature Correlation,System: Fuel and Air Metering. Source: SAE J2012 / ISO 15031. This code is classified as Warning-level severity within the Powertrain category.,Powertrain,Generic,Warning
P011C,Charge Air Temperature/Intake Air Temperature Correlation,System: Fuel and Air Metering. Source: SAE J2012 / ISO 15031. This code is classified as Warning-level severity within the Powertrain category.,Powertrain,Generic,Warning
P011D,Charge Air Temperature/Intake Air Temperature Correlation,System: Fuel and Air Metering. Source: SAE J2012 / ISO 15031. This code is classified as Warning-level severity within the Powertrain category.,Powertrain,Generic,Warning
P0120,"Throttle/Pedal Position Sensor/Switch ""A"" Circuit",System: Fuel and Air Metering. Source: SAE J2012 / ISO 15031. This code is classified as Info-level severity within the Powertrain category.,Powertrain,Generic,Info
P0121,"Throttle/Pedal Position Sensor/Switch ""A"" Circuit",System: Fuel and Air Metering. Source: SAE J2012 / ISO 15031. This code is classified as Info-level severity within the Powertrain category.,Powertrain,Generic,Info
P0122,"Throttle/Pedal Position Sensor/Switch ""A"" Circuit Low",System: Fuel and Air Metering. Source: SAE J2012 / ISO 15031. This code is classified as Warning-level severity within the Powertrain category.,Powertrain,Generic,Warning
P0123,Throttle/Pedal Position Sensor/Switch A Circuit High Input,System: Fuel and Air Metering. Source: SAE J2012 / ISO 15031. This code is classified as Warning-level severity within the Powertrain category.,Powertrain,Generic,Warning
P0124,"Throttle/Pedal Position Sensor/Switch ""A"" Circuit Intermittent",System: Fuel and Air Metering. Source: SAE J2012 / ISO 15031. This code is classified as Warning-level severity within the Powertrain category.,Powertrain,Generic,Warning
P0125,Insufficient Coolant Temperature for Closed Loop Operation,System: Fuel and Air Metering. Source: SAE J2012 / ISO 15031. This code is classified as Info-level severity within the Powertrain category.,Powertrain,Generic,Info
P0126,Insufficient Coolant Temperature for Stable Operation,System: Fuel and Air Metering. Source: SAE J2012 / ISO 15031. This code is classified as Info-level severity within the Powertrain category.,Powertrain,Generic,Info
P0127,Intake Air Temperature Too High,System: Fuel and Air Metering. Source: SAE J2012 / ISO 15031. This code is classified as Warning-level severity within the Powertrain category.,Powertrain,Generic,Warning
P0128,Coolant Thermostat (Coolant Temperature Below Thermostat Regulating Temperature),System: Fuel and Air Metering. Source: SAE J2012 / ISO 15031. This code is classified as Warning-level severity within the Powertrain category.,Powertrain,Generic,Warning
P0129,Barometric Pressure Too Low,System: Fuel and Air Metering. Source: SAE J2012 / ISO 15031. This code is classified as Warning-level severity within the Powertrain category.,Powertrain,Generic,Warning
P012A,Turbocharger/Supercharger Inlet Pressure Sensor Circuit,System: Fuel and Air Metering. Source: SAE J2012 / ISO 15031. This code is classified as Info-level severity within the Powertrain category.,Powertrain,Generic,Info
P012B,Turbocharger/Supercharger Inlet Pressure Sensor Circuit,System: Fuel and Air Metering. Source: SAE J2012 / ISO 15031. This code is classified as Info-level severity within the Powertrain category.,Powertrain,Generic,Info
P012C,Turbocharger/Supercharger Inlet Pressure Sensor Circuit Low,System: Fuel and Air Metering. Source: SAE J2012 / ISO 15031. This code is classified as Warning-level severity within the Powertrain category.,Powertrain,Generic,Warning
P012D,Turbocharger/Supercharger Inlet Pressure Sensor Circuit High,System: Fuel and Air Metering. Source: SAE J2012 / ISO 15031. This code is classified as Warning-level severity within the Powertrain category.,Powertrain,Generic,Warning
P012E,Turbocharger/Supercharger Inlet Pressure Sensor Circuit,System: Fuel and Air Metering. Source: SAE J2012 / ISO 15031. This code is classified as Info-level severity within the Powertrain category.,Powertrain,Generic,Info
P0130,O2 Sensor Circuit Malfunction (Bank 1 Sensor 1),System: Fuel and Air Metering. Source: SAE J2012 / ISO 15031. This code is classified as Critical-level severity within the Powertrain category.,Powertrain,Generic,Critical
P0131,O2 Sensor Circuit Low Voltage,System: Fuel and Air Metering. Source: SAE J2012 / ISO 15031. This code is classified as Warning-level severity within the Powertrain category.,Powertrain,Generic,Warning
P0132,O2 Sensor Circuit High Voltage (Bank 1 Sensor 1),System: Fuel and Air Metering. Source: SAE J2012 / ISO 15031. This code is classified as Warning-level severity within the Powertrain category.,Powertrain,Generic,Warning
P0133,O2 Sensor Circuit Slow Response,System: Fuel and Air Metering. Source: SAE J2012 / ISO 15031. This code is classified as Warning-level severity within the Powertrain category.,Powertrain,Generic,Warning
P0134,O2 Sensor Circuit No Activity Detected (Bank 1 Sensor 1),System: Fuel and Air Metering. Source: SAE J2012 / ISO 15031. This code is classified as Info-level severity within the Powertrain category.,Powertrain,Generic,Info
P0135,O2 Sensor Heater Circuit Malfunction (Bank 1 Sensor 1),System: Fuel and Air Metering. Source: SAE J2012 / ISO 15031. This code is classified as Critical-level severity within the Powertrain category.,Powertrain,Generic,Critical
P0136,O2 Sensor Circuit,System: Fuel and Air Metering. Source: SAE J2012 / ISO 15031. This code is classified as Info-level severity within the Powertrain category.,Powertrain,Generic,Info
P0137,O2 Sensor Circuit Low Voltage,System: Fuel and Air Metering. Source: SAE J2012 / ISO 15031. This code is classified as Warning-level severity within the Powertrain category.,Powertrain,Generic,Warning
P0138,O2 Sensor Circuit High Voltage,System: Fuel and Air Metering. Source: SAE J2012 / ISO 15031. This code is classified as Warning-level severity within the Powertrain category.,Powertrain,Generic,Warning
P0139,O2 Sensor Circuit Slow Response (Bank 1 Sensor 2),System: Fuel and Air Metering. Source: SAE J2012 / ISO 15031. This code is classified as Warning-level severity within the Powertrain category.,Powertrain,Generic,Warning
P013A,O2 Sensor Slow Response - Rich to Lean,System: Fuel and Air Metering. Source: SAE J2012 / ISO 15031. This code is classified as Warning-level severity within the Powertrain category.,Powertrain,Generic,Warning
P013B,O2 Sensor Slow Response - Lean to Rich,System: Fuel and Air Metering. Source: SAE J2012 / ISO 15031. This code is classified as Warning-level severity within the Powertrain category.,Powertrain,Generic,Warning
P013C,O2 Sensor Slow Response - Rich to Lean,System: Fuel and Air Metering. Source: SAE J2012 / ISO 15031. This code is classified as Warning-level severity within the Powertrain category.,Powertrain,Generic,Warning
P013D,O2 Sensor Slow Response - Lean to Rich,System: Fuel and Air Metering. Source: SAE J2012 / ISO 15031. This code is classified as Warning-level severity within the Powertrain category.,Powertrain,Generic,Warning
P013E,O2 Sensor Delayed Response - Rich to Lean,System: Fuel and Air Metering. Source: SAE J2012 / ISO 15031. This code is classified as Info-level severity within the Powertrain category.,Powertrain,Generic,Info
P013F,O2 Sensor Delayed Response - Lean to Rich,System: Fuel and Air Metering. Source: SAE J2012 / ISO 15031. This code is classified as Info-level severity within the Powertrain category.,Powertrain,Generic,Info
P0140,O2 Sensor Circuit No Activity Detected (Bank 2 Sensor 2),System: Fuel and Air Metering. Source: SAE J2012 / ISO 15031. This code is classified as Info-level severity within the Powertrain category.,Powertrain,Generic,Info
P0141,O2 Sensor Heater Circuit,System: Fuel and Air Metering. Source: SAE J2012 / ISO 15031. This code is classified as Info-level severity within the Powertrain category.,Powertrain,Generic,Info
P0142,O2 Sensor Circuit,System: Fuel and Air Metering. Source: SAE J2012 / ISO 15031. This code is classified as Info-level severity within the Powertrain category.,Powertrain,Generic,Info
P0143,O2 Sensor Circuit Low Voltage,System: Fuel and Air Metering. Source: SAE J2012 / ISO 15031. This code is classified as Warning-level severity within the Powertrain category.,Powertrain,Generic,Warning
P0144,O2 Sensor Circuit High Voltage,System: Fuel and Air Metering. Source: SAE J2012 / ISO 15031. This code is classified as Warning-level severity within the Powertrain category.,Powertrain,Generic,Warning
P0145,O2 Sensor Circuit Slow Response,System: Fuel and Air Metering. Source: SAE J2012 / ISO 15031. This code is classified as Warning-level severity within the Powertrain category.,Powertrain,Generic,Warning
P0146,O2 Sensor Circuit no Activity Detected,System: Fuel and Air Metering. Source: SAE J2012 / ISO 15031. This code is classified as Info-level severity within the Powertrain category.,Powertrain,Generic,Info
P0147,O2 Sensor Heater Circuit,System: Fuel and Air Metering. Source: SAE J2012 / ISO 15031. This code is classified as Info-level severity within the Powertrain category.,Powertrain,Generic,Info
P0148,Fuel Delivery Error,System: Fuel and Air Metering. Source: SAE J2012 / ISO 15031. This code is classified as Info-level severity within the Powertrain category.,Powertrain,Generic,Info
P0149,Fuel Timing Error,System: Fuel and Air Metering. Source: SAE J2012 / ISO 15031. This code is classified as Info-level severity within the Powertrain category.,Powertrain,Generic,Info
P014A,O2 Sensor Delayed Response - Rich to Lean,System: Fuel and Air Metering. Source: SAE J2012 / ISO 15031. This code is classified as Info-level severity within the Powertrain category.,Powertrain,Generic,Info
P014B,O2 Sensor Delayed Response - Lean to Rich,System: Fuel and Air Metering. Source: SAE J2012 / ISO 15031. This code is classified as Info-level severity within the Powertrain category.,Powertrain,Generic,Info
P014C,O2 Sensor Slow Response - Rich to Lean,System: Fuel and Air Metering. Source: SAE J2012 / ISO 15031. This code is classified as Warning-level severity within the Powertrain category.,Powertrain,Generic,Warning
P014D,O2 Sensor Slow Response - Lean to Rich,System: Fuel and Air Metering. Source: SAE J2012 / ISO 15031. This code is classified as Warning-level severity within the Powertrain category.,Powertrain,Generic,Warning
P014E,O2 Sensor Slow Response - Rich to Lean,System: Fuel and Air Metering. Source: SAE J2012 / ISO 15031. This code is classified as Warning-level severity within the Powertrain category.,Powertrain,Generic,Warning
P014F,O2 Sensor Slow Response - Lean to Rich,System: Fuel and Air Metering. Source: SAE J2012 / ISO 15031. This code is classified as Warning-level severity within the Powertrain category.,Powertrain,Generic,Warning
P0150,O2 Sensor Circuit,System: Fuel and Air Metering. Source: SAE J2012 / ISO 15031. This code is classified as Info-level severity within the Powertrain category.,Powertrain,Generic,Info
P0151,O2 Sensor Circuit Low Voltage (Bank 2 Sensor 1),System: Fuel and Air Metering. Source: SAE J2012 / ISO 15031. This code is classified as Warning-level severity within the Powertrain category.,Powertrain,Generic,Warning
P0152,O2 Sensor Circuit High Voltage,System: Fuel and Air Metering. Source: SAE J2012 / ISO 15031. This code is classified as Warning-level severity within the Powertrain category.,Powertrain,Generic,Warning
P0153,O2 Sensor Circuit Slow Response (Bank 2 Sensor 1),System: Fuel and Air Metering. Source: SAE J2012 / ISO 15031. This code is classified as Warning-level severity within the Powertrain category.,Powertrain,Generic,Warning
P0154,O2 Sensor Circuit No Activity Detected (Bank 2 Sensor 1),System: Fuel and Air Metering. Source: SAE J2012 / ISO 15031. This code is classified as Info-level severity within the Powertrain category.,Powertrain,Generic,Info
P0155,O2 Sensor Heater Circuit,System: Fuel and Air Metering. Source: SAE J2012 / ISO 15031. This code is classified as Info-level severity within the Powertrain category.,Powertrain,Generic,Info
P0156,O2 Sensor Circuit,System: Fuel and Air Metering. Source: SAE J2012 / ISO 15031. This code is classified as Info-level severity within the Powertrain category.,Powertrain,Generic,Info
P0157,O2 Sensor Circuit Low Voltage (Bank 2 Sensor 2),System: Fuel and Air Metering. Source: SAE J2012 / ISO 15031. This code is classified as Warning-level severity within the Powertrain category.,Powertrain,Generic,Warning
P0158,O2 Sensor Circuit High Voltage,System: Fuel and Air Metering. Source: SAE J2012 / ISO 15031. This code is classified as Warning-level severity within the Powertrain category.,Powertrain,Generic,Warning
P0159,O2 Sensor Circuit Slow Response,System: Fuel and Air Metering. Source: SAE J2012 / ISO 15031. This code is classified as Warning-level severity within the Powertrain category.,Powertrain,Generic,Warning
P015A,O2 Sensor Delayed Response - Rich to Lean,System: Fuel and Air Metering. Source: SAE J2012 / ISO 15031. This code is classified as Info-level severity within the Powertrain category.,Powertrain,Generic,Info
P015B,O2 Sensor Delayed Response - Lean to Rich,System: Fuel and Air Metering. Source: SAE J2012 / ISO 15031. This code is classified as Info-level severity within the Powertrain category.,Powertrain,Generic,Info
P015C,O2 Sensor Delayed Response - Rich to Lean,System: Fuel and Air Metering. Source: SAE J2012 / ISO 15031. This code is classified as Info-level severity within the Powertrain category.,Powertrain,Generic,Info
P015D,O2 Sensor Delayed Response - Lean to Rich,System: Fuel and Air Metering. Source: SAE J2012 / ISO 15031. This code is classified as Info-level severity within the Powertrain category.,Powertrain,Generic,Info
P0160,O2 Sensor Circuit no Activity Detected,System: Fuel and Air Metering. Source: SAE J2012 / ISO 15031. This code is classified as Info-level severity within the Powertrain category.,Powertrain,Generic,Info
P0161,O2 Sensor Heater Circuit,System: Fuel and Air Metering. Source: SAE J2012 / ISO 15031. This code is classified as Info-level severity within the Powertrain category.,Powertrain,Generic,Info
P0162,O2 Sensor Circuit,System: Fuel and Air Metering. Source: SAE J2012 / ISO 15031. This code is classified as Info-level severity within the Powertrain category.,Powertrain,Generic,Info
P0163,O2 Sensor Circuit Low Voltage,System: Fuel and Air Metering. Source: SAE J2012 / ISO 15031. This code is classified as Warning-level severity within the Powertrain category.,Powertrain,Generic,Warning
P0164,O2 Sensor Circuit High Voltage,System: Fuel and Air Metering. Source: SAE J2012 / ISO 15031. This code is classified as Warning-level severity within the Powertrain category.,Powertrain,Generic,Warning
P0165,O2 Sensor Circuit Slow Response,System: Fuel and Air Metering. Source: SAE J2012 / ISO 15031. This code is classified as Warning-level severity within the Powertrain category.,Powertrain,Generic,Warning
P0166,O2 Sensor Circuit no Activity Detected,System: Fuel and Air Metering. Source: SAE J2012 / ISO 15031. This code is classified as Info-level severity within the Powertrain category.,Powertrain,Generic,Info
P0167,O2 Sensor Heater Circuit,System: Fuel and Air Metering. Source: SAE J2012 / ISO 15031. This code is classified as Info-level severity within the Powertrain category.,Powertrain,Generic,Info
P0168,Fuel Temperature Too High,System: Fuel and Air Metering. Source: SAE J2012 / ISO 15031. This code is classified as Warning-level severity within the Powertrain category.,Powertrain,Generic,Warning
P0169,Wrong Fuel Composition Diagnostic Trouble Code Explained,System: Fuel and Air Metering. Source: SAE J2012 / ISO 15031. This code is classified as Info-level severity within the Powertrain category.,Powertrain,Generic,Info
P0170,Fuel Trim,System: Fuel and Air Metering. Source: SAE J2012 / ISO 15031. This code is classified as Info-level severity within the Powertrain category.,Powertrain,Generic,Info
P0171,System Too Lean (Bank 1),System: Fuel and Air Metering. Source: SAE J2012 / ISO 15031. This code is classified as Info-level severity within the Powertrain category.,Powertrain,Generic,Info
P0172,System Too Rich,System: Fuel and Air Metering. Source: SAE J2012 / ISO 15031. This code is classified as Info-level severity within the Powertrain category.,Powertrain,Generic,Info
P0173,Fuel Trim,System: Fuel and Air Metering. Source: SAE J2012 / ISO 15031. This code is classified as Info-level severity within the Powertrain category.,Powertrain,Generic,Info
P0174,System Too Lean (Bank 2),System: Fuel and Air Metering. Source: SAE J2012 / ISO 15031. This code is classified as Info-level severity within the Powertrain category.,Powertrain,Generic,Info
P0175,System Too Rich (Bank 2),System: Fuel and Air Metering. Source: SAE J2012 / ISO 15031. This code is classified as Info-level severity within the Powertrain category.,Powertrain,Generic,Info
P0176,Fuel Composition Sensor Circuit,System: Fuel and Air Metering. Source: SAE J2012 / ISO 15031. This code is classified as Info-level severity within the Powertrain category.,Powertrain,Generic,Info
P0177,Fuel Composition Sensor Circuit Range/Performance,System: Fuel and Air Metering. Source: SAE J2012 / ISO 15031. This code is classified as Warning-level severity within the Powertrain category.,Powertrain,Generic,Warning
P0178,Fuel Composition Sensor Circuit Low,System: Fuel and Air Metering. Source: SAE J2012 / ISO 15031. This code is classified as Warning-level severity within the Powertrain category.,Powertrain,Generic,Warning
P0179,Fuel Composition Sensor Circuit High,System: Fuel and Air Metering. Source: SAE J2012 / ISO 15031. This code is classified as Warning-level severity within the Powertrain category.,Powertrain,Generic,Warning
P0180,"Fuel Temperature Sensor ""A"" Circuit",System: Fuel and Air Metering. Source: SAE J2012 / ISO 15031. This code is classified as Info-level severity within the Powertrain category.,Powertrain,Generic,Info
P0181,"Fuel Temperature Sensor ""A"" Circuit Range/Performance",System: Fuel and Air Metering. Source: SAE J2012 / ISO 15031. This code is classified as Warning-level severity within the Powertrain category.,Powertrain,Generic,Warning
P0182,"Fuel Temperature Sensor ""A"" Circuit Low",System: Fuel and Air Metering. Source: SAE J2012 / ISO 15031. This code is classified as Warning-level severity within the Powertrain category.,Powertrain,Generic,Warning
P0183,"Fuel Temperature Sensor ""A"" Circuit High",System: Fuel and Air Metering. Source: SAE J2012 / ISO 15031. This code is classified as Warning-level severity within the Powertrain category.,Powertrain,Generic,Warning
P0184,"Fuel Temperature Sensor ""A"" Circuit Intermittent",System: Fuel and Air Metering. Source: SAE J2012 / ISO 15031. This code is classified as Warning-level severity within the Powertrain category.,Powertrain,Generic,Warning
P0185,"Fuel Temperature Sensor ""B"" Circuit",System: Fuel and Air Metering. Source: SAE J2012 / ISO 15031. This code is classified as Info-level severity within the Powertrain category.,Powertrain,Generic,Info
P0186,"Fuel Temperature Sensor ""B"" Circuit Range/Performance",System: Fuel and Air Metering. Source: SAE J2012 / ISO 15031. This code is classified as Warning-level severity within the Powertrain category.,Powertrain,Generic,Warning
P0187,"Fuel Temperature Sensor ""B"" Circuit Low",System: Fuel and Air Metering. Source: SAE J2012 / ISO 15031. This code is classified as Warning-level severity within the Powertrain category.,Powertrain,Generic,Warning
P0188,"Fuel Temperature Sensor ""B"" Circuit High",System: Fuel and Air Metering. Source: SAE J2012 / ISO 15031. This code is classified as Warning-level severity within the Powertrain category.,Powertrain,Generic,Warning
P0189,"Fuel Temperature Sensor ""B"" Circuit Intermittent",System: Fuel and Air Metering. Source: SAE J2012 / ISO 15031. This code is classified as Warning-level severity within the Powertrain category.,Powertrain,Generic,Warning
P018A,"Fuel Pressure Sensor ""B"" Circuit",System: Fuel and Air Metering. Source: SAE J2012 / ISO 15031. This code is classified as Info-level severity within the Powertrain category.,Powertrain,Generic,Info
P018B,"Fuel Pressure Sensor ""B"" Circuit Range/Performance",System: Fuel and Air Metering. Source: SAE J2012 / ISO 15031. This code is classified as Warning-level severity within the Powertrain category.,Powertrain,Generic,Warning
P018C,"Fuel Pressure Sensor ""B"" Circuit Low",System: Fuel and Air Metering. Source: SAE J2012 / ISO 15031. This code is classified as Warning-level severity within the Powertrain category.,Powertrain,Generic,Warning
P018D,"Fuel Pressure Sensor ""B"" Circuit High",System: Fuel and Air Metering. Source: SAE J2012 / ISO 15031. This code is classified as Warning-level severity within the Powertrain category.,Powertrain,Generic,Warning
P018E,"Fuel Pressure Sensor ""B"" Circuit Intermittent/Erratic",System: Fuel and Air Metering. Source: SAE J2012 / ISO 15031. This code is classified as Warning-level severity within the Powertrain category.,Powertrain,Generic,Warning
P018F,Fuel System Over Pressure Relief Valve Frequent Activation,System: Fuel and Air Metering. Source: SAE J2012 / ISO 15031. This code is classified as Info-level severity within the Powertrain category.,Powertrain,Generic,Info
P0190,"Fuel Rail Pressure Sensor ""A"" Circuit",System: Fuel and Air Metering. Source: SAE J2012 / ISO 15031. This code is classified as Info-level severity within the Powertrain category.,Powertrain,Generic,Info
P0191,"Fuel Rail Pressure Sensor ""A"" Circuit Range/Performance",System: Fuel and Air Metering. Source: SAE J2012 / ISO 15031. This code is classified as Warning-level severity within the Powertrain category.,Powertrain,Generic,Warning
P0192,"Fuel Rail Pressure Sensor ""A"" Circuit Low",System: Fuel and Air Metering. Source: SAE J2012 / ISO 15031. This code is classified as Warning-level severity within the Powertrain category.,Powertrain,Generic,Warning
P0193,Fuel Rail Pressure Sensor Circuit High Input,System: Fuel and Air Metering. Source: SAE J2012 / ISO 15031. This code is classified as Warning-level severity within the Powertrain category.,Powertrain,Generic,Warning
P0194,"Fuel Rail Pressure Sensor ""A"" Circuit Intermittent/Erratic",System: Fuel and Air Metering. Source: SAE J2012 / ISO 15031. This code is classified as Warning-level severity within the Powertrain category.,Powertrain,Generic,Warning
P0195,Engine Oil Temperature Sensor Circuit,System: Fuel and Air Metering. Source: SAE J2012 / ISO 15031. This code is classified as Info-level severity within the Powertrain category.,Powertrain,Generic,Info
P0196,Engine Oil Temperature Sensor Range/Performance,System: Fuel and Air Metering. Source: SAE J2012 / ISO 15031. This code is classified as Warning-level severity within the Powertrain category.,Powertrain,Generic,Warning
P0197,Engine Oil Temperature Sensor Circuit Low,System: Fuel and Air Metering. Source: SAE J2012 / ISO 15031. This code is classified as Warning-level severity within the Powertrain category.,Powertrain,Generic,Warning
P0198,Engine Oil Temperature Sensor Circuit High,System: Fuel and Air Metering. Source: SAE J2012 / ISO 15031. This code is classified as Warning-level severity within the Powertrain category.,Powertrain,Generic,Warning
P0199,Engine Oil Temperature Sensor Circuit Intermittent/Erratic,System: Fuel and Air Metering. Source: SAE J2012 / ISO 15031. This code is classified as Warning-level severity within the Powertrain category.,Powertrain,Generic,Warning
P0200,Injector Circuit/Open,System: Fuel Injector Circuit. Source: SAE J2012 / ISO 15031. This code is classified as Critical-level severity within the Powertrain category.,Powertrain,Generic,Critical
P0201,Injector Circuit/Open - Cylinder 1,System: Fuel Injector Circuit. Source: SAE J2012 / ISO 15031. This code is classified as Critical-level severity within the Powertrain category.,Powertrain,Generic,Critical
P0202,Injector Circuit/Open - Cylinder 2,System: Fuel Injector Circuit. Source: SAE J2012 / ISO 15031. This code is classified as Critical-level severity within the Powertrain category.,Powertrain,Generic,Critical
P0203,Injector Circuit/Open - Cylinder 3,System: Fuel Injector Circuit. Source: SAE J2012 / ISO 15031. This code is classified as Critical-level severity within the Powertrain category.,Powertrain,Generic,Critical
P0204,Injector Circuit/Open - Cylinder 4,System: Fuel Injector Circuit. Source: SAE J2012 / ISO 15031. This code is classified as Critical-level severity within the Powertrain category.,Powertrain,Generic,Critical
P0205,Injector Circuit/Open - Cylinder 5,System: Fuel Injector Circuit. Source: SAE J2012 / ISO 15031. This code is classified as Critical-level severity within the Powertrain category.,Powertrain,Generic,Critical
P0206,Injector Circuit/Open - Cylinder 6,System: Fuel Injector Circuit. Source: SAE J2012 / ISO 15031. This code is classified as Critical-level severity within the Powertrain category.,Powertrain,Generic,Critical
P0207,Injector Circuit/Open - Cylinder 7,System: Fuel Injector Circuit. Source: SAE J2012 / ISO 15031. This code is classified as Critical-level severity within the Powertrain category.,Powertrain,Generic,Critical
P0208,Injector Circuit/Open - Cylinder 8,System: Fuel Injector Circuit. Source: SAE J2012 / ISO 15031. This code is classified as Critical-level severity within the Powertrain category.,Powertrain,Generic,Critical
P0209,Injector Circuit/Open - Cylinder 9,System: Fuel Injector Circuit. Source: SAE J2012 / ISO 15031. This code is classified as Critical-level severity within the Powertrain category.,Powertrain,Generic,Critical
P020A,Cylinder 1 Injection Timing,System: Fuel Injector Circuit. Source: SAE J2012 / ISO 15031. This code is classified as Info-level severity within the Powertrain category.,Powertrain,Generic,Info
P020B,Cylinder 2 Injection Timing,System: Fuel Injector Circuit. Source: SAE J2012 / ISO 15031. This code is classified as Info-level severity within the Powertrain category.,Powertrain,Generic,Info
P020C,Cylinder 3 Injection Timing,System: Fuel Injector Circuit. Source: SAE J2012 / ISO 15031. This code is classified as Info-level severity within the Powertrain category.,Powertrain,Generic,Info
P020D,Cylinder 4 Injection Timing,System: Fuel Injector Circuit. Source: SAE J2012 / ISO 15031. This code is classified as Info-level severity within the Powertrain category.,Powertrain,Generic,Info
P020E,Cylinder 5 Injection Timing,System: Fuel Injector Circuit. Source: SAE J2012 / ISO 15031. This code is classified as Info-level severity within the Powertrain category.,Powertrain,Generic,Info
P020F,Cylinder 6 Injection Timing,System: Fuel Injector Circuit. Source: SAE J2012 / ISO 15031. This code is classified as Info-level severity within the Powertrain category.,Powertrain,Generic,Info
P0210,Injector Circuit/Open - Cylinder 10,System: Fuel Injector Circuit. Source: SAE J2012 / ISO 15031. This code is classified as Critical-level severity within the Powertrain category.,Powertrain,Generic,Critical
P0211,Injector Circuit/Open - Cylinder 11,System: Fuel Injector Circuit. Source: SAE J2012 / ISO 15031. This code is classified as Critical-level severity within the Powertrain category.,Powertrain,Generic,Critical
P0212,Injector Circuit/Open - Cylinder 12,System: Fuel Injector Circuit. Source: SAE J2012 / ISO 15031. This code is classified as Critical-level severity within the Powertrain category.,Powertrain,Generic,Critical
P0213,Cold Start Injector 1,System: Fuel Injector Circuit. Source: SAE J2012 / ISO 15031. This code is classified as Info-level severity within the Powertrain category.,Powertrain,Generic,Info
P0214,Cold Start Injector 2,System: Fuel Injector Circuit. Source: SAE J2012 / ISO 15031. This code is classified as Info-level severity within the Powertrain category.,Powertrain,Generic,Info
P0215,Engine Shutoff Solenoid,System: Fuel Injector Circuit. Source: SAE J2012 / ISO 15031. This code is classified as Info-level severity within the Powertrain category.,Powertrain,Generic,Info
P0216,Injector/Injection Timing Control Circuit,System: Fuel Injector Circuit. Source: SAE J2012 / ISO 15031. This code is classified as Info-level severity within the Powertrain category.,Powertrain,Generic,Info
P0217,Engine Coolant Over Temperature Condition,System: Fuel Injector Circuit. Source: SAE J2012 / ISO 15031. This code is classified as Critical-level severity within the Powertrain category.,Powertrain,Generic,Critical
P0218,Transmission Fluid Over Temperature Condition,System: Fuel Injector Circuit. Source: SAE J2012 / ISO 15031. This code is classified as Critical-level severity within the Powertrain category.,Powertrain,Generic,Critical
P0219,Engine Overspeed Condition,System: Fuel Injector Circuit. Source: SAE J2012 / ISO 15031. This code is classified as Critical-level severity within the Powertrain category.,Powertrain,Generic,Critical
P021A,Cylinder 7 Injection Timing,System: Fuel Injector Circuit. Source: SAE J2012 / ISO 15031. This code is classified as Info-level severity within the Powertrain category.,Powertrain,Generic,Info
P021B,Cylinder 8 Injection Timing,System: Fuel Injector Circuit. Source: SAE J2012 / ISO 15031. This code is classified as Info-level severity within the Powertrain category.,Powertrain,Generic,Info
P021C,Cylinder 9 Injection Timing,System: Fuel Injector Circuit. Source: SAE J2012 / ISO 15031. This code is classified as Info-level severity within the Powertrain category.,Powertrain,Generic,Info
P021D,Cylinder 10 Injection Timing,System: Fuel Injector Circuit. Source: SAE J2012 / ISO 15031. This code is classified as Info-level severity within the Powertrain category.,Powertrain,Generic,Info
P021E,Cylinder 11 Injection Timing,System: Fuel Injector Circuit. Source: SAE J2012 / ISO 15031. This code is classified as Info-level severity within the Powertrain category.,Powertrain,Generic,Info
P021F,Cylinder 12 Injection Timing,System: Fuel Injector Circuit. Source: SAE J2012 / ISO 15031. This code is classified as Info-level severity within the Powertrain category.,Powertrain,Generic,Info
P0220,"Throttle/Pedal Position Sensor/Switch ""B"" Circuit",System: Fuel Injector Circuit. Source: SAE J2012 / ISO 15031. This code is classified as Info-level severity within the Powertrain category.,Powertrain,Generic,Info
P0221,"Throttle/Pedal Position Sensor/Switch ""B"" Circuit",System: Fuel Injector Circuit. Source: SAE J2012 / ISO 15031. This code is classified as Info-level severity within the Powertrain category.,Powertrain,Generic,Info
P0222,"Throttle/Pedal Position Sensor/Switch ""B"" Circuit Low",System: Fuel Injector Circuit. Source: SAE J2012 / ISO 15031. This code is classified as Warning-level severity within the Powertrain category.,Powertrain,Generic,Warning
P0223,"Throttle/Pedal Position Sensor/Switch ""B"" Circuit High",System: Fuel Injector Circuit. Source: SAE J2012 / ISO 15031. This code is classified as Warning-level severity within the Powertrain category.,Powertrain,Generic,Warning
P0224,"Throttle/Pedal Position Sensor/Switch ""B"" Circuit Intermittent",System: Fuel Injector Circuit. Source: SAE J2012 / ISO 15031. This code is classified as Warning-level severity within the Powertrain category.,Powertrain,Generic,Warning
P0225,"Throttle/Pedal Position Sensor/Switch ""C"" Circuit",System: Fuel Injector Circuit. Source: SAE J2012 / ISO 15031. This code is classified as Info-level severity within the Powertrain category.,Powertrain,Generic,Info
P0226,"Throttle/Pedal Position Sensor/Switch ""C"" Circuit",System: Fuel Injector Circuit. Source: SAE J2012 / ISO 15031. This code is classified as Info-level severity within the Powertrain category.,Powertrain,Generic,Info
P0227,"Throttle/Pedal Position Sensor/Switch ""C"" Circuit Low",System: Fuel Injector Circuit. Source: SAE J2012 / ISO 15031. This code is classified as Warning-level severity within the Powertrain category.,Powertrain,Generic,Warning
P0228,"Throttle/Pedal Position Sensor/Switch ""C"" Circuit High",System: Fuel Injector Circuit. Source: SAE J2012 / ISO 15031. This code is classified as Warning-level severity within the Powertrain category.,Powertrain,Generic,Warning
P0229,"Throttle/Pedal Position Sensor/Switch ""C"" Circuit Intermittent",System: Fuel Injector Circuit. Source: SAE J2012 / ISO 15031. This code is classified as Warning-level severity within the Powertrain category.,Powertrain,Generic,Warning
P022A,"Charge Air Cooler Bypass Control ""A"" Circuit /Open",System: Fuel Injector Circuit. Source: SAE J2012 / ISO 15031. This code is classified as Critical-level severity within the Powertrain category.,Powertrain,Generic,Critical
P022B,"Charge Air Cooler Bypass Control ""A"" Circuit Low",System: Fuel Injector Circuit. Source: SAE J2012 / ISO 15031. This code is classified as Warning-level severity within the Powertrain category.,Powertrain,Generic,Warning
P022C,"Charge Air Cooler Bypass Control ""A"" Circuit High",System: Fuel Injector Circuit. Source: SAE J2012 / ISO 15031. This code is classified as Warning-level severity within the Powertrain category.,Powertrain,Generic,Warning
P022D,"Charge Air Cooler Bypass Control ""B"" Circuit /Open",System: Fuel Injector Circuit. Source: SAE J2012 / ISO 15031. This code is classified as Critical-level severity within the Powertrain category.,Powertrain,Generic,Critical
P022E,"Charge Air Cooler Bypass Control ""B"" Circuit Low",System: Fuel Injector Circuit. Source: SAE J2012 / ISO 15031. This code is classified as Warning-level severity within the Powertrain category.,Powertrain,Generic,Warning
P022F,"Charge Air Cooler Bypass Control ""B"" Circuit High",System: Fuel Injector Circuit. Source: SAE J2012 / ISO 15031. This code is classified as Warning-level severity within the Powertrain category.,Powertrain,Generic,Warning
P0230,Fuel Pump Primary Circuit,System: Fuel Injector Circuit. Source: SAE J2012 / ISO 15031. This code is classified as Info-level severity within the Powertrain category.,Powertrain,Generic,Info
P0231,Fuel Pump Secondary Circuit Low,System: Fuel Injector Circuit. Source: SAE J2012 / ISO 15031. This code is classified as Warning-level severity within the Powertrain category.,Powertrain,Generic,Warning
P0232,Fuel Pump Secondary Circuit High,System: Fuel Injector Circuit. Source: SAE J2012 / ISO 15031. This code is classified as Warning-level severity within the Powertrain category.,Powertrain,Generic,Warning
P0233,Fuel Pump Secondary Circuit Intermittent,System: Fuel Injector Circuit. Source: SAE J2012 / ISO 15031. This code is classified as Warning-level severity within the Powertrain category.,Powertrain,Generic,Warning
P0234,"Turbocharger/Supercharger ""A"" Overboost Condition",System: Fuel Injector Circuit. Source: SAE J2012 / ISO 15031. This code is classified as Critical-level severity within the Powertrain category.,Powertrain,Generic,Critical
P0235,"Turbocharger/Supercharger Boost Sensor ""A"" Circuit",System: Fuel Injector Circuit. Source: SAE J2012 / ISO 15031. This code is classified as Info-level severity within the Powertrain category.,Powertrain,Generic,Info
P0236,"Turbocharger/Supercharger Boost Sensor ""A"" Circuit",System: Fuel Injector Circuit. Source: SAE J2012 / ISO 15031. This code is classified as Info-level severity within the Powertrain category.,Powertrain,Generic,Info
P0237,"Turbocharger/Supercharger Boost Sensor ""A"" Circuit Low",System: Fuel Injector Circuit. Source: SAE J2012 / ISO 15031. This code is classified as Warning-level severity within the Powertrain category.,Powertrain,Generic,Warning
P0238,"Turbocharger/Supercharger Boost Sensor ""A"" Circuit High",System: Fuel Injector Circuit. Source: SAE J2012 / ISO 15031. This code is classified as Warning-level severity within the Powertrain category.,Powertrain,Generic,Warning
P0239,"Turbocharger/Supercharger Boost Sensor ""B"" Circuit",System: Fuel Injector Circuit. Source: SAE J2012 / ISO 15031. This code is classified as Info-level severity within the Powertrain category.,Powertrain,Generic,Info
P023A,Charge Air Cooler Coolant Pump Control Circuit/Open,System: Fuel Injector Circuit. Source: SAE J2012 / ISO 15031. This code is classified as Critical-level severity within the Powertrain category.,Powertrain,Generic,Critical
P023B,Charge Air Cooler Coolant Pump Control Circuit Low,System: Fuel Injector Circuit. Source: SAE J2012 / ISO 15031. This code is classified as Warning-level severity within the Powertrain category.,Powertrain,Generic,Warning
P023C,Charge Air Cooler Coolant Pump Control Circuit High,System: Fuel Injector Circuit. Source: SAE J2012 / ISO 15031. This code is classified as Warning-level severity within the Powertrain category.,Powertrain,Generic,Warning
P023D,Manifold Absolute Pressure - Turbocharger/Supercharger Boost,System: Fuel Injector Circuit. Source: SAE J2012 / ISO 15031. This code is classified as Info-level severity within the Powertrain category.,Powertrain,Generic,Info
P023E,Manifold Absolute Pressure - Turbocharger/Supercharger Boost,System: Fuel Injector Circuit. Source: SAE J2012 / ISO 15031. This code is classified as Info-level severity within the Powertrain category.,Powertrain,Generic,Info
P023F,Fuel Pump Secondary Circuit/Open,System: Fuel Injector Circuit. Source: SAE J2012 / ISO 15031. This code is classified as Critical-level severity within the Powertrain category.,Powertrain,Generic,Critical
P0240,"Turbocharger/Supercharger Boost Sensor ""B"" Circuit",System: Fuel Injector Circuit. Source: SAE J2012 / ISO 15031. This code is classified as Info-level severity within the Powertrain category.,Powertrain,Generic,Info
P0241,"Turbocharger/Supercharger Boost Sensor ""B"" Circuit Low",System: Fuel Injector Circuit. Source: SAE J2012 / ISO 15031. This code is classified as Warning-level severity within the Powertrain category.,Powertrain,Generic,Warning
P0242,"Turbocharger/Supercharger Boost Sensor ""B"" Circuit High",System: Fuel Injector Circuit. Source: SAE J2012 / ISO 15031. This code is classified as Warning-level severity within the Powertrain category.,Powertrain,Generic,Warning
P0243,"Turbocharger/Supercharger Wastegate Solenoid ""A""",System: Fuel Injector Circuit. Source: SAE J2012 / ISO 15031. This code is classified as Info-level severity within the Powertrain category.,Powertrain,Generic,Info
P0244,"Turbocharger/Supercharger Wastegate Solenoid ""A""",System: Fuel Injector Circuit. Source: SAE J2012 / ISO 15031. This code is classified as Info-level severity within the Powertrain category.,Powertrain,Generic,Info
P0245,"Turbocharger/Supercharger Wastegate Solenoid ""A"" Low",System: Fuel Injector Circuit. Source: SAE J2012 / ISO 15031. This code is classified as Warning-level severity within the Powertrain category.,Powertrain,Generic,Warning
P0246,"Turbocharger/Supercharger Wastegate Solenoid ""A"" High",System: Fuel Injector Circuit. Source: SAE J2012 / ISO 15031. This code is classified as Warning-level severity within the Powertrain category.,Powertrain,Generic,Warning
P0247,"Turbocharger/Supercharger Wastegate Solenoid ""B""",System: Fuel Injector Circuit. Source: SAE J2012 / ISO 15031. This code is classified as Info-level severity within the Powertrain category.,Powertrain,Generic,Info
P0248,"Turbocharger/Supercharger Wastegate Solenoid ""B""",System: Fuel Injector Circuit. Source: SAE J2012 / ISO 15031. This code is classified as Info-level severity within the Powertrain category.,Powertrain,Generic,Info
P0249,"Turbocharger/Supercharger Wastegate Solenoid ""B"" Low",System: Fuel Injector Circuit. Source: SAE J2012 / ISO 15031. This code is classified as Warning-level severity within the Powertrain category.,Powertrain,Generic,Warning
P024A,"Charge Air Cooler Bypass Control ""A"" Range/Performance",System: Fuel Injector Circuit. Source: SAE J2012 / ISO 15031. This code is classified as Warning-level severity within the Powertrain category.,Powertrain,Generic,Warning
P024B,"Charge Air Cooler Bypass Control ""A"" Stuck",System: Fuel Injector Circuit. Source: SAE J2012 / ISO 15031. This code is classified as Critical-level severity within the Powertrain category.,Powertrain,Generic,Critical
P024C,"Charge Air Cooler Bypass Position Sensor ""A"" Circuit",System: Fuel Injector Circuit. Source: SAE J2012 / ISO 15031. This code is classified as Info-level severity within the Powertrain category.,Powertrain,Generic,Info
P024D,"Charge Air Cooler Bypass Position Sensor ""A"" Circuit",System: Fuel Injector Circuit. Source: SAE J2012 / ISO 15031. This code is classified as Info-level severity within the Powertrain category.,Powertrain,Generic,Info
P024E,"Charge Air Cooler Bypass Position Sensor ""A"" Circuit Low",System: Fuel Injector Circuit. Source: SAE J2012 / ISO 15031. This code is classified as Warning-level severity within the Powertrain category.,Powertrain,Generic,Warning
P024F,"Charge Air Cooler Bypass Position Sensor ""A"" Circuit High",System: Fuel Injector Circuit. Source: SAE J2012 / ISO 15031. This code is classified as Warning-level severity within the Powertrain category.,Powertrain,Generic,Warning
P0250,"Turbocharger/Supercharger Wastegate Solenoid ""B"" High",System: Fuel Injector Circuit. Source: SAE J2012 / ISO 15031. This code is classified as Warning-level severity within the Powertrain category.,Powertrain,Generic,Warning
P0251,"Injection Pump Fuel Metering Control ""A"" (Cam/Rotor/Injector)",System: Fuel Injector Circuit. Source: SAE J2012 / ISO 15031. This code is classified as Info-level severity within the Powertrain category.,Powertrain,Generic,Info
P0252,"Injection Pump Fuel Metering Control ""A"" Range/Performance",System: Fuel Injector Circuit. Source: SAE J2012 / ISO 15031. This code is classified as Warning-level severity within the Powertrain category.,Powertrain,Generic,Warning
P0253,"Injection Pump Fuel Metering Control ""A"" Low (Cam/Rotor/Injector)",System: Fuel Injector Circuit. Source: SAE J2012 / ISO 15031. This code is classified as Warning-level severity within the Powertrain category.,Powertrain,Generic,Warning
P0254,"Injection Pump Fuel Metering Control ""A"" High (Cam/Rotor/Injector)",System: Fuel Injector Circuit. Source: SAE J2012 / ISO 15031. This code is classified as Warning-level severity within the Powertrain category.,Powertrain,Generic,Warning
P0255,"Injection Pump Fuel Metering Control ""A"" Intermittent",System: Fuel Injector Circuit. Source: SAE J2012 / ISO 15031. This code is classified as Warning-level severity within the Powertrain category.,Powertrain,Generic,Warning
P0256,"Injection Pump Fuel Metering Control ""B"" (Cam/Rotor/Injector)",System: Fuel Injector Circuit. Source: SAE J2012 / ISO 15031. This code is classified as Info-level severity within the Powertrain category.,Powertrain,Generic,Info
P0257,"Injection Pump Fuel Metering Control ""B"" Range/Performance",System: Fuel Injector Circuit. Source: SAE J2012 / ISO 15031. This code is classified as Warning-level severity within the Powertrain category.,Powertrain,Generic,Warning
P0258,"Injection Pump Fuel Metering Control ""B"" Low (Cam/Rotor/Injector)",System: Fuel Injector Circuit. Source: SAE J2012 / ISO 15031. This code is classified as Warning-level severity within the Powertrain category.,Powertrain,Generic,Warning
P0259,"Injection Pump Fuel Metering Control ""B"" High (Cam/Rotor/Injector)",System: Fuel Injector Circuit. Source: SAE J2012 / ISO 15031. This code is classified as Warning-level severity within the Powertrain category.,Powertrain,Generic,Warning
P025A,Fuel Pump Module Control Circuit/Open,System: Fuel Injector Circuit. Source: SAE J2012 / ISO 15031. This code is classified as Critical-level severity within the Powertrain category.,Powertrain,Generic,Critical
P025B,Fuel Pump Module Control Circuit Range/Performance,System: Fuel Injector Circuit. Source: SAE J2012 / ISO 15031. This code is classified as Warning-level severity within the Powertrain category.,Powertrain,Generic,Warning
P025C,Fuel Pump Module Control Circuit Low,System: Fuel Injector Circuit. Source: SAE J2012 / ISO 15031. This code is classified as Warning-level severity within the Powertrain category.,Powertrain,Generic,Warning
P025D,Fuel Pump Module Control Circuit High,System: Fuel Injector Circuit. Source: SAE J2012 / ISO 15031. This code is classified as Warning-level severity within the Powertrain category.,Powertrain,Generic,Warning
P0260,"Injection Pump Fuel Metering Control ""B"" Intermittent",System: Fuel Injector Circuit. Source: SAE J2012 / ISO 15031. This code is classified as Warning-level severity within the Powertrain category.,Powertrain,Generic,Warning
P0261,Cylinder 1 Injector Circuit Low,System: Fuel Injector Circuit. Source: SAE J2012 / ISO 15031. This code is classified as Warning-level severity within the Powertrain category.,Powertrain,Generic,Warning
P0262,Cylinder 1 Injector Circuit High,System: Fuel Injector Circuit. Source: SAE J2012 / ISO 15031. This code is classified as Warning-level severity within the Powertrain category.,Powertrain,Generic,Warning
P0263,Cylinder 1 Contribution/Balance,System: Fuel Injector Circuit. Source: SAE J2012 / ISO 15031. This code is classified as Info-level severity within the Powertrain category.,Powertrain,Generic,Info
P0264,Cylinder 2 Injector Circuit Low,System: Fuel Injector Circuit. Source: SAE J2012 / ISO 15031. This code is classified as Warning-level severity within the Powertrain category.,Powertrain,Generic,Warning
P0265,Cylinder 2 Injector Circuit High,System: Fuel Injector Circuit. Source: SAE J2012 / ISO 15031. This code is classified as Warning-level severity within the Powertrain category.,Powertrain,Generic,Warning
P0266,Cylinder 2 Contribution/Balance,System: Fuel Injector Circuit. Source: SAE J2012 / ISO 15031. This code is classified as Info-level severity within the Powertrain category.,Powertrain,Generic,Info
P0267,Cylinder 3 Injector Circuit Low,System: Fuel Injector Circuit. Source: SAE J2012 / ISO 15031. This code is classified as Warning-level severity within the Powertrain category.,Powertrain,Generic,Warning
P0268,Cylinder 3 Injector Circuit High,System: Fuel Injector Circuit. Source: SAE J2012 / ISO 15031. This code is classified as Warning-level severity within the Powertrain category.,Powertrain,Generic,Warning
P0269,Cylinder 3 Contribution/Balance,System: Fuel Injector Circuit. Source: SAE J2012 / ISO 15031. This code is classified as Info-level severity within the Powertrain category.,Powertrain,Generic,Info
P0270,Cylinder 4 Injector Circuit Low,System: Fuel Injector Circuit. Source: SAE J2012 / ISO 15031. This code is classified as Warning-level severity within the Powertrain category.,Powertrain,Generic,Warning
P0271,Cylinder 4 Injector Circuit High,System: Fuel Injector Circuit. Source: SAE J2012 / ISO 15031. This code is classified as Warning-level severity within the Powertrain category.,Powertrain,Generic,Warning
P0272,Cylinder 4 Contribution/Balance,System: Fuel Injector Circuit. Source: SAE J2012 / ISO 15031. This code is classified as Info-level severity within the Powertrain category.,Powertrain,Generic,Info
P0273,Cylinder 5 Injector Circuit Low,System: Fuel Injector Circuit. Source: SAE J2012 / ISO 15031. This code is classified as Warning-level severity within the Powertrain category.,Powertrain,Generic,Warning
P0274,Cylinder 5 Injector Circuit High,System: Fuel Injector Circuit. Source: SAE J2012 / ISO 15031. This code is classified as Warning-level severity within the Powertrain category.,Powertrain,Generic,Warning
P0275,Cylinder 5 Contribution/Balance,System: Fuel Injector Circuit. Source: SAE J2012 / ISO 15031. This code is classified as Info-level severity within the Powertrain category.,Powertrain,Generic,Info
P0276,Cylinder 6 Injector Circuit Low,System: Fuel Injector Circuit. Source: SAE J2012 / ISO 15031. This code is classified as Warning-level severity within the Powertrain category.,Powertrain,Generic,Warning
P0277,Cylinder 6 Injector Circuit High,System: Fuel Injector Circuit. Source: SAE J2012 / ISO 15031. This code is classified as Warning-level severity within the Powertrain category.,Powertrain,Generic,Warning
P0278,Cylinder 6 Contribution/Balance,System: Fuel Injector Circuit. Source: SAE J2012 / ISO 15031. This code is classified as Info-level severity within the Powertrain category.,Powertrain,Generic,Info
P0279,Cylinder 7 Injector Circuit Low,System: Fuel Injector Circuit. Source: SAE J2012 / ISO 15031. This code is classified as Warning-level severity within the Powertrain category.,Powertrain,Generic,Warning
P0280,Cylinder 7 Injector Circuit High,System: Fuel Injector Circuit. Source: SAE J2012 / ISO 15031. This code is classified as Warning-level severity within the Powertrain category.,Powertrain,Generic,Warning
P0281,Cylinder 7 Contribution/Balance,System: Fuel Injector Circuit. Source: SAE J2012 / ISO 15031. This code is classified as Info-level severity within the Powertrain category.,Powertrain,Generic,Info
P0282,Cylinder 8 Injector Circuit Low,System: Fuel Injector Circuit. Source: SAE J2012 / ISO 15031. This code is classified as Warning-level severity within the Powertrain category.,Powertrain,Generic,Warning
P0283,Cylinder 8 Injector Circuit High,System: Fuel Injector Circuit. Source: SAE J2012 / ISO 15031. This code is classified as Warning-level severity within the Powertrain category.,Powertrain,Generic,Warning
P0284,Cylinder 8 Contribution/Balance,System: Fuel Injector Circuit. Source: SAE J2012 / ISO 15031. This code is classified as Info-level severity within the Powertrain category.,Powertrain,Generic,Info
P0285,Cylinder 9 Injector Circuit Low,System: Fuel Injector Circuit. Source: SAE J2012 / ISO 15031. This code is classified as Warning-level severity within the Powertrain category.,Powertrain,Generic,Warning
P0286,Cylinder 9 Injector Circuit High,System: Fuel Injector Circuit. Source: SAE J2012 / ISO 15031. This code is classified as Warning-level severity within the Powertrain category.,Powertrain,Generic,Warning
P0287,Cylinder 9 Contribution/Balance,System: Fuel Injector Circuit. Source: SAE J2012 / ISO 15031. This code is classified as Info-level severity within the Powertrain category.,Powertrain,Generic,Info
P0288,Cylinder 10 Injector Circuit Low,System: Fuel Injector Circuit. Source: SAE J2012 / ISO 15031. This code is classified as Warning-level severity within the Powertrain category.,Powertrain,Generic,Warning
P0289,Cylinder 10 Injector Circuit High,System: Fuel Injector Circuit. Source: SAE J2012 / ISO 15031. This code is classified as Warning-level severity within the Powertrain category.,Powertrain,Generic,Warning
P0290,Cylinder 10 Contribution/Balance,System: Fuel Injector Circuit. Source: SAE J2012 / ISO 15031. This code is classified as Info-level severity within the Powertrain category.,Powertrain,Generic,Info
P0291,Cylinder 11 Injector Circuit Low,System: Fuel Injector Circuit. Source: SAE J2012 / ISO 15031. This code is classified as Warning-level severity within the Powertrain category.,Powertrain,Generic,Warning
P0292,Cylinder 11 Injector Circuit High,System: Fuel Injector Circuit. Source: SAE J2012 / ISO 15031. This code is classified as Warning-level severity within the Powertrain category.,Powertrain,Generic,Warning
P0293,Cylinder 11 Contribution/Balance,System: Fuel Injector Circuit. Source: SAE J2012 / ISO 15031. This code is classified as Info-level severity within the Powertrain category.,Powertrain,Generic,Info
P0294,Cylinder 12 Injector Circuit Low,System: Fuel Injector Circuit. Source: SAE J2012 / ISO 15031. This code is classified as Warning-level severity within the Powertrain category.,Powertrain,Generic,Warning
P0295,Cylinder 12 Injector Circuit High,System: Fuel Injector Circuit. Source: SAE J2012 / ISO 15031. This code is classified as Warning-level severity within the Powertrain category.,Powertrain,Generic,Warning
P0296,Cylinder 12 Contribution/Balance,System: Fuel Injector Circuit. Source: SAE J2012 / ISO 15031. This code is classified as Info-level severity within the Powertrain category.,Powertrain,Generic,Info
P0297,Vehicle Overspeed Condition,System: Fuel Injector Circuit. Source: SAE J2012 / ISO 15031. This code is classified as Critical-level severity within the Powertrain category.,Powertrain,Generic,Critical
P0298,Engine Oil Over Temperature,System: Fuel Injector Circuit. Source: SAE J2012 / ISO 15031. This code is classified as Critical-level severity within the Powertrain category.,Powertrain,Generic,Critical
P0299,Boost Pressure Regulatio,System: Fuel Injector Circuit. Source: SAE J2012 / ISO 15031. This code is classified as Info-level severity within the Powertrain category.,Powertrain,Generic,Info
P029B,Cylinder 1 - Fuel Trim at Min Limit,System: Fuel Injector Circuit. Source: SAE J2012 / ISO 15031. This code is classified as Info-level severity within the Powertrain category.,Powertrain,Generic,Info
P029C,Cylinder 1 - Injector Restricted,System: Fuel Injector Circuit. Source: SAE J2012 / ISO 15031. This code is classified as Info-level severity within the Powertrain category.,Powertrain,Generic,Info
P029D,Cylinder 1 - Injector Leaking,System: Fuel Injector Circuit. Source: SAE J2012 / ISO 15031. This code is classified as Critical-level severity within the Powertrain category.,Powertrain,Generic,Critical
P029E,Cylinder 2 - Fuel Trim at Max Limit,System: Fuel Injector Circuit. Source: SAE J2012 / ISO 15031. This code is classified as Info-level severity within the Powertrain category.,Powertrain,Generic,Info
P029F,Cylinder 2 - Fuel Trim at Min Limit,System: Fuel Injector Circuit. Source: SAE J2012 / ISO 15031. This code is classified as Info-level severity within the Powertrain category.,Powertrain,Generic,Info
P02A0,Cylinder 2 - Injector Restricted,System: Fuel Injector Circuit. Source: SAE J2012 / ISO 15031. This code is classified as Info-level severity within the Powertrain category.,Powertrain,Generic,Info
P02A1,Cylinder 2 - Injector Leaking,System: Fuel Injector Circuit. Source: SAE J2012 / ISO 15031. This code is classified as Critical-level severity within the Powertrain category.,Powertrain,Generic,Critical
P02A2,Cylinder 3 - Fuel Trim at Max Limit,System: Fuel Injector Circuit. Source: SAE J2012 / ISO 15031. This code is classified as Info-level severity within the Powertrain category.,Powertrain,Generic,Info
P02A3,Cylinder 3 - Fuel Trim at Min Limit,System: Fuel Injector Circuit. Source: SAE J2012 / ISO 15031. This code is classified as Info-level severity within the Powertrain category.,Powertrain,Generic,Info
P02A4,Cylinder 3 - Injector Restricted,System: Fuel Injector Circuit. Source: SAE J2012 / ISO 15031. This code is classified as Info-level severity within the Powertrain category.,Powertrain,Generic,Info
P02A5,Cylinder 3 - Injector Leaking,System: Fuel Injector Circuit. Source: SAE J2012 / ISO 15031. This code is classified as Critical-level severity within the Powertrain category.,Powertrain,Generic,Critical
P02A6,Cylinder 4 - Fuel Trim at Max Limit,System: Fuel Injector Circuit. Source: SAE J2012 / ISO 15031. This code is classified as Info-level severity within the Powertrain category.,Powertrain,Generic,Info
P02A7,Cylinder 4 - Fuel Trim at Min Limit,System: Fuel Injector Circuit. Source: SAE J2012 / ISO 15031. This code is classified as Info-level severity within the Powertrain category.,Powertrain,Generic,Info
P02A8,Cylinder 4 - Injector Restricted,System: Fuel Injector Circuit. Source: SAE J2012 / ISO 15031. This code is classified as Info-level severity within the Powertrain category.,Powertrain,Generic,Info
P02A9,Cylinder 4 - Injector Leaking,System: Fuel Injector Circuit. Source: SAE J2012 / ISO 15031. This code is classified as Critical-level severity within the Powertrain category.,Powertrain,Generic,Critical
P02AA,Cylinder 5 - Fuel Trim at Max Limit,System: Fuel Injector Circuit. Source: SAE J2012 / ISO 15031. This code is classified as Info-level severity within the Powertrain category.,Powertrain,Generic,Info
P02AB,Cylinder 5 - Fuel Trim at Min Limit,System: Fuel Injector Circuit. Source: SAE J2012 / ISO 15031. This code is classified as Info-level severity within the Powertrain category.,Powertrain,Generic,Info
P02AC,Cylinder 5 - Injector Restricted,System: Fuel Injector Circuit. Source: SAE J2012 / ISO 15031. This code is classified as Info-level severity within the Powertrain category.,Powertrain,Generic,Info
P02AD,Cylinder 5 - Injector Leaking,System: Fuel Injector Circuit. Source: SAE J2012 / ISO 15031. This code is classified as Critical-level severity within the Powertrain category.,Powertrain,Generic,Critical
P02AE,Cylinder 6 - Fuel Trim at Max Limit,System: Fuel Injector Circuit. Source: SAE J2012 / ISO 15031. This code is classified as Info-level severity within the Powertrain category.,Powertrain,Generic,Info
P02AF,Cylinder 6 - Fuel Trim at Min Limit,System: Fuel Injector Circuit. Source: SAE J2012 / ISO 15031. This code is classified as Info-level severity within the Powertrain category.,Powertrain,Generic,Info
P02B0,Cylinder 6 - Injector Restricted,System: Fuel Injector Circuit. Source: SAE J2012 / ISO 15031. This code is classified as Info-level severity within the Powertrain category.,Powertrain,Generic,Info
P02B1,Cylinder 6 - Injector Leaking,System: Fuel Injector Circuit. Source: SAE J2012 / ISO 15031. This code is classified as Critical-level severity within the Powertrain category.,Powertrain,Generic,Critical
P02B2,Cylinder 7 - Fuel Trim at Max Limit,System: Fuel Injector Circuit. Source: SAE J2012 / ISO 15031. This code is classified as Info-level severity within the Powertrain category.,Powertrain,Generic,Info
P02B3,Cylinder 7 - Fuel Trim at Min Limit,System: Fuel Injector Circuit. Source: SAE J2012 / ISO 15031. This code is classified as Info-level severity within the Powertrain category.,Powertrain,Generic,Info
P02B4,Cylinder 7 - Injector Restricted,System: Fuel Injector Circuit. Source: SAE J2012 / ISO 15031. This code is classified as Info-level severity within the Powertrain category.,Powertrain,Generic,Info
P02B5,Cylinder 7 - Injector Leaking,System: Fuel Injector Circuit. Source: SAE J2012 / ISO 15031. This code is classified as Critical-level severity within the Powertrain category.,Powertrain,Generic,Critical
P02B6,Cylinder 8 - Fuel Trim at Max Limit,System: Fuel Injector Circuit. Source: SAE J2012 / ISO 15031. This code is classified as Info-level severity within the Powertrain category.,Powertrain,Generic,Info
P02B7,Cylinder 8 - Fuel Trim at Min Limit,System: Fuel Injector Circuit. Source: SAE J2012 / ISO 15031. This code is classified as Info-level severity within the Powertrain category.,Powertrain,Generic,Info
P02B8,Cylinder 8 - Injector Restricted,System: Fuel Injector Circuit. Source: SAE J2012 / ISO 15031. This code is classified as Info-level severity within the Powertrain category.,Powertrain,Generic,Info
P02B9,Cylinder 8 - Injector Leaking,System: Fuel Injector Circuit. Source: SAE J2012 / ISO 15031. This code is classified as Critical-level severity within the Powertrain category.,Powertrain,Generic,Critical
P02BA,Cylinder 9 - Fuel Trim at Max Limit,System: Fuel Injector Circuit. Source: SAE J2012 / ISO 15031. This code is classified as Info-level severity within the Powertrain category.,Powertrain,Generic,Info
P02BB,Cylinder 9 - Fuel Trim at Min Limit,System: Fuel Injector Circuit. Source: SAE J2012 / ISO 15031. This code is classified as Info-level severity within the Powertrain category.,Powertrain,Generic,Info
P02BC,Cylinder 9 - Injector Restricted,System: Fuel Injector Circuit. Source: SAE J2012 / ISO 15031. This code is classified as Info-level severity within the Powertrain category.,Powertrain,Generic,Info
P02BD,Cylinder 9 - Injector Leaking,System: Fuel Injector Circuit. Source: SAE J2012 / ISO 15031. This code is classified as Critical-level severity within the Powertrain category.,Powertrain,Generic,Critical
P02BE,Cylinder 10 - Fuel Trim at Max Limit,System: Fuel Injector Circuit. Source: SAE J2012 / ISO 15031. This code is classified as Info-level severity within the Powertrain category.,Powertrain,Generic,Info
P02BF,Cylinder 10 - Fuel Trim at Min Limit,System: Fuel Injector Circuit. Source: SAE J2012 / ISO 15031. This code is classified as Info-level severity within the Powertrain category.,Powertrain,Generic,Info
P02C0,Cylinder 10 - Injector Restricted,System: Fuel Injector Circuit. Source: SAE J2012 / ISO 15031. This code is classified as Info-level severity within the Powertrain category.,Powertrain,Generic,Info
P02C1,Cylinder 10 - Injector Leaking,System: Fuel Injector Circuit. Source: SAE J2012 / ISO 15031. This code is classified as Critical-level severity within the Powertrain category.,Powertrain,Generic,Critical
P02C2,Cylinder 11 - Fuel Trim at Max Limit,System: Fuel Injector Circuit. Source: SAE J2012 / ISO 15031. This code is classified as Info-level severity within the Powertrain category.,Powertrain,Generic,Info
P02C3,Cylinder 11 - Fuel Trim at Min Limit,System: Fuel Injector Circuit. Source: SAE J2012 / ISO 15031. This code is classified as Info-level severity within the Powertrain category.,Powertrain,Generic,Info
P02C4,Cylinder 11 - Injector Restricted,System: Fuel Injector Circuit. Source: SAE J2012 / ISO 15031. This code is classified as Info-level severity within the Powertrain category.,Powertrain,Generic,Info
P02C5,Cylinder 11 - Injector Leaking,System: Fuel Injector Circuit. Source: SAE J2012 / ISO 15031. This code is classified as Critical-level severity within the Powertrain category.,Powertrain,Generic,Critical
P02C6,Cylinder 12 - Fuel Trim at Max Limit,System: Fuel Injector Circuit. Source: SAE J2012 / ISO 15031. This code is classified as Info-level severity within the Powertrain category.,Powertrain,Generic,Info
P02C7,Cylinder 12 - Fuel Trim at Min Limit,System: Fuel Injector Circuit. Source: SAE J2012 / ISO 15031. This code is classified as Info-level severity within the Powertrain category.,Powertrain,Generic,Info
P02C8,Cylinder 12 - Injector Restricted,System: Fuel Injector Circuit. Source: SAE J2012 / ISO 15031. This code is classified as Info-level severity within the Powertrain category.,Powertrain,Generic,Info
P02C9,Cylinder 12 - Injector Leaking,System: Fuel Injector Circuit. Source: SAE J2012 / ISO 15031. This code is classified as Critical-level severity within the Powertrain category.,Powertrain,Generic,Critical
P02CA,"Turbocharger/Supercharger ""B"" Overboost Condition",System: Fuel Injector Circuit. Source: SAE J2012 / ISO 15031. This code is classified as Critical-level severity within the Powertrain category.,Powertrain,Generic,Critical
P02CB,"Turbocharger/Supercharger ""B"" Underboost Condition",System: Fuel Injector Circuit. Source: SAE J2012 / ISO 15031. This code is classified as Info-level severity within the Powertrain category.,Powertrain,Generic,Info
P02CC,Cylinder 1 Fuel Injector Offset Learning At Min Limit,System: Fuel Injector Circuit. Source: SAE J2012 / ISO 15031. This code is classified as Info-level severity within the Powertrain category.,Powertrain,Generic,Info
P02CD,Cylinder 1 Fuel Injector Offset Learning At Max Limit,System: Fuel Injector Circuit. Source: SAE J2012 / ISO 15031. This code is classified as Info-level severity within the Powertrain category.,Powertrain,Generic,Info
P02CE,Cylinder 2 Fuel Injector Offset Learning At Min Limit,System: Fuel Injector Circuit. Source: SAE J2012 / ISO 15031. This code is classified as Info-level severity within the Powertrain category.,Powertrain,Generic,Info
P02CF,Cylinder 2 Fuel Injector Offset Learning At Max Limit,System: Fuel Injector Circuit. Source: SAE J2012 / ISO 15031. This code is classified as Info-level severity within the Powertrain category.,Powertrain,Generic,Info
P02D0,Cylinder 3 Fuel Injector Offset Learning At Min Limit,System: Fuel Injector Circuit. Source: SAE J2012 / ISO 15031. This code is classified as Info-level severity within the Powertrain category.,Powertrain,Generic,Info
P02D1,Cylinder 3 Fuel Injector Offset Learning At Max Limit,System: Fuel Injector Circuit. Source: SAE J2012 / ISO 15031. This code is classified as Info-level severity within the Powertrain category.,Powertrain,Generic,Info
P02D2,Cylinder 4 Fuel Injector Offset Learning At Min Limit,System: Fuel Injector Circuit. Source: SAE J2012 / ISO 15031. This code is classified as Info-level severity within the Powertrain category.,Powertrain,Generic,Info
P02D3,Cylinder 4 Fuel Injector Offset Learning At Max Limit,System: Fuel Injector Circuit. Source: SAE J2012 / ISO 15031. This code is classified as Info-level severity within the Powertrain category.,Powertrain,Generic,Info
P02D4,Cylinder 5 Fuel Injector Offset Learning At Min Limit,System: Fuel Injector Circuit. Source: SAE J2012 / ISO 15031. This code is classified as Info-level severity within the Powertrain category.,Powertrain,Generic,Info
P02D5,Cylinder 5 Fuel Injector Offset Learning At Max Limit,System: Fuel Injector Circuit. Source: SAE J2012 / ISO 15031. This code is classified as Info-level severity within the Powertrain category.,Powertrain,Generic,Info
P02D6,Cylinder 6 Fuel Injector Offset Learning At Min Limit,System: Fuel Injector Circuit. Source: SAE J2012 / ISO 15031. This code is classified as Info-level severity within the Powertrain category.,Powertrain,Generic,Info
P02D7,Cylinder 6 Fuel Injector Offset Learning At Max Limit,System: Fuel Injector Circuit. Source: SAE J2012 / ISO 15031. This code is classified as Info-level severity within the Powertrain category.,Powertrain,Generic,Info
P02D8,Cylinder 7 Fuel Injector Offset Learning At Min Limit,System: Fuel Injector Circuit. Source: SAE J2012 / ISO 15031. This code is classified as Info-level severity within the Powertrain category.,Powertrain,Generic,Info
P02D9,Cylinder 7 Fuel Injector Offset Learning At Max Limit,System: Fuel Injector Circuit. Source: SAE J2012 / ISO 15031. This code is classified as Info-level severity within the Powertrain category.,Powertrain,Generic,Info
P02DA,Cylinder 8 Fuel Injector Offset Learning At Min Limit,System: Fuel Injector Circuit. Source: SAE J2012 / ISO 15031. This code is classified as Info-level severity within the Powertrain category.,Powertrain,Generic,Info
P02DB,Cylinder 8 Fuel Injector Offset Learning At Max Limit,System: Fuel Injector Circuit. Source: SAE J2012 / ISO 15031. This code is classified as Info-level severity within the Powertrain category.,Powertrain,Generic,Info
P02DC,Cylinder 9 Fuel Injector Offset Learning At Min Limit,System: Fuel Injector Circuit. Source: SAE J2012 / ISO 15031. This code is classified as Info-level severity within the Powertrain category.,Powertrain,Generic,Info
P02DD,Cylinder 9 Fuel Injector Offset Learning At Max Limit,System: Fuel Injector Circuit. Source: SAE J2012 / ISO 15031. This code is classified as Info-level severity within the Powertrain category.,Powertrain,Generic,Info
P02DE,Cylinder 10 Fuel Injector Offset Learning At Min Limit,System: Fuel Injector Circuit. Source: SAE J2012 / ISO 15031. This code is classified as Info-level severity within the Powertrain category.,Powertrain,Generic,Info
P02DF,Cylinder 10 Fuel Injector Offset Learning At Max Limit,System: Fuel Injector Circuit. Source: SAE J2012 / ISO 15031. This code is classified as Info-level severity within the Powertrain category.,Powertrain,Generic,Info
P02E0,Diesel Intake Air Flow Control Circuit/Open,System: Fuel Injector Circuit. Source: SAE J2012 / ISO 15031. This code is classified as Critical-level severity within the Powertrain category.,Powertrain,Generic,Critical
P02E1,Diesel Intake Air Flow Control Performance,System: Fuel Injector Circuit. Source: SAE J2012 / ISO 15031. This code is classified as Warning-level severity within the Powertrain category.,Powertrain,Generic,Warning
P02E2,Diesel Intake Air Flow Control Circuit Low,System: Fuel Injector Circuit. Source: SAE J2012 / ISO 15031. This code is classified as Warning-level severity within the Powertrain category.,Powertrain,Generic,Warning
P02E3,Diesel Intake Air Flow Control Circuit High,System: Fuel Injector Circuit. Source: SAE J2012 / ISO 15031. This code is classified as Warning-level severity within the Powertrain category.,Powertrain,Generic,Warning
P02E4,Diesel Intake Air Flow Control Stuck Open,System: Fuel Injector Circuit. Source: SAE J2012 / ISO 15031. This code is classified as Critical-level severity within the Powertrain category.,Powertrain,Generic,Critical
P02E5,Diesel Intake Air Flow Control Stuck Closed,System: Fuel Injector Circuit. Source: SAE J2012 / ISO 15031. This code is classified as Critical-level severity within the Powertrain category.,Powertrain,Generic,Critical
P02E6,Diesel Intake Air Flow Position Sensor Circuit,System: Fuel Injector Circuit. Source: SAE J2012 / ISO 15031. This code is classified as Warning-level severity within the Powertrain category.,Powertrain,Generic,Warning
P02E7,Diesel Intake Air Flow Position Sensor Circuit Range/Performance,System: Fuel Injector Circuit. Source: SAE J2012 / ISO 15031. This code is classified as Warning-level severity within the Powertrain category.,Powertrain,Generic,Warning
P02E8,Diesel Intake Air Flow Position Sensor Circuit Low,System: Fuel Injector Circuit. Source: SAE J2012 / ISO 15031. This code is classified as Warning-level severity within the Powertrain category.,Powertrain,Generic,Warning
P02E9,Diesel Intake Air Flow Position Sensor Circuit High,System: Fuel Injector Circuit. Source: SAE J2012 / ISO 15031. This code is classified as Warning-level severity within the Powertrain category.,Powertrain,Generic,Warning
P02EA,Diesel Intake Air Flow Position Sensor Circuit Intermittent/Erratic,System: Fuel Injector Circuit. Source: SAE J2012 / ISO 15031. This code is classified as Warning-level severity within the Powertrain category.,Powertrain,Generic,Warning
P02EB,Diesel Intake Air Flow Control Motor Current Range/Performance,System: Fuel Injector Circuit. Source: SAE J2012 / ISO 15031. This code is classified as Warning-level severity within the Powertrain category.,Powertrain,Generic,Warning
P02EC,Diesel Intake Air Flow Control System - High Air Flow Detected,System: Fuel Injector Circuit. Source: SAE J2012 / ISO 15031. This code is classified as Warning-level severity within the Powertrain category.,Powertrain,Generic,Warning
P02ED,Diesel Intake Air Flow Control System - Low Air Flow Detected,System: Fuel Injector Circuit. Source: SAE J2012 / ISO 15031. This code is classified as Warning-level severity within the Powertrain category.,Powertrain,Generic,Warning
P02EE,Cylinder 1 Injector Circuit Range/Performance,System: Fuel Injector Circuit. Source: SAE J2012 / ISO 15031. This code is classified as Warning-level severity within the Powertrain category.,Powertrain,Generic,Warning
P02EF,Cylinder 2 Injector Circuit Range/Performance,System: Fuel Injector Circuit. Source: SAE J2012 / ISO 15031. This code is classified as Warning-level severity within the Powertrain category.,Powertrain,Generic,Warning
P02F0,Cylinder 3 Injector Circuit Range/Performance,System: Fuel Injector Circuit. Source: SAE J2012 / ISO 15031. This code is classified as Warning-level severity within the Powertrain category.,Powertrain,Generic,Warning
P02F1,Cylinder 4 Injector Circuit Range/Performance,System: Fuel Injector Circuit. Source: SAE J2012 / ISO 15031. This code is classified as Warning-level severity within the Powertrain category.,Powertrain,Generic,Warning
P02F2,Cylinder 5 Injector Circuit Range/Performance,System: Fuel Injector Circuit. Source: SAE J2012 / ISO 15031. This code is classified as Warning-level severity within the Powertrain category.,Powertrain,Generic,Warning
P02F3,Cylinder 6 Injector Circuit Range/Performance,System: Fuel Injector Circuit. Source: SAE J2012 / ISO 15031. This code is classified as Warning-level severity within the Powertrain category.,Powertrain,Generic,Warning
P02F4,Cylinder 7 Injector Circuit Range/Performance,System: Fuel Injector Circuit. Source: SAE J2012 / ISO 15031. This code is classified as Warning-level severity within the Powertrain category.,Powertrain,Generic,Warning
P02F5,Cylinder 8 Injector Circuit Range/Performance,System: Fuel Injector Circuit. Source: SAE J2012 / ISO 15031. This code is classified as Warning-level severity within the Powertrain category.,Powertrain,Generic,Warning
P02F6,Cylinder 9 Injector Circuit Range/Performance,System: Fuel Injector Circuit. Source: SAE J2012 / ISO 15031. This code is classified as Warning-level severity within the Powertrain category.,Powertrain,Generic,Warning
P02F7,Cylinder 10 Injector Circuit Range/Performance,System: Fuel Injector Circuit. Source: SAE J2012 / ISO 15031. This code is classified as Warning-level severity within the Powertrain category.,Powertrain,Generic,Warning
P02F8,Cylinder 11 Injector Circuit Range/Performance,System: Fuel Injector Circuit. Source: SAE J2012 / ISO 15031. This code is classified as Warning-level severity within the Powertrain category.,Powertrain,Generic,Warning
P02F9,Cylinder 12 Injector Circuit Range/Performance,System: Fuel Injector Circuit. Source: SAE J2012 / ISO 15031. This code is classified as Warning-level severity within the Powertrain category.,Powertrain,Generic,Warning
P02FA,Diesel Intake Air Flow Position Sensor Minimum/Maximum Stop,System: Fuel Injector Circuit. Source: SAE J2012 / ISO 15031. This code is classified as Warning-level severity within the Powertrain category.,Powertrain,Generic,Warning
P0300,Random/Multiple Cylinder Misfire Detected,System: Ignition System. Source: SAE J2012 / ISO 15031. This code is classified as Info-level severity within the Powertrain category.,Powertrain,Generic,Info
P0301,Cylinder 1 Misfire Detected,System: Ignition System. Source: SAE J2012 / ISO 15031. This code is classified as Info-level severity within the Powertrain category.,Powertrain,Generic,Info
P0302,Cylinder 2 Misfire Detected,System: Ignition System. Source: SAE J2012 / ISO 15031. This code is classified as Info-level severity within the Powertrain category.,Powertrain,Generic,Info
P0303,Cylinder 3 Misfire Detected,System: Ignition System. Source: SAE J2012 / ISO 15031. This code is classified as Info-level severity within the Powertrain category.,Powertrain,Generic,Info
P0304,Cylinder 4 Misfire Detected,System: Ignition System. Source: SAE J2012 / ISO 15031. This code is classified as Info-level severity within the Powertrain category.,Powertrain,Generic,Info
P0305,Cylinder 5 Misfire Detected,System: Ignition System. Source: SAE J2012 / ISO 15031. This code is classified as Info-level severity within the Powertrain category.,Powertrain,Generic,Info
P0306,Cylinder 6 Misfire Detected,System: Ignition System. Source: SAE J2012 / ISO 15031. This code is classified as Info-level severity within the Powertrain category.,Powertrain,Generic,Info
P0307,Cylinder 7 Misfire Detected,System: Ignition System. Source: SAE J2012 / ISO 15031. This code is classified as Info-level severity within the Powertrain category.,Powertrain,Generic,Info
P0308,Cylinder 8 Misfire Detected,System: Ignition System. Source: SAE J2012 / ISO 15031. This code is classified as Info-level severity within the Powertrain category.,Powertrain,Generic,Info
P0309,Cylinder 9 Misfire Detected,System: Ignition System. Source: SAE J2012 / ISO 15031. This code is classified as Info-level severity within the Powertrain category.,Powertrain,Generic,Info
P0310,Cylinder 10 Misfire Detected,System: Ignition System. Source: SAE J2012 / ISO 15031. This code is classified as Info-level severity within the Powertrain category.,Powertrain,Generic,Info
P0311,Cylinder 11 Misfire Detected,System: Ignition System. Source: SAE J2012 / ISO 15031. This code is classified as Info-level severity within the Powertrain category.,Powertrain,Generic,Info
P0312,Cylinder 12 Misfire Detected,System: Ignition System. Source: SAE J2012 / ISO 15031. This code is classified as Info-level severity within the Powertrain category.,Powertrain,Generic,Info
P0313,Misfire Detected With Low Fuel,System: Ignition System. Source: SAE J2012 / ISO 15031. This code is classified as Warning-level severity within the Powertrain category.,Powertrain,Generic,Warning
P0314,Single Cylinder Misfire (Cylinder not Specified),System: Ignition System. Source: SAE J2012 / ISO 15031. This code is classified as Info-level severity within the Powertrain category.,Powertrain,Generic,Info
P0315,Crankshaft Position System Variation not Learned,System: Ignition System. Source: SAE J2012 / ISO 15031. This code is classified as Info-level severity within the Powertrain category.,Powertrain,Generic,Info
P0316,Engine Misfire Detected on Startup (First 1000 Revolutions),System: Ignition System. Source: SAE J2012 / ISO 15031. This code is classified as Info-level severity within the Powertrain category.,Powertrain,Generic,Info
P0317,Rough Road Hardware not Present,System: Ignition System. Source: SAE J2012 / ISO 15031. This code is classified as Info-level severity within the Powertrain category.,Powertrain,Generic,Info
P0318,"Rough Road Sensor ""A"" Signal Circuit",System: Ignition System. Source: SAE J2012 / ISO 15031. This code is classified as Info-level severity within the Powertrain category.,Powertrain,Generic,Info
P0319,"Rough Road Sensor ""B"" Signal Circuit",System: Ignition System. Source: SAE J2012 / ISO 15031. This code is classified as Info-level severity within the Powertrain category.,Powertrain,Generic,Info
P0320,Ignition/Distributor Engine Speed Input Circuit Malfunction,System: Ignition System. Source: SAE J2012 / ISO 15031. This code is classified as Critical-level severity within the Powertrain category.,Powertrain,Generic,Critical
P0321,Ignition/Distributor Engine Speed Input Circuit Range/Performance,System: Ignition System. Source: SAE J2012 / ISO 15031. This code is classified as Warning-level severity within the Powertrain category.,Powertrain,Generic,Warning
P0322,Ignition/Distributor Engine Speed Input Circuit no Signal,System: Ignition System. Source: SAE J2012 / ISO 15031. This code is classified as Info-level severity within the Powertrain category.,Powertrain,Generic,Info
P0323,Ignition/Distributor Engine Speed Input Circuit Intermittent,System: Ignition System. Source: SAE J2012 / ISO 15031. This code is classified as Warning-level severity within the Powertrain category.,Powertrain,Generic,Warning
P0324,Knock Control System Error,System: Ignition System. Source: SAE J2012 / ISO 15031. This code is classified as Info-level severity within the Powertrain category.,Powertrain,Generic,Info
P0325,Knock Sensor 1 Circuit,System: Ignition System. Source: SAE J2012 / ISO 15031. This code is classified as Info-level severity within the Powertrain category.,Powertrain,Generic,Info
P0326,Knock Sensor 1 Circuit Range/Performance,System: Ignition System. Source: SAE J2012 / ISO 15031. This code is classified as Warning-level severity within the Powertrain category.,Powertrain,Generic,Warning
P0327,Knock Sensor 1 Circuit low Input (Bank 1 or Single Sensor),System: Ignition System. Source: SAE J2012 / ISO 15031. This code is classified as Warning-level severity within the Powertrain category.,Powertrain,Generic,Warning
P0328,Knock Sensor 1 Circuit high Input (Bank 1 or Single Sensor),System: Ignition System. Source: SAE J2012 / ISO 15031. This code is classified as Warning-level severity within the Powertrain category.,Powertrain,Generic,Warning
P0329,Knock Sensor 1 Circuit Intermittent,System: Ignition System. Source: SAE J2012 / ISO 15031. This code is classified as Warning-level severity within the Powertrain category.,Powertrain,Generic,Warning
P032A,Knock Sensor 3 Circuit,System: Ignition System. Source: SAE J2012 / ISO 15031. This code is classified as Info-level severity within the Powertrain category.,Powertrain,Generic,Info
P032B,Knock Sensor 3 Circuit Range/Performance,System: Ignition System. Source: SAE J2012 / ISO 15031. This code is classified as Warning-level severity within the Powertrain category.,Powertrain,Generic,Warning
P032C,Knock Sensor 3 Circuit Low,System: Ignition System. Source: SAE J2012 / ISO 15031. This code is classified as Warning-level severity within the Powertrain category.,Powertrain,Generic,Warning
P032D,Knock Sensor 3 Circuit High,System: Ignition System. Source: SAE J2012 / ISO 15031. This code is classified as Warning-level severity within the Powertrain category.,Powertrain,Generic,Warning
P032E,Knock Sensor 3 Circuit Intermittent,System: Ignition System. Source: SAE J2012 / ISO 15031. This code is classified as Warning-level severity within the Powertrain category.,Powertrain,Generic,Warning
P0330,Knock Sensor 2 Circuit,System: Ignition System. Source: SAE J2012 / ISO 15031. This code is classified as Info-level severity within the Powertrain category.,Powertrain,Generic,Info
P0331,Knock Sensor 2 Circuit Range/Performance,System: Ignition System. Source: SAE J2012 / ISO 15031. This code is classified as Warning-level severity within the Powertrain category.,Powertrain,Generic,Warning
P0332,Knock Sensor 2 Circuit Low Input (Bank 2),System: Ignition System. Source: SAE J2012 / ISO 15031. This code is classified as Warning-level severity within the Powertrain category.,Powertrain,Generic,Warning
P0333,Knock Sensor 2 Circuit High,System: Ignition System. Source: SAE J2012 / ISO 15031. This code is classified as Warning-level severity within the Powertrain category.,Powertrain,Generic,Warning
P0334,Knock Sensor 2 Circuit Intermittent,System: Ignition System. Source: SAE J2012 / ISO 15031. This code is classified as Warning-level severity within the Powertrain category.,Powertrain,Generic,Warning
P0335,"Crankshaft Position Sensor ""A"" Circuit",System: Ignition System. Source: SAE J2012 / ISO 15031. This code is classified as Info-level severity within the Powertrain category.,Powertrain,Generic,Info
P0336,Crankshaft Position Sensor A Circuit Range/Performance,System: Ignition System. Source: SAE J2012 / ISO 15031. This code is classified as Warning-level severity within the Powertrain category.,Powertrain,Generic,Warning
P0338,"Crankshaft Position Sensor ""A"" Circuit High",System: Ignition System. Source: SAE J2012 / ISO 15031. This code is classified as Warning-level severity within the Powertrain category.,Powertrain,Generic,Warning
P0339,"Crankshaft Position Sensor ""A"" Circuit Intermittent",System: Ignition System. Source: SAE J2012 / ISO 15031. This code is classified as Warning-level severity within the Powertrain category.,Powertrain,Generic,Warning
P033A,Knock Sensor 4 Circuit,System: Ignition System. Source: SAE J2012 / ISO 15031. This code is classified as Info-level severity within the Powertrain category.,Powertrain,Generic,Info
P033B,Knock Sensor 4 Circuit Range/Performance,System: Ignition System. Source: SAE J2012 / ISO 15031. This code is classified as Warning-level severity within the Powertrain category.,Powertrain,Generic,Warning
P033C,Knock Sensor 4 Circuit Low,System: Ignition System. Source: SAE J2012 / ISO 15031. This code is classified as Warning-level severity within the Powertrain category.,Powertrain,Generic,Warning
P033D,Knock Sensor 4 Circuit High,System: Ignition System. Source: SAE J2012 / ISO 15031. This code is classified as Warning-level severity within the Powertrain category.,Powertrain,Generic,Warning
P033E,Knock Sensor 4 Circuit Intermittent,System: Ignition System. Source: SAE J2012 / ISO 15031. This code is classified as Warning-level severity within the Powertrain category.,Powertrain,Generic,Warning
P0340,Camshaft Position Sensor Circuit Malfunction,System: Ignition System. Source: SAE J2012 / ISO 15031. This code is classified as Critical-level severity within the Powertrain category.,Powertrain,Generic,Critical
P0341,"Camshaft Position Sensor ""A"" Circuit Range/Performance",System: Ignition System. Source: SAE J2012 / ISO 15031. This code is classified as Warning-level severity within the Powertrain category.,Powertrain,Generic,Warning
P0342,"Camshaft Position Sensor ""A"" Circuit Low",System: Ignition System. Source: SAE J2012 / ISO 15031. This code is classified as Warning-level severity within the Powertrain category.,Powertrain,Generic,Warning
P0343,"Camshaft Position Sensor ""A"" Circuit High",System: Ignition System. Source: SAE J2012 / ISO 15031. This code is classified as Warning-level severity within the Powertrain category.,Powertrain,Generic,Warning
P0344,"Camshaft Position Sensor ""A"" Circuit Intermittent",System: Ignition System. Source: SAE J2012 / ISO 15031. This code is classified as Warning-level severity within the Powertrain category.,Powertrain,Generic,Warning
P0345,Camshaft Position Sensor A Circuit Malfunction (Bank 2),System: Ignition System. Source: SAE J2012 / ISO 15031. This code is classified as Critical-level severity within the Powertrain category.,Powertrain,Generic,Critical
P0346,"Camshaft Position Sensor ""A"" Circuit Range/Performance",System: Ignition System. Source: SAE J2012 / ISO 15031. This code is classified as Warning-level severity within the Powertrain category.,Powertrain,Generic,Warning
P0347,"Camshaft Position Sensor ""A"" Circuit Low",System: Ignition System. Source: SAE J2012 / ISO 15031. This code is classified as Warning-level severity within the Powertrain category.,Powertrain,Generic,Warning
P0348,"Camshaft Position Sensor ""A"" Circuit High",System: Ignition System. Source: SAE J2012 / ISO 15031. This code is classified as Warning-level severity within the Powertrain category.,Powertrain,Generic,Warning
P0349,"Camshaft Position Sensor ""A"" Circuit Intermittent",System: Ignition System. Source: SAE J2012 / ISO 15031. This code is classified as Warning-level severity within the Powertrain category.,Powertrain,Generic,Warning
P0350,Ignition Coil Primary/Secondary Circuit,System: Ignition System. Source: SAE J2012 / ISO 15031. This code is classified as Info-level severity within the Powertrain category.,Powertrain,Generic,Info
P0351,Ignition Coil A Primary/Secondary Circuit Malfunction,System: Ignition System. Source: SAE J2012 / ISO 15031. This code is classified as Critical-level severity within the Powertrain category.,Powertrain,Generic,Critical
P0352,"Ignition Coil ""B"" Primary/Secondary Circuit",System: Ignition System. Source: SAE J2012 / ISO 15031. This code is classified as Info-level severity within the Powertrain category.,Powertrain,Generic,Info
P0353,"Ignition Coil ""C"" Primary/Secondary Circuit",System: Ignition System. Source: SAE J2012 / ISO 15031. This code is classified as Info-level severity within the Powertrain category.,Powertrain,Generic,Info
P0354,Ignition Coil D Primary/Secondary Circuit Malfunction,System: Ignition System. Source: SAE J2012 / ISO 15031. This code is classified as Critical-level severity within the Powertrain category.,Powertrain,Generic,Critical
P0355,"Ignition Coil ""E"" Primary/Secondary Circuit",System: Ignition System. Source: SAE J2012 / ISO 15031. This code is classified as Info-level severity within the Powertrain category.,Powertrain,Generic,Info
P0356,"Ignition Coil ""F"" Primary/Secondary Circuit",System: Ignition System. Source: SAE J2012 / ISO 15031. This code is classified as Info-level severity within the Powertrain category.,Powertrain,Generic,Info
P0357,"Ignition Coil ""G"" Primary/Secondary Circuit",System: Ignition System. Source: SAE J2012 / ISO 15031. This code is classified as Info-level severity within the Powertrain category.,Powertrain,Generic,Info
P0358,"Ignition Coil ""H"" Primary/Secondary Circuit",System: Ignition System. Source: SAE J2012 / ISO 15031. This code is classified as Info-level severity within the Powertrain category.,Powertrain,Generic,Info
P0359,"Ignition Coil ""I"" Primary/Secondary Circuit",System: Ignition System. Source: SAE J2012 / ISO 15031. This code is classified as Info-level severity within the Powertrain category.,Powertrain,Generic,Info
P0360,"Ignition Coil ""J"" Primary/Secondary Circuit",System: Ignition System. Source: SAE J2012 / ISO 15031. This code is classified as Info-level severity within the Powertrain category.,Powertrain,Generic,Info
P0361,"Ignition Coil ""K"" Primary/Secondary Circuit",System: Ignition System. Source: SAE J2012 / ISO 15031. This code is classified as Info-level severity within the Powertrain category.,Powertrain,Generic,Info
P0362,"Ignition Coil ""L"" Primary/Secondary Circuit",System: Ignition System. Source: SAE J2012 / ISO 15031. This code is classified as Info-level severity within the Powertrain category.,Powertrain,Generic,Info
P0363,Misfire Detected - Fueling Disabled,System: Ignition System. Source: SAE J2012 / ISO 15031. This code is classified as Info-level severity within the Powertrain category.,Powertrain,Generic,Info
P0365,"Camshaft Position Sensor ""B"" Circuit",System: Ignition System. Source: SAE J2012 / ISO 15031. This code is classified as Info-level severity within the Powertrain category.,Powertrain,Generic,Info
P0366,"Camshaft Position Sensor ""B"" Circuit Range/Performance",System: Ignition System. Source: SAE J2012 / ISO 15031. This code is classified as Warning-level severity within the Powertrain category.,Powertrain,Generic,Warning
P0367,"Camshaft Position Sensor ""B"" Circuit Low",System: Ignition System. Source: SAE J2012 / ISO 15031. This code is classified as Warning-level severity within the Powertrain category.,Powertrain,Generic,Warning
P0368,"Camshaft Position Sensor ""B"" Circuit High",System: Ignition System. Source: SAE J2012 / ISO 15031. This code is classified as Warning-level severity within the Powertrain category.,Powertrain,Generic,Warning
P0369,"Camshaft Position Sensor ""B"" Circuit Intermittent",System: Ignition System. Source: SAE J2012 / ISO 15031. This code is classified as Warning-level severity within the Powertrain category.,Powertrain,Generic,Warning
P0370,"Timing Reference High Resolution Signal ""A""",System: Ignition System. Source: SAE J2012 / ISO 15031. This code is classified as Warning-level severity within the Powertrain category.,Powertrain,Generic,Warning
P0371,"Timing Reference High Resolution Signal ""A"" Too Many Pulses",System: Ignition System. Source: SAE J2012 / ISO 15031. This code is classified as Warning-level severity within the Powertrain category.,Powertrain,Generic,Warning
P0372,"Timing Reference High Resolution Signal ""A"" Too Few Pulses",System: Ignition System. Source: SAE J2012 / ISO 15031. This code is classified as Warning-level severity within the Powertrain category.,Powertrain,Generic,Warning
P0373,"Timing Reference High Resolution Signal ""A"" Intermittent/Erratic",System: Ignition System. Source: SAE J2012 / ISO 15031. This code is classified as Warning-level severity within the Powertrain category.,Powertrain,Generic,Warning
P0374,"Timing Reference High Resolution Signal ""A"" no Pulses",System: Ignition System. Source: SAE J2012 / ISO 15031. This code is classified as Warning-level severity within the Powertrain category.,Powertrain,Generic,Warning
P0375,"Timing Reference High Resolution Signal ""B""",System: Ignition System. Source: SAE J2012 / ISO 15031. This code is classified as Warning-level severity within the Powertrain category.,Powertrain,Generic,Warning
P0376,"Timing Reference High Resolution Signal ""B"" Too Many Pulses",System: Ignition System. Source: SAE J2012 / ISO 15031. This code is classified as Warning-level severity within the Powertrain category.,Powertrain,Generic,Warning
P0377,"Timing Reference High Resolution Signal ""B"" Too Few Pulses",System: Ignition System. Source: SAE J2012 / ISO 15031. This code is classified as Warning-level severity within the Powertrain category.,Powertrain,Generic,Warning
P0378,"Timing Reference High Resolution Signal ""B"" Intermittent/Erratic",System: Ignition System. Source: SAE J2012 / ISO 15031. This code is classified as Warning-level severity within the Powertrain category.,Powertrain,Generic,Warning
P0379,"Timing Reference High Resolution Signal ""B"" no Pulses",System: Ignition System. Source: SAE J2012 / ISO 15031. This code is classified as Warning-level severity within the Powertrain category.,Powertrain,Generic,Warning
P037D,Glow Plug Sense Circuit,System: Ignition System. Source: SAE J2012 / ISO 15031. This code is classified as Warning-level severity within the Powertrain category.,Powertrain,Generic,Warning
P037E,Glow Plug Sense Circuit Low,System: Ignition System. Source: SAE J2012 / ISO 15031. This code is classified as Warning-level severity within the Powertrain category.,Powertrain,Generic,Warning
P037F,Glow Plug Sense Circuit High,System: Ignition System. Source: SAE J2012 / ISO 15031. This code is classified as Warning-level severity within the Powertrain category.,Powertrain,Generic,Warning
P0380,"Glow Plug/Heater Circuit ""A""",System: Ignition System. Source: SAE J2012 / ISO 15031. This code is classified as Warning-level severity within the Powertrain category.,Powertrain,Generic,Warning
P0381,Glow Plug/Heater Indicator Circuit,System: Ignition System. Source: SAE J2012 / ISO 15031. This code is classified as Warning-level severity within the Powertrain category.,Powertrain,Generic,Warning
P0382,"Glow Plug/Heater Circuit ""B""",System: Ignition System. Source: SAE J2012 / ISO 15031. This code is classified as Warning-level severity within the Powertrain category.,Powertrain,Generic,Warning
P0383,Glow Plug Control Module Control Circuit Low,System: Ignition System. Source: SAE J2012 / ISO 15031. This code is classified as Warning-level severity within the Powertrain category.,Powertrain,Generic,Warning
P0384,Glow Plug Control Module Control Circuit High,System: Ignition System. Source: SAE J2012 / ISO 15031. This code is classified as Warning-level severity within the Powertrain category.,Powertrain,Generic,Warning
P0385,"Crankshaft Position Sensor ""B"" Circuit",System: Ignition System. Source: SAE J2012 / ISO 15031. This code is classified as Info-level severity within the Powertrain category.,Powertrain,Generic,Info
P0386,"Crankshaft Position Sensor ""B"" Circuit Range/Performance",System: Ignition System. Source: SAE J2012 / ISO 15031. This code is classified as Warning-level severity within the Powertrain category.,Powertrain,Generic,Warning
P0387,"Crankshaft Position Sensor ""B"" Circuit Low",System: Ignition System. Source: SAE J2012 / ISO 15031. This code is classified as Warning-level severity within the Powertrain category.,Powertrain,Generic,Warning
P0388,"Crankshaft Position Sensor ""B"" Circuit High",System: Ignition System. Source: SAE J2012 / ISO 15031. This code is classified as Warning-level severity within the Powertrain category.,Powertrain,Generic,Warning
P0389,"Crankshaft Position Sensor ""B"" Circuit Intermittent",System: Ignition System. Source: SAE J2012 / ISO 15031. This code is classified as Warning-level severity within the Powertrain category.,Powertrain,Generic,Warning
P0390,"Camshaft Position Sensor ""B"" Circuit",System: Ignition System. Source: SAE J2012 / ISO 15031. This code is classified as Info-level severity within the Powertrain category.,Powertrain,Generic,Info
P0391,"Camshaft Position Sensor ""B"" Circuit Range/Performance",System: Ignition System. Source: SAE J2012 / ISO 15031. This code is classified as Warning-level severity within the Powertrain category.,Powertrain,Generic,Warning
P0392,"Camshaft Position Sensor ""B"" Circuit Low",System: Ignition System. Source: SAE J2012 / ISO 15031. This code is classified as Warning-level severity within the Powertrain category.,Powertrain,Generic,Warning
P0393,"Camshaft Position Sensor ""B"" Circuit High",System: Ignition System. Source: SAE J2012 / ISO 15031. This code is classified as Warning-level severity within the Powertrain category.,Powertrain,Generic,Warning
P0394,"Camshaft Position Sensor ""B"" Circuit Intermittent",System: Ignition System. Source: SAE J2012 / ISO 15031. This code is classified as Warning-level severity within the Powertrain category.,Powertrain,Generic,Warning
P0400,Exhaust Gas Recirculation Flow Malfunction,System: Auxiliary Emission Controls. Source: SAE J2012 / ISO 15031. This code is classified as Critical-level severity within the Powertrain category.,Powertrain,Generic,Critical
P0401,Exhaust Gas Recirculation Flow Insufficient Detected,System: Auxiliary Emission Controls. Source: SAE J2012 / ISO 15031. This code is classified as Warning-level severity within the Powertrain category.,Powertrain,Generic,Warning
P0402,Exhaust Gas Recirculation Flow Excessive Detected,System: Auxiliary Emission Controls. Source: SAE J2012 / ISO 15031. This code is classified as Critical-level severity within the Powertrain category.,Powertrain,Generic,Critical
P0403,Exhaust Gas Recirculation Circuit Malfunction,System: Auxiliary Emission Controls. Source: SAE J2012 / ISO 15031. This code is classified as Critical-level severity within the Powertrain category.,Powertrain,Generic,Critical
P0404,Exhaust Gas Recirculation Circuit Range/Performance,System: Auxiliary Emission Controls. Source: SAE J2012 / ISO 15031. This code is classified as Warning-level severity within the Powertrain category.,Powertrain,Generic,Warning
P0405,Exhaust Gas Recirculation Sensor A Circuit Low,System: Auxiliary Emission Controls. Source: SAE J2012 / ISO 15031. This code is classified as Warning-level severity within the Powertrain category.,Powertrain,Generic,Warning
P0406,Exhaust Gas Recirculation Sensor A Circuit High,System: Auxiliary Emission Controls. Source: SAE J2012 / ISO 15031. This code is classified as Warning-level severity within the Powertrain category.,Powertrain,Generic,Warning
P0407,"Exhaust Gas Recirculation Sensor ""B"" Circuit Low",System: Auxiliary Emission Controls. Source: SAE J2012 / ISO 15031. This code is classified as Warning-level severity within the Powertrain category.,Powertrain,Generic,Warning
P0408,"Exhaust Gas Recirculation Sensor ""B"" Circuit High",System: Auxiliary Emission Controls. Source: SAE J2012 / ISO 15031. This code is classified as Warning-level severity within the Powertrain category.,Powertrain,Generic,Warning
P0409,"Exhaust Gas Recirculation Sensor ""A"" Circuit",System: Auxiliary Emission Controls. Source: SAE J2012 / ISO 15031. This code is classified as Info-level severity within the Powertrain category.,Powertrain,Generic,Info
P040A,"Exhaust Gas Recirculation Temperature Sensor ""A"" Circuit",System: Auxiliary Emission Controls. Source: SAE J2012 / ISO 15031. This code is classified as Info-level severity within the Powertrain category.,Powertrain,Generic,Info
P040B,"Exhaust Gas Recirculation Temperature Sensor ""A"" Circuit",System: Auxiliary Emission Controls. Source: SAE J2012 / ISO 15031. This code is classified as Info-level severity within the Powertrain category.,Powertrain,Generic,Info
P040C,"Exhaust Gas Recirculation Temperature Sensor ""A"" Circuit Low",System: Auxiliary Emission Controls. Source: SAE J2012 / ISO 15031. This code is classified as Warning-level severity within the Powertrain category.,Powertrain,Generic,Warning
P040D,"Exhaust Gas Recirculation Temperature Sensor ""A"" Circuit High",System: Auxiliary Emission Controls. Source: SAE J2012 / ISO 15031. This code is classified as Warning-level severity within the Powertrain category.,Powertrain,Generic,Warning
P040E,"Exhaust Gas Recirculation Temperature Sensor ""A"" Circuit",System: Auxiliary Emission Controls. Source: SAE J2012 / ISO 15031. This code is classified as Info-level severity within the Powertrain category.,Powertrain,Generic,Info
P040F,"Exhaust Gas Recirculation Temperature Sensor ""A""/""B"" Correlation",System: Auxiliary Emission Controls. Source: SAE J2012 / ISO 15031. This code is classified as Warning-level severity within the Powertrain category.,Powertrain,Generic,Warning
P0410,Secondary Air Injection System Malfunction,System: Auxiliary Emission Controls. Source: SAE J2012 / ISO 15031. This code is classified as Critical-level severity within the Powertrain category.,Powertrain,Generic,Critical
P0411,Secondary Air Injection System Incorrect Flow Detected,System: Auxiliary Emission Controls. Source: SAE J2012 / ISO 15031. This code is classified as Warning-level severity within the Powertrain category.,Powertrain,Generic,Warning
P0412,"Secondary Air Injection System Switching Valve ""A"" Circuit",System: Auxiliary Emission Controls. Source: SAE J2012 / ISO 15031. This code is classified as Info-level severity within the Powertrain category.,Powertrain,Generic,Info
P0413,"Secondary Air Injection System Switching Valve ""A"" Circuit Open",System: Auxiliary Emission Controls. Source: SAE J2012 / ISO 15031. This code is classified as Critical-level severity within the Powertrain category.,Powertrain,Generic,Critical
P0414,"Secondary Air Injection System Switching Valve ""A"" Circuit Shorted",System: Auxiliary Emission Controls. Source: SAE J2012 / ISO 15031. This code is classified as Critical-level severity within the Powertrain category.,Powertrain,Generic,Critical
P0415,"Secondary Air Injection System Switching Valve ""B"" Circuit",System: Auxiliary Emission Controls. Source: SAE J2012 / ISO 15031. This code is classified as Info-level severity within the Powertrain category.,Powertrain,Generic,Info
P0416,"Secondary Air Injection System Switching Valve ""B"" Circuit Open",System: Auxiliary Emission Controls. Source: SAE J2012 / ISO 15031. This code is classified as Critical-level severity within the Powertrain category.,Powertrain,Generic,Critical
P0417,"Secondary Air Injection System Switching Valve ""B"" Circuit Shorted",System: Auxiliary Emission Controls. Source: SAE J2012 / ISO 15031. This code is classified as Critical-level severity within the Powertrain category.,Powertrain,Generic,Critical
P0418,"Secondary Air Injection System Control ""A"" Circuit",System: Auxiliary Emission Controls. Source: SAE J2012 / ISO 15031. This code is classified as Info-level severity within the Powertrain category.,Powertrain,Generic,Info
P0419,"Secondary Air Injection System Control ""B"" Circuit",System: Auxiliary Emission Controls. Source: SAE J2012 / ISO 15031. This code is classified as Info-level severity within the Powertrain category.,Powertrain,Generic,Info
P041A,"Exhaust Gas Recirculation Temperature Sensor ""B"" Circuit",System: Auxiliary Emission Controls. Source: SAE J2012 / ISO 15031. This code is classified as Info-level severity within the Powertrain category.,Powertrain,Generic,Info
P041B,"Exhaust Gas Recirculation Temperature Sensor ""B"" Circuit",System: Auxiliary Emission Controls. Source: SAE J2012 / ISO 15031. This code is classified as Info-level severity within the Powertrain category.,Powertrain,Generic,Info
P041C,"Exhaust Gas Recirculation Temperature Sensor ""B"" Circuit Low",System: Auxiliary Emission Controls. Source: SAE J2012 / ISO 15031. This code is classified as Warning-level severity within the Powertrain category.,Powertrain,Generic,Warning
P041D,"Exhaust Gas Recirculation Temperature Sensor ""B"" Circuit High",System: Auxiliary Emission Controls. Source: SAE J2012 / ISO 15031. This code is classified as Warning-level severity within the Powertrain category.,Powertrain,Generic,Warning
P041E,"Exhaust Gas Recirculation Temperature Sensor ""B"" Circuit",System: Auxiliary Emission Controls. Source: SAE J2012 / ISO 15031. This code is classified as Info-level severity within the Powertrain category.,Powertrain,Generic,Info
P041F,"Secondary Air Injection System Switching Valve ""A"" Circuit Low",System: Auxiliary Emission Controls. Source: SAE J2012 / ISO 15031. This code is classified as Warning-level severity within the Powertrain category.,Powertrain,Generic,Warning
P0420,Catalyst System Efficiency Below Threshold (Bank 1),System: Auxiliary Emission Controls. Source: SAE J2012 / ISO 15031. This code is classified as Warning-level severity within the Powertrain category.,Powertrain,Generic,Warning
P0421,Warm Up Catalyst Efficiency Below Threshold (Bank 1),System: Auxiliary Emission Controls. Source: SAE J2012 / ISO 15031. This code is classified as Warning-level severity within the Powertrain category.,Powertrain,Generic,Warning
P0422,Main Catalyst Efficiency Below Threshold,System: Auxiliary Emission Controls. Source: SAE J2012 / ISO 15031. This code is classified as Warning-level severity within the Powertrain category.,Powertrain,Generic,Warning
P0423,Heated Catalyst Efficiency Below Threshold,System: Auxiliary Emission Controls. Source: SAE J2012 / ISO 15031. This code is classified as Warning-level severity within the Powertrain category.,Powertrain,Generic,Warning
P0424,Heated Catalyst Temperature Below Threshold,System: Auxiliary Emission Controls. Source: SAE J2012 / ISO 15031. This code is classified as Warning-level severity within the Powertrain category.,Powertrain,Generic,Warning
P0425,Catalyst Temperature Sensor Circuit,System: Auxiliary Emission Controls. Source: SAE J2012 / ISO 15031. This code is classified as Info-level severity within the Powertrain category.,Powertrain,Generic,Info
P0426,Catalyst Temperature Sensor Circuit Range/Performance,System: Auxiliary Emission Controls. Source: SAE J2012 / ISO 15031. This code is classified as Warning-level severity within the Powertrain category.,Powertrain,Generic,Warning
P0427,Catalyst Temperature Sensor Circuit Low,System: Auxiliary Emission Controls. Source: SAE J2012 / ISO 15031. This code is classified as Warning-level severity within the Powertrain category.,Powertrain,Generic,Warning
P0428,Catalyst Temperature Sensor Circuit High,System: Auxiliary Emission Controls. Source: SAE J2012 / ISO 15031. This code is classified as Warning-level severity within the Powertrain category.,Powertrain,Generic,Warning
P0429,Catalyst Heater Control Circuit,System: Auxiliary Emission Controls. Source: SAE J2012 / ISO 15031. This code is classified as Info-level severity within the Powertrain category.,Powertrain,Generic,Info
P042A,Catalyst Temperature Sensor Circuit,System: Auxiliary Emission Controls. Source: SAE J2012 / ISO 15031. This code is classified as Info-level severity within the Powertrain category.,Powertrain,Generic,Info
P042B,Catalyst Temperature Sensor Circuit Range/Performance,System: Auxiliary Emission Controls. Source: SAE J2012 / ISO 15031. This code is classified as Warning-level severity within the Powertrain category.,Powertrain,Generic,Warning
P042C,Catalyst Temperature Sensor Circuit Low,System: Auxiliary Emission Controls. Source: SAE J2012 / ISO 15031. This code is classified as Warning-level severity within the Powertrain category.,Powertrain,Generic,Warning
P042D,Catalyst Temperature Sensor Circuit High,System: Auxiliary Emission Controls. Source: SAE J2012 / ISO 15031. This code is classified as Warning-level severity within the Powertrain category.,Powertrain,Generic,Warning
P042E,"Exhaust Gas Recirculation ""A"" Control Stuck Open",System: Auxiliary Emission Controls. Source: SAE J2012 / ISO 15031. This code is classified as Critical-level severity within the Powertrain category.,Powertrain,Generic,Critical
P042F,"Exhaust Gas Recirculation ""A"" Control Stuck Closed",System: Auxiliary Emission Controls. Source: SAE J2012 / ISO 15031. This code is classified as Critical-level severity within the Powertrain category.,Powertrain,Generic,Critical
P0430,Catalyst System Efficiency Below Threshold,System: Auxiliary Emission Controls. Source: SAE J2012 / ISO 15031. This code is classified as Warning-level severity within the Powertrain category.,Powertrain,Generic,Warning
P0431,Warm Up Catalyst Efficiency Below Threshold,System: Auxiliary Emission Controls. Source: SAE J2012 / ISO 15031. This code is classified as Warning-level severity within the Powertrain category.,Powertrain,Generic,Warning
P0432,Main Catalyst Efficiency Below Threshold,System: Auxiliary Emission Controls. Source: SAE J2012 / ISO 15031. This code is classified as Warning-level severity within the Powertrain category.,Powertrain,Generic,Warning
P0433,Heated Catalyst Efficiency Below Threshold,System: Auxiliary Emission Controls. Source: SAE J2012 / ISO 15031. This code is classified as Warning-level severity within the Powertrain category.,Powertrain,Generic,Warning
P0434,Heated Catalyst Temperature Below Threshold,System: Auxiliary Emission Controls. Source: SAE J2012 / ISO 15031. This code is classified as Warning-level severity within the Powertrain category.,Powertrain,Generic,Warning
P0435,Catalyst Temperature Sensor Circuit,System: Auxiliary Emission Controls. Source: SAE J2012 / ISO 15031. This code is classified as Info-level severity within the Powertrain category.,Powertrain,Generic,Info
P0436,Catalyst Temperature Sensor Circuit Range/Performance,System: Auxiliary Emission Controls. Source: SAE J2012 / ISO 15031. This code is classified as Warning-level severity within the Powertrain category.,Powertrain,Generic,Warning
P0437,Catalyst Temperature Sensor Circuit Low,System: Auxiliary Emission Controls. Source: SAE J2012 / ISO 15031. This code is classified as Warning-level severity within the Powertrain category.,Powertrain,Generic,Warning
P0438,Catalyst Temperature Sensor Circuit High,System: Auxiliary Emission Controls. Source: SAE J2012 / ISO 15031. This code is classified as Warning-level severity within the Powertrain category.,Powertrain,Generic,Warning
P0439,Catalyst Heater Control Circuit,System: Auxiliary Emission Controls. Source: SAE J2012 / ISO 15031. This code is classified as Info-level severity within the Powertrain category.,Powertrain,Generic,Info
P043A,Catalyst Temperature Sensor Circuit,System: Auxiliary Emission Controls. Source: SAE J2012 / ISO 15031. This code is classified as Info-level severity within the Powertrain category.,Powertrain,Generic,Info
P043B,Catalyst Temperature Sensor Circuit Range/Performance,System: Auxiliary Emission Controls. Source: SAE J2012 / ISO 15031. This code is classified as Warning-level severity within the Powertrain category.,Powertrain,Generic,Warning
P043C,Catalyst Temperature Sensor Circuit Low,System: Auxiliary Emission Controls. Source: SAE J2012 / ISO 15031. This code is classified as Warning-level severity within the Powertrain category.,Powertrain,Generic,Warning
P043D,Catalyst Temperature Sensor Circuit High,System: Auxiliary Emission Controls. Source: SAE J2012 / ISO 15031. This code is classified as Warning-level severity within the Powertrain category.,Powertrain,Generic,Warning
P043E,Evaporative Emission System Leak Detection Reference Orifice,System: Auxiliary Emission Controls. Source: SAE J2012 / ISO 15031. This code is classified as Critical-level severity within the Powertrain category.,Powertrain,Generic,Critical
P043F,Evaporative Emission System Leak Detection Reference Orifice,System: Auxiliary Emission Controls. Source: SAE J2012 / ISO 15031. This code is classified as Critical-level severity within the Powertrain category.,Powertrain,Generic,Critical
P0440,Evaporative Emission Control System Malfunction,System: Auxiliary Emission Controls. Source: SAE J2012 / ISO 15031. This code is classified as Critical-level severity within the Powertrain category.,Powertrain,Generic,Critical
P0441,Evaporative Emission Control System Incorrect Purge flow,System: Auxiliary Emission Controls. Source: SAE J2012 / ISO 15031. This code is classified as Warning-level severity within the Powertrain category.,Powertrain,Generic,Warning
P0442,Evaporative Emission Control System Leak Detected (small leak),System: Auxiliary Emission Controls. Source: SAE J2012 / ISO 15031. This code is classified as Critical-level severity within the Powertrain category.,Powertrain,Generic,Critical
P0443,Evaporative Emission System Purge Control Valve Circuit,System: Auxiliary Emission Controls. Source: SAE J2012 / ISO 15031. This code is classified as Info-level severity within the Powertrain category.,Powertrain,Generic,Info
P0444,Evaporative Emission System Purge Control Valve Circuit Open,System: Auxiliary Emission Controls. Source: SAE J2012 / ISO 15031. This code is classified as Critical-level severity within the Powertrain category.,Powertrain,Generic,Critical
P0445,Evaporative Emission System Purge Control Valve Circuit Shorted,System: Auxiliary Emission Controls. Source: SAE J2012 / ISO 15031. This code is classified as Critical-level severity within the Powertrain category.,Powertrain,Generic,Critical
P0446,Evaporative Emission Control System Vent Control Circuit Malfunction,System: Auxiliary Emission Controls. Source: SAE J2012 / ISO 15031. This code is classified as Critical-level severity within the Powertrain category.,Powertrain,Generic,Critical
P0447,Evaporative Emission System Vent Control Circuit Open,System: Auxiliary Emission Controls. Source: SAE J2012 / ISO 15031. This code is classified as Critical-level severity within the Powertrain category.,Powertrain,Generic,Critical
P0448,Evaporative Emission System Vent Control Circuit Shorted,System: Auxiliary Emission Controls. Source: SAE J2012 / ISO 15031. This code is classified as Critical-level severity within the Powertrain category.,Powertrain,Generic,Critical
P0449,Evaporative Emission System Vent Valve/Solenoid Circuit,System: Auxiliary Emission Controls. Source: SAE J2012 / ISO 15031. This code is classified as Info-level severity within the Powertrain category.,Powertrain,Generic,Info
P044A,"Exhaust Gas Recirculation Sensor ""C"" Circuit",System: Auxiliary Emission Controls. Source: SAE J2012 / ISO 15031. This code is classified as Info-level severity within the Powertrain category.,Powertrain,Generic,Info
P044B,"Exhaust Gas Recirculation Sensor ""C"" Circuit Range/Performance",System: Auxiliary Emission Controls. Source: SAE J2012 / ISO 15031. This code is classified as Warning-level severity within the Powertrain category.,Powertrain,Generic,Warning
P044C,"Exhaust Gas Recirculation Sensor ""C"" Circuit Low",System: Auxiliary Emission Controls. Source: SAE J2012 / ISO 15031. This code is classified as Warning-level severity within the Powertrain category.,Powertrain,Generic,Warning
P044D,"Exhaust Gas Recirculation Sensor ""C"" Circuit High",System: Auxiliary Emission Controls. Source: SAE J2012 / ISO 15031. This code is classified as Warning-level severity within the Powertrain category.,Powertrain,Generic,Warning
P044E,"Exhaust Gas Recirculation Sensor ""C"" Circuit Intermittent/Erratic",System: Auxiliary Emission Controls. Source: SAE J2012 / ISO 15031. This code is classified as Warning-level severity within the Powertrain category.,Powertrain,Generic,Warning
P044F,"Secondary Air Injection System Switching Valve ""A"" Circuit High",System: Auxiliary Emission Controls. Source: SAE J2012 / ISO 15031. This code is classified as Warning-level severity within the Powertrain category.,Powertrain,Generic,Warning
P0450,Evaporative Emission System Pressure Sensor/Switch,System: Auxiliary Emission Controls. Source: SAE J2012 / ISO 15031. This code is classified as Info-level severity within the Powertrain category.,Powertrain,Generic,Info
P0451,Evaporative Emission System Pressure Sensor/Switch,System: Auxiliary Emission Controls. Source: SAE J2012 / ISO 15031. This code is classified as Info-level severity within the Powertrain category.,Powertrain,Generic,Info
P0452,Evaporative Emission System Pressure Sensor/Switch Low,System: Auxiliary Emission Controls. Source: SAE J2012 / ISO 15031. This code is classified as Warning-level severity within the Powertrain category.,Powertrain,Generic,Warning
P0453,Evaporative Emission System Pressure Sensor/Switch High,System: Auxiliary Emission Controls. Source: SAE J2012 / ISO 15031. This code is classified as Warning-level severity within the Powertrain category.,Powertrain,Generic,Warning
P0454,Evaporative Emission System Pressure Sensor/Switch Intermittent,System: Auxiliary Emission Controls. Source: SAE J2012 / ISO 15031. This code is classified as Warning-level severity within the Powertrain category.,Powertrain,Generic,Warning
P0455,Evaporative Emission Control System Leak Detected (large leak),System: Auxiliary Emission Controls. Source: SAE J2012 / ISO 15031. This code is classified as Critical-level severity within the Powertrain category.,Powertrain,Generic,Critical
P0456,Evaporative Emissions System - Small leak detected,System: Auxiliary Emission Controls. Source: SAE J2012 / ISO 15031. This code is classified as Critical-level severity within the Powertrain category.,Powertrain,Generic,Critical
P0457,Evaporative Emission System Leak Detected (fuel cap loose/off),System: Auxiliary Emission Controls. Source: SAE J2012 / ISO 15031. This code is classified as Critical-level severity within the Powertrain category.,Powertrain,Generic,Critical
P0458,Evaporative Emission System Purge Control Valve Circuit Low,System: Auxiliary Emission Controls. Source: SAE J2012 / ISO 15031. This code is classified as Warning-level severity within the Powertrain category.,Powertrain,Generic,Warning
P0459,Evaporative Emission System Purge Control Valve Circuit High,System: Auxiliary Emission Controls. Source: SAE J2012 / ISO 15031. This code is classified as Warning-level severity within the Powertrain category.,Powertrain,Generic,Warning
P045A,"Exhaust Gas Recirculation ""B"" Control Circuit",System: Auxiliary Emission Controls. Source: SAE J2012 / ISO 15031. This code is classified as Info-level severity within the Powertrain category.,Powertrain,Generic,Info
P045B,"Exhaust Gas Recirculation ""B"" Control Circuit Range/Performance",System: Auxiliary Emission Controls. Source: SAE J2012 / ISO 15031. This code is classified as Warning-level severity within the Powertrain category.,Powertrain,Generic,Warning
P045C,"Exhaust Gas Recirculation ""B"" Control Circuit Low",System: Auxiliary Emission Controls. Source: SAE J2012 / ISO 15031. This code is classified as Warning-level severity within the Powertrain category.,Powertrain,Generic,Warning
P045D,"Exhaust Gas Recirculation ""B"" Control Circuit High",System: Auxiliary Emission Controls. Source: SAE J2012 / ISO 15031. This code is classified as Warning-level severity within the Powertrain category.,Powertrain,Generic,Warning
P045E,"Exhaust Gas Recirculation ""B"" Control Stuck Open",System: Auxiliary Emission Controls. Source: SAE J2012 / ISO 15031. This code is classified as Critical-level severity within the Powertrain category.,Powertrain,Generic,Critical
P045F,"Exhaust Gas Recirculation ""B"" Control Stuck Closed",System: Auxiliary Emission Controls. Source: SAE J2012 / ISO 15031. This code is classified as Critical-level severity within the Powertrain category.,Powertrain,Generic,Critical
P0460,"Fuel Level Sensor ""A"" Circuit",System: Auxiliary Emission Controls. Source: SAE J2012 / ISO 15031. This code is classified as Info-level severity within the Powertrain category.,Powertrain,Generic,Info
P0461,"Fuel Level Sensor ""A"" Circuit Range/Performance",System: Auxiliary Emission Controls. Source: SAE J2012 / ISO 15031. This code is classified as Warning-level severity within the Powertrain category.,Powertrain,Generic,Warning
P0462,"Fuel Level Sensor ""A"" Circuit Low",System: Auxiliary Emission Controls. Source: SAE J2012 / ISO 15031. This code is classified as Warning-level severity within the Powertrain category.,Powertrain,Generic,Warning
P0463,"Fuel Level Sensor ""A"" Circuit High",System: Auxiliary Emission Controls. Source: SAE J2012 / ISO 15031. This code is classified as Warning-level severity within the Powertrain category.,Powertrain,Generic,Warning
P0464,"Fuel Level Sensor ""A"" Circuit Intermittent",System: Auxiliary Emission Controls. Source: SAE J2012 / ISO 15031. This code is classified as Warning-level severity within the Powertrain category.,Powertrain,Generic,Warning
P0465,EVAP Purge Flow Sensor Circuit,System: Auxiliary Emission Controls. Source: SAE J2012 / ISO 15031. This code is classified as Warning-level severity within the Powertrain category.,Powertrain,Generic,Warning
P0466,EVAP Purge Flow Sensor Circuit Range/Performance,System: Auxiliary Emission Controls. Source: SAE J2012 / ISO 15031. This code is classified as Warning-level severity within the Powertrain category.,Powertrain,Generic,Warning
P0467,EVAP Purge Flow Sensor Circuit Low,System: Auxiliary Emission Controls. Source: SAE J2012 / ISO 15031. This code is classified as Warning-level severity within the Powertrain category.,Powertrain,Generic,Warning
P0468,EVAP Purge Flow Sensor Circuit High,System: Auxiliary Emission Controls. Source: SAE J2012 / ISO 15031. This code is classified as Warning-level severity within the Powertrain category.,Powertrain,Generic,Warning
P0469,EVAP Purge Flow Sensor Circuit Intermittent,System: Auxiliary Emission Controls. Source: SAE J2012 / ISO 15031. This code is classified as Warning-level severity within the Powertrain category.,Powertrain,Generic,Warning
P046A,Catalyst Temperature Sensor 1/2 Correlation,System: Auxiliary Emission Controls. Source: SAE J2012 / ISO 15031. This code is classified as Warning-level severity within the Powertrain category.,Powertrain,Generic,Warning
P046B,Catalyst Temperature Sensor 1/2 Correlation,System: Auxiliary Emission Controls. Source: SAE J2012 / ISO 15031. This code is classified as Warning-level severity within the Powertrain category.,Powertrain,Generic,Warning
P046C,"Exhaust Gas Recirculation Sensor ""A"" Circuit Range/Performance",System: Auxiliary Emission Controls. Source: SAE J2012 / ISO 15031. This code is classified as Warning-level severity within the Powertrain category.,Powertrain,Generic,Warning
P046D,"Exhaust Gas Recirculation Sensor ""A"" Circuit Intermittent/Erratic",System: Auxiliary Emission Controls. Source: SAE J2012 / ISO 15031. This code is classified as Warning-level severity within the Powertrain category.,Powertrain,Generic,Warning
P046E,"Exhaust Gas Recirculation Sensor ""B"" Circuit Range/Performance",System: Auxiliary Emission Controls. Source: SAE J2012 / ISO 15031. This code is classified as Warning-level severity within the Powertrain category.,Powertrain,Generic,Warning
P046F,"Exhaust Gas Recirculation Sensor ""B"" Circuit Intermittent/Erratic",System: Auxiliary Emission Controls. Source: SAE J2012 / ISO 15031. This code is classified as Warning-level severity within the Powertrain category.,Powertrain,Generic,Warning
P0470,"Exhaust Pressure Sensor ""A"" Circuit",System: Auxiliary Emission Controls. Source: SAE J2012 / ISO 15031. This code is classified as Info-level severity within the Powertrain category.,Powertrain,Generic,Info
P0471,"Exhaust Pressure Sensor ""A"" Circuit Range/Performance",System: Auxiliary Emission Controls. Source: SAE J2012 / ISO 15031. This code is classified as Warning-level severity within the Powertrain category.,Powertrain,Generic,Warning
P0472,"Exhaust Pressure Sensor ""A"" Circuit Low",System: Auxiliary Emission Controls. Source: SAE J2012 / ISO 15031. This code is classified as Warning-level severity within the Powertrain category.,Powertrain,Generic,Warning
P0473,"Exhaust Pressure Sensor ""A"" Circuit High",System: Auxiliary Emission Controls. Source: SAE J2012 / ISO 15031. This code is classified as Warning-level severity within the Powertrain category.,Powertrain,Generic,Warning
P0474,"Exhaust Pressure Sensor ""A"" Circuit Intermittent/Erratic",System: Auxiliary Emission Controls. Source: SAE J2012 / ISO 15031. This code is classified as Warning-level severity within the Powertrain category.,Powertrain,Generic,Warning
P0475,"Exhaust Pressure Control Valve ""A""",System: Auxiliary Emission Controls. Source: SAE J2012 / ISO 15031. This code is classified as Info-level severity within the Powertrain category.,Powertrain,Generic,Info
P0476,"Exhaust Pressure Control Valve ""A"" Range/Performance",System: Auxiliary Emission Controls. Source: SAE J2012 / ISO 15031. This code is classified as Warning-level severity within the Powertrain category.,Powertrain,Generic,Warning
P0477,"Exhaust Pressure Control Valve ""A"" Low",System: Auxiliary Emission Controls. Source: SAE J2012 / ISO 15031. This code is classified as Warning-level severity within the Powertrain category.,Powertrain,Generic,Warning
P0478,"Exhaust Pressure Control Valve ""A"" High",System: Auxiliary Emission Controls. Source: SAE J2012 / ISO 15031. This code is classified as Warning-level severity within the Powertrain category.,Powertrain,Generic,Warning
P0479,"Exhaust Pressure Control Valve ""A"" Intermittent",System: Auxiliary Emission Controls. Source: SAE J2012 / ISO 15031. This code is classified as Warning-level severity within the Powertrain category.,Powertrain,Generic,Warning
P047A,"Exhaust Pressure Sensor ""B"" Circuit",System: Auxiliary Emission Controls. Source: SAE J2012 / ISO 15031. This code is classified as Info-level severity within the Powertrain category.,Powertrain,Generic,Info
P047B,"Exhaust Pressure Sensor ""B"" Circuit Range/Performance",System: Auxiliary Emission Controls. Source: SAE J2012 / ISO 15031. This code is classified as Warning-level severity within the Powertrain category.,Powertrain,Generic,Warning
P047C,"Exhaust Pressure Sensor ""B"" Circuit Low",System: Auxiliary Emission Controls. Source: SAE J2012 / ISO 15031. This code is classified as Warning-level severity within the Powertrain category.,Powertrain,Generic,Warning
P047D,"Exhaust Pressure Sensor ""B"" Circuit High",System: Auxiliary Emission Controls. Source: SAE J2012 / ISO 15031. This code is classified as Warning-level severity within the Powertrain category.,Powertrain,Generic,Warning
P047E,"Exhaust Pressure Sensor ""B"" Circuit Intermittent/Erratic",System: Auxiliary Emission Controls. Source: SAE J2012 / ISO 15031. This code is classified as Warning-level severity within the Powertrain category.,Powertrain,Generic,Warning
P047F,"Exhaust Pressure Control Valve ""A"" Stuck Open",System: Auxiliary Emission Controls. Source: SAE J2012 / ISO 15031. This code is classified as Critical-level severity within the Powertrain category.,Powertrain,Generic,Critical
P0480,Fan 1 Control Circuit,System: Auxiliary Emission Controls. Source: SAE J2012 / ISO 15031. This code is classified as Info-level severity within the Powertrain category.,Powertrain,Generic,Info
P0481,Fan 2 Control Circuit,System: Auxiliary Emission Controls. Source: SAE J2012 / ISO 15031. This code is classified as Info-level severity within the Powertrain category.,Powertrain,Generic,Info
P0482,Fan 3 Control Circuit,System: Auxiliary Emission Controls. Source: SAE J2012 / ISO 15031. This code is classified as Info-level severity within the Powertrain category.,Powertrain,Generic,Info
P0483,Fan Rationality Check,System: Auxiliary Emission Controls. Source: SAE J2012 / ISO 15031. This code is classified as Info-level severity within the Powertrain category.,Powertrain,Generic,Info
P0484,Fan Circuit Over Current,System: Auxiliary Emission Controls. Source: SAE J2012 / ISO 15031. This code is classified as Info-level severity within the Powertrain category.,Powertrain,Generic,Info
P0485,Fan Power/Ground Circuit,System: Auxiliary Emission Controls. Source: SAE J2012 / ISO 15031. This code is classified as Info-level severity within the Powertrain category.,Powertrain,Generic,Info
P0486,"Exhaust Gas Recirculation Sensor ""B"" Circuit",System: Auxiliary Emission Controls. Source: SAE J2012 / ISO 15031. This code is classified as Info-level severity within the Powertrain category.,Powertrain,Generic,Info
P0487,"Exhaust Gas Recirculation Throttle Control Circuit ""A"" /Open",System: Auxiliary Emission Controls. Source: SAE J2012 / ISO 15031. This code is classified as Critical-level severity within the Powertrain category.,Powertrain,Generic,Critical
P0488,"Exhaust Gas Recirculation Throttle Control Circuit ""A""",System: Auxiliary Emission Controls. Source: SAE J2012 / ISO 15031. This code is classified as Info-level severity within the Powertrain category.,Powertrain,Generic,Info
P0489,"Exhaust Gas Recirculation ""A"" Control Circuit Low",System: Auxiliary Emission Controls. Source: SAE J2012 / ISO 15031. This code is classified as Warning-level severity within the Powertrain category.,Powertrain,Generic,Warning
P048A,"Exhaust Pressure Control Valve ""A"" Stuck Closed",System: Auxiliary Emission Controls. Source: SAE J2012 / ISO 15031. This code is classified as Critical-level severity within the Powertrain category.,Powertrain,Generic,Critical
P048B,Exhaust Pressure Control Valve Position Sensor/Switch Circuit,System: Auxiliary Emission Controls. Source: SAE J2012 / ISO 15031. This code is classified as Info-level severity within the Powertrain category.,Powertrain,Generic,Info
P048C,Exhaust Pressure Control Valve Position Sensor/Switch Circuit,System: Auxiliary Emission Controls. Source: SAE J2012 / ISO 15031. This code is classified as Info-level severity within the Powertrain category.,Powertrain,Generic,Info
P048D,Exhaust Pressure Control Valve Position Sensor/Switch Circuit Low,System: Auxiliary Emission Controls. Source: SAE J2012 / ISO 15031. This code is classified as Warning-level severity within the Powertrain category.,Powertrain,Generic,Warning
P048E,Exhaust Pressure Control Valve Position Sensor/Switch Circuit,System: Auxiliary Emission Controls. Source: SAE J2012 / ISO 15031. This code is classified as Info-level severity within the Powertrain category.,Powertrain,Generic,Info
P048F,Exhaust Pressure Control Valve Position Sensor/Switch Circuit,System: Auxiliary Emission Controls. Source: SAE J2012 / ISO 15031. This code is classified as Info-level severity within the Powertrain category.,Powertrain,Generic,Info
P0490,"Exhaust Gas Recirculation ""A"" Control Circuit High",System: Auxiliary Emission Controls. Source: SAE J2012 / ISO 15031. This code is classified as Warning-level severity within the Powertrain category.,Powertrain,Generic,Warning
P0491,Secondary Air Injection System Insufficient Flow,System: Auxiliary Emission Controls. Source: SAE J2012 / ISO 15031. This code is classified as Warning-level severity within the Powertrain category.,Powertrain,Generic,Warning
P0492,Secondary Air Injection System Insufficient Flow,System: Auxiliary Emission Controls. Source: SAE J2012 / ISO 15031. This code is classified as Warning-level severity within the Powertrain category.,Powertrain,Generic,Warning
P0493,Fan Overspeed,System: Auxiliary Emission Controls. Source: SAE J2012 / ISO 15031. This code is classified as Critical-level severity within the Powertrain category.,Powertrain,Generic,Critical
P0494,Fan Speed Low,System: Auxiliary Emission Controls. Source: SAE J2012 / ISO 15031. This code is classified as Warning-level severity within the Powertrain category.,Powertrain,Generic,Warning
P0495,Fan Speed High,System: Auxiliary Emission Controls. Source: SAE J2012 / ISO 15031. This code is classified as Warning-level severity within the Powertrain category.,Powertrain,Generic,Warning
P0496,Evaporative Emission System High Purge Flow,System: Auxiliary Emission Controls. Source: SAE J2012 / ISO 15031. This code is classified as Warning-level severity within the Powertrain category.,Powertrain,Generic,Warning
P0497,Evaporative Emission System Low Purge Flow,System: Auxiliary Emission Controls. Source: SAE J2012 / ISO 15031. This code is classified as Warning-level severity within the Powertrain category.,Powertrain,Generic,Warning
P0498,Evaporative Emission System Vent Valve Control Circuit Low,System: Auxiliary Emission Controls. Source: SAE J2012 / ISO 15031. This code is classified as Warning-level severity within the Powertrain category.,Powertrain,Generic,Warning
P0499,Evaporative Emission System Vent Valve Control Circuit High,System: Auxiliary Emission Controls. Source: SAE J2012 / ISO 15031. This code is classified as Warning-level severity within the Powertrain category.,Powertrain,Generic,Warning
P049A,"Exhaust Gas Recirculation ""B"" Flow",System: Auxiliary Emission Controls. Source: SAE J2012 / ISO 15031. This code is classified as Warning-level severity within the Powertrain category.,Powertrain,Generic,Warning
P049B,"Exhaust Gas Recirculation ""B"" Flow Insufficient Detected",System: Auxiliary Emission Controls. Source: SAE J2012 / ISO 15031. This code is classified as Warning-level severity within the Powertrain category.,Powertrain,Generic,Warning
P049C,"Exhaust Gas Recirculation ""B"" Flow Excessive Detected",System: Auxiliary Emission Controls. Source: SAE J2012 / ISO 15031. This code is classified as Critical-level severity within the Powertrain category.,Powertrain,Generic,Critical
P049D,"Exhaust Gas Recirculation ""A"" Control Position Exceeded Learning",System: Auxiliary Emission Controls. Source: SAE J2012 / ISO 15031. This code is classified as Warning-level severity within the Powertrain category.,Powertrain,Generic,Warning
P049E,"Exhaust Gas Recirculation ""B"" Control Position Exceeded Learning",System: Auxiliary Emission Controls. Source: SAE J2012 / ISO 15031. This code is classified as Warning-level severity within the Powertrain category.,Powertrain,Generic,Warning
P049F,"Exhaust Pressure Control Valve ""B""",System: Auxiliary Emission Controls. Source: SAE J2012 / ISO 15031. This code is classified as Info-level severity within the Powertrain category.,Powertrain,Generic,Info
P04A0,"Exhaust Pressure Control Valve ""B"" Range/Performance",System: Auxiliary Emission Controls. Source: SAE J2012 / ISO 15031. This code is classified as Warning-level severity within the Powertrain category.,Powertrain,Generic,Warning
P04A1,"Exhaust Pressure Control Valve ""B"" Low",System: Auxiliary Emission Controls. Source: SAE J2012 / ISO 15031. This code is classified as Warning-level severity within the Powertrain category.,Powertrain,Generic,Warning
P04A2,"Exhaust Pressure Control Valve ""B"" High",System: Auxiliary Emission Controls. Source: SAE J2012 / ISO 15031. This code is classified as Warning-level severity within the Powertrain category.,Powertrain,Generic,Warning
P04A3,"Exhaust Pressure Control Valve "" B"" Intermittent",System: Auxiliary Emission Controls. Source: SAE J2012 / ISO 15031. This code is classified as Warning-level severity within the Powertrain category.,Powertrain,Generic,Warning
P04A4,"Exhaust Pressure Control Valve ""B"" Stuck Open",System: Auxiliary Emission Controls. Source: SAE J2012 / ISO 15031. This code is classified as Critical-level severity within the Powertrain category.,Powertrain,Generic,Critical
P04A5,"Exhaust Pressure Control Valve ""B"" Stuck Closed",System: Auxiliary Emission Controls. Source: SAE J2012 / ISO 15031. This code is classified as Critical-level severity within the Powertrain category.,Powertrain,Generic,Critical
P04A6,"Exhaust Pressure Control Valve ""B"" Position Sensor/Switch Circuit",System: Auxiliary Emission Controls. Source: SAE J2012 / ISO 15031. This code is classified as Info-level severity within the Powertrain category.,Powertrain,Generic,Info
P04A7,"Exhaust Pressure Control Valve ""B"" Position Sensor/Switch Circuit",System: Auxiliary Emission Controls. Source: SAE J2012 / ISO 15031. This code is classified as Info-level severity within the Powertrain category.,Powertrain,Generic,Info
P04A8,"Exhaust Pressure Control Valve ""B"" Position Sensor/Switch Circuit",System: Auxiliary Emission Controls. Source: SAE J2012 / ISO 15031. This code is classified as Info-level severity within the Powertrain category.,Powertrain,Generic,Info
P04A9,"Exhaust Pressure Control Valve ""B"" Position Sensor/Switch Circuit",System: Auxiliary Emission Controls. Source: SAE J2012 / ISO 15031. This code is classified as Info-level severity within the Powertrain category.,Powertrain,Generic,Info
P04AA,"Exhaust Pressure Control Valve ""B"" Position Sensor/Switch Circuit",System: Auxiliary Emission Controls. Source: SAE J2012 / ISO 15031. This code is classified as Info-level severity within the Powertrain category.,Powertrain,Generic,Info
P0500,Vehicle Speed Sensor Malfunction,System: Vehicle Speed Control. Source: SAE J2012 / ISO 15031. This code is classified as Critical-level severity within the Powertrain category.,Powertrain,Generic,Critical
P0501,"Vehicle Speed Sensor ""A"" Range/Performance",System: Vehicle Speed Control. Source: SAE J2012 / ISO 15031. This code is classified as Warning-level severity within the Powertrain category.,Powertrain,Generic,Warning
P0502,"Vehicle Speed Sensor ""A"" Circuit Low",System: Vehicle Speed Control. Source: SAE J2012 / ISO 15031. This code is classified as Warning-level severity within the Powertrain category.,Powertrain,Generic,Warning
P0503,"Vehicle Speed Sensor ""A"" Intermittent/Erratic/High",System: Vehicle Speed Control. Source: SAE J2012 / ISO 15031. This code is classified as Warning-level severity within the Powertrain category.,Powertrain,Generic,Warning
P0504,"Brake Switch ""A""/""B"" Correlation",System: Vehicle Speed Control. Source: SAE J2012 / ISO 15031. This code is classified as Warning-level severity within the Powertrain category.,Powertrain,Generic,Warning
P0505,IAC (Idle Air Control) System Malfunction,System: Vehicle Speed Control. Source: SAE J2012 / ISO 15031. This code is classified as Critical-level severity within the Powertrain category.,Powertrain,Generic,Critical
P0506,Idle Control System RPM lower Than Expected,System: Vehicle Speed Control. Source: SAE J2012 / ISO 15031. This code is classified as Warning-level severity within the Powertrain category.,Powertrain,Generic,Warning
P0507,Idle Air Control System RPM Higher Than Expected,System: Vehicle Speed Control. Source: SAE J2012 / ISO 15031. This code is classified as Warning-level severity within the Powertrain category.,Powertrain,Generic,Warning
P0508,Idle Air Control System Circuit Low,System: Vehicle Speed Control. Source: SAE J2012 / ISO 15031. This code is classified as Warning-level severity within the Powertrain category.,Powertrain,Generic,Warning
P0509,Idle Air Control System Circuit High,System: Vehicle Speed Control. Source: SAE J2012 / ISO 15031. This code is classified as Warning-level severity within the Powertrain category.,Powertrain,Generic,Warning
P050A,Cold Start Idle Air Control System Performance,System: Vehicle Speed Control. Source: SAE J2012 / ISO 15031. This code is classified as Warning-level severity within the Powertrain category.,Powertrain,Generic,Warning
P050B,Cold Start Ignition Timing Performance,System: Vehicle Speed Control. Source: SAE J2012 / ISO 15031. This code is classified as Warning-level severity within the Powertrain category.,Powertrain,Generic,Warning
P050C,Cold Start Engine Coolant Temperature Performance,System: Vehicle Speed Control. Source: SAE J2012 / ISO 15031. This code is classified as Warning-level severity within the Powertrain category.,Powertrain,Generic,Warning
P050D,Cold Start Rough Idle,System: Vehicle Speed Control. Source: SAE J2012 / ISO 15031. This code is classified as Info-level severity within the Powertrain category.,Powertrain,Generic,Info
P050E,Cold Start Engine Exhaust Temperature Too Low,System: Vehicle Speed Control. Source: SAE J2012 / ISO 15031. This code is classified as Warning-level severity within the Powertrain category.,Powertrain,Generic,Warning
P050F,Brake Assist Vacuum Too Low,System: Vehicle Speed Control. Source: SAE J2012 / ISO 15031. This code is classified as Warning-level severity within the Powertrain category.,Powertrain,Generic,Warning
P0510,Closed Throttle Position Switch,System: Vehicle Speed Control. Source: SAE J2012 / ISO 15031. This code is classified as Info-level severity within the Powertrain category.,Powertrain,Generic,Info
P0511,Idle Air Control Circuit,System: Vehicle Speed Control. Source: SAE J2012 / ISO 15031. This code is classified as Info-level severity within the Powertrain category.,Powertrain,Generic,Info
P0512,Starter Request Circuit,System: Vehicle Speed Control. Source: SAE J2012 / ISO 15031. This code is classified as Info-level severity within the Powertrain category.,Powertrain,Generic,Info
P0513,Incorrect Immobilizer Key,System: Vehicle Speed Control. Source: SAE J2012 / ISO 15031. This code is classified as Info-level severity within the Powertrain category.,Powertrain,Generic,Info
P0514,Battery Temperature Sensor Circuit Range/Performance,System: Vehicle Speed Control. Source: SAE J2012 / ISO 15031. This code is classified as Warning-level severity within the Powertrain category.,Powertrain,Generic,Warning
P0515,Battery Temperature Sensor Circuit,System: Vehicle Speed Control. Source: SAE J2012 / ISO 15031. This code is classified as Info-level severity within the Powertrain category.,Powertrain,Generic,Info
P0516,Battery Temperature Sensor Circuit Low,System: Vehicle Speed Control. Source: SAE J2012 / ISO 15031. This code is classified as Warning-level severity within the Powertrain category.,Powertrain,Generic,Warning
P0517,Battery Temperature Sensor Circuit High,System: Vehicle Speed Control. Source: SAE J2012 / ISO 15031. This code is classified as Warning-level severity within the Powertrain category.,Powertrain,Generic,Warning
P0518,Idle Air Control Circuit Intermittent,System: Vehicle Speed Control. Source: SAE J2012 / ISO 15031. This code is classified as Warning-level severity within the Powertrain category.,Powertrain,Generic,Warning
P0519,Idle Air Control System Performance,System: Vehicle Speed Control. Source: SAE J2012 / ISO 15031. This code is classified as Warning-level severity within the Powertrain category.,Powertrain,Generic,Warning
P051A,Crankcase Pressure Sensor Circuit,System: Vehicle Speed Control. Source: SAE J2012 / ISO 15031. This code is classified as Info-level severity within the Powertrain category.,Powertrain,Generic,Info
P051B,Crankcase Pressure Sensor Circuit Range/Performance,System: Vehicle Speed Control. Source: SAE J2012 / ISO 15031. This code is classified as Warning-level severity within the Powertrain category.,Powertrain,Generic,Warning
P051C,Crankcase Pressure Sensor Circuit Low,System: Vehicle Speed Control. Source: SAE J2012 / ISO 15031. This code is classified as Warning-level severity within the Powertrain category.,Powertrain,Generic,Warning
P051D,Crankcase Pressure Sensor Circuit High,System: Vehicle Speed Control. Source: SAE J2012 / ISO 15031. This code is classified as Warning-level severity within the Powertrain category.,Powertrain,Generic,Warning
P051E,Crankcase Pressure Sensor Circuit Intermittent/Erratic,System: Vehicle Speed Control. Source: SAE J2012 / ISO 15031. This code is classified as Warning-level severity within the Powertrain category.,Powertrain,Generic,Warning
P051F,Positive Crankcase Ventilation Filter Restriction,System: Vehicle Speed Control. Source: SAE J2012 / ISO 15031. This code is classified as Info-level severity within the Powertrain category.,Powertrain,Generic,Info
P0520,Engine Oil Pressure Sensor/Switch Circuit,System: Vehicle Speed Control. Source: SAE J2012 / ISO 15031. This code is classified as Info-level severity within the Powertrain category.,Powertrain,Generic,Info
P0521,Engine Oil Pressure Sensor/Switch Range/Performance,System: Vehicle Speed Control. Source: SAE J2012 / ISO 15031. This code is classified as Warning-level severity within the Powertrain category.,Powertrain,Generic,Warning
P0522,Engine Oil Pressure Sensor/Switch Low Voltage,System: Vehicle Speed Control. Source: SAE J2012 / ISO 15031. This code is classified as Warning-level severity within the Powertrain category.,Powertrain,Generic,Warning
P0523,Engine Oil Pressure Sensor/Switch High,System: Vehicle Speed Control. Source: SAE J2012 / ISO 15031. This code is classified as Warning-level severity within the Powertrain category.,Powertrain,Generic,Warning
P0524,Engine Oil Pressure Too Low,System: Vehicle Speed Control. Source: SAE J2012 / ISO 15031. This code is classified as Warning-level severity within the Powertrain category.,Powertrain,Generic,Warning
P0525,Cruise Control Servo Control Circuit Range/Performance,System: Vehicle Speed Control. Source: SAE J2012 / ISO 15031. This code is classified as Warning-level severity within the Powertrain category.,Powertrain,Generic,Warning
P0526,Fan Speed Sensor Circuit,System: Vehicle Speed Control. Source: SAE J2012 / ISO 15031. This code is classified as Info-level severity within the Powertrain category.,Powertrain,Generic,Info
P0527,Fan Speed Sensor Circuit Range/Performance,System: Vehicle Speed Control. Source: SAE J2012 / ISO 15031. This code is classified as Warning-level severity within the Powertrain category.,Powertrain,Generic,Warning
P0528,Fan Speed Sensor Circuit no Signal,System: Vehicle Speed Control. Source: SAE J2012 / ISO 15031. This code is classified as Info-level severity within the Powertrain category.,Powertrain,Generic,Info
P0529,Fan Speed Sensor Circuit Intermittent,System: Vehicle Speed Control. Source: SAE J2012 / ISO 15031. This code is classified as Warning-level severity within the Powertrain category.,Powertrain,Generic,Warning
P052A,"Cold Start ""A"" Camshaft Position Timing Over-Advanced",System: Vehicle Speed Control. Source: SAE J2012 / ISO 15031. This code is classified as Info-level severity within the Powertrain category.,Powertrain,Generic,Info
P052B,"Cold Start ""A"" Camshaft Position Timing Over-Retarded",System: Vehicle Speed Control. Source: SAE J2012 / ISO 15031. This code is classified as Info-level severity within the Powertrain category.,Powertrain,Generic,Info
P052C,"Cold Start ""A"" Camshaft Position Timing Over-Advanced",System: Vehicle Speed Control. Source: SAE J2012 / ISO 15031. This code is classified as Info-level severity within the Powertrain category.,Powertrain,Generic,Info
P052D,"Cold Start ""A"" Camshaft Position Timing Over-Retarded",System: Vehicle Speed Control. Source: SAE J2012 / ISO 15031. This code is classified as Info-level severity within the Powertrain category.,Powertrain,Generic,Info
P052E,Positive Crankcase Ventilation Regulator Valve Performance,System: Vehicle Speed Control. Source: SAE J2012 / ISO 15031. This code is classified as Warning-level severity within the Powertrain category.,Powertrain,Generic,Warning
P0530,"A/C Refrigerant Pressure Sensor ""A"" Circuit",System: Vehicle Speed Control. Source: SAE J2012 / ISO 15031. This code is classified as Info-level severity within the Powertrain category.,Powertrain,Generic,Info
P0531,"A/C Refrigerant Pressure Sensor ""A"" Circuit Range/Performance",System: Vehicle Speed Control. Source: SAE J2012 / ISO 15031. This code is classified as Warning-level severity within the Powertrain category.,Powertrain,Generic,Warning
P0532,"A/C Refrigerant Pressure Sensor ""A"" Circuit Low",System: Vehicle Speed Control. Source: SAE J2012 / ISO 15031. This code is classified as Warning-level severity within the Powertrain category.,Powertrain,Generic,Warning
P0533,"A/C Refrigerant Pressure Sensor ""A"" Circuit High",System: Vehicle Speed Control. Source: SAE J2012 / ISO 15031. This code is classified as Warning-level severity within the Powertrain category.,Powertrain,Generic,Warning
P0534,A/C Refrigerant Charge Loss,System: Vehicle Speed Control. Source: SAE J2012 / ISO 15031. This code is classified as Critical-level severity within the Powertrain category.,Powertrain,Generic,Critical
P0535,A/C Evaporator Temperature Sensor Circuit,System: Vehicle Speed Control. Source: SAE J2012 / ISO 15031. This code is classified as Info-level severity within the Powertrain category.,Powertrain,Generic,Info
P0536,A/C Evaporator Temperature Sensor Circuit Range/Performance,System: Vehicle Speed Control. Source: SAE J2012 / ISO 15031. This code is classified as Warning-level severity within the Powertrain category.,Powertrain,Generic,Warning
P0537,A/C Evaporator Temperature Sensor Circuit Low,System: Vehicle Speed Control. Source: SAE J2012 / ISO 15031. This code is classified as Warning-level severity within the Powertrain category.,Powertrain,Generic,Warning
P0538,A/C Evaporator Temperature Sensor Circuit High,System: Vehicle Speed Control. Source: SAE J2012 / ISO 15031. This code is classified as Warning-level severity within the Powertrain category.,Powertrain,Generic,Warning
P0539,A/C Evaporator Temperature Sensor Circuit Intermittent,System: Vehicle Speed Control. Source: SAE J2012 / ISO 15031. This code is classified as Warning-level severity within the Powertrain category.,Powertrain,Generic,Warning
P053A,Positive Crankcase Ventilation Heater Control Circuit /Open,System: Vehicle Speed Control. Source: SAE J2012 / ISO 15031. This code is classified as Critical-level severity within the Powertrain category.,Powertrain,Generic,Critical
P053B,Positive Crankcase Ventilation Heater Control Circuit Low,System: Vehicle Speed Control. Source: SAE J2012 / ISO 15031. This code is classified as Warning-level severity within the Powertrain category.,Powertrain,Generic,Warning
P053C,Positive Crankcase Ventilation Heater Control Circuit High,System: Vehicle Speed Control. Source: SAE J2012 / ISO 15031. This code is classified as Warning-level severity within the Powertrain category.,Powertrain,Generic,Warning
P0540,"Intake Air Heater ""A"" Circuit",System: Vehicle Speed Control. Source: SAE J2012 / ISO 15031. This code is classified as Info-level severity within the Powertrain category.,Powertrain,Generic,Info
P0541,"Intake Air Heater ""A"" Circuit Low",System: Vehicle Speed Control. Source: SAE J2012 / ISO 15031. This code is classified as Warning-level severity within the Powertrain category.,Powertrain,Generic,Warning
P0542,"Intake Air Heater ""A"" Circuit High",System: Vehicle Speed Control. Source: SAE J2012 / ISO 15031. This code is classified as Warning-level severity within the Powertrain category.,Powertrain,Generic,Warning
P0543,"Intake Air Heater ""A"" Circuit Open",System: Vehicle Speed Control. Source: SAE J2012 / ISO 15031. This code is classified as Critical-level severity within the Powertrain category.,Powertrain,Generic,Critical
P0544,Exhaust Gas Temperature Sensor Circuit,System: Vehicle Speed Control. Source: SAE J2012 / ISO 15031. This code is classified as Info-level severity within the Powertrain category.,Powertrain,Generic,Info
P0545,Exhaust Gas Temperature Sensor Circuit Low,System: Vehicle Speed Control. Source: SAE J2012 / ISO 15031. This code is classified as Warning-level severity within the Powertrain category.,Powertrain,Generic,Warning
P0546,Exhaust Gas Temperature Sensor Circuit High,System: Vehicle Speed Control. Source: SAE J2012 / ISO 15031. This code is classified as Warning-level severity within the Powertrain category.,Powertrain,Generic,Warning
P0547,Exhaust Gas Temperature Sensor Circuit,System: Vehicle Speed Control. Source: SAE J2012 / ISO 15031. This code is classified as Info-level severity within the Powertrain category.,Powertrain,Generic,Info
P0548,Exhaust Gas Temperature Sensor Circuit Low,System: Vehicle Speed Control. Source: SAE J2012 / ISO 15031. This code is classified as Warning-level severity within the Powertrain category.,Powertrain,Generic,Warning
P0549,Exhaust Gas Temperature Sensor Circuit High,System: Vehicle Speed Control. Source: SAE J2012 / ISO 15031. This code is classified as Warning-level severity within the Powertrain category.,Powertrain,Generic,Warning
P054A,"Cold Start ""B"" Camshaft Position Timing Over-Advanced",System: Vehicle Speed Control. Source: SAE J2012 / ISO 15031. This code is classified as Info-level severity within the Powertrain category.,Powertrain,Generic,Info
P054B,"Cold Start ""B"" Camshaft Position Timing Over-Retarded",System: Vehicle Speed Control. Source: SAE J2012 / ISO 15031. This code is classified as Info-level severity within the Powertrain category.,Powertrain,Generic,Info
P054C,"Cold Start ""B"" Camshaft Position Timing Over-Advanced",System: Vehicle Speed Control. Source: SAE J2012 / ISO 15031. This code is classified as Info-level severity within the Powertrain category.,Powertrain,Generic,Info
P054D,"Cold Start ""B"" Camshaft Position Timing Over-Retarded",System: Vehicle Speed Control. Source: SAE J2012 / ISO 15031. This code is classified as Info-level severity within the Powertrain category.,Powertrain,Generic,Info
P0550,Power Steering Pressure Sensor/Switch Circuit,System: Vehicle Speed Control. Source: SAE J2012 / ISO 15031. This code is classified as Info-level severity within the Powertrain category.,Powertrain,Generic,Info
P0551,Power Steering Pressure Sensor/Switch Circuit,System: Vehicle Speed Control. Source: SAE J2012 / ISO 15031. This code is classified as Info-level severity within the Powertrain category.,Powertrain,Generic,Info
P0552,Power Steering Pressure Sensor/Switch Circuit Low,System: Vehicle Speed Control. Source: SAE J2012 / ISO 15031. This code is classified as Warning-level severity within the Powertrain category.,Powertrain,Generic,Warning
P0553,Power Steering Pressure Sensor/Switch Circuit High,System: Vehicle Speed Control. Source: SAE J2012 / ISO 15031. This code is classified as Warning-level severity within the Powertrain category.,Powertrain,Generic,Warning
P0554,Power Steering Pressure Sensor/Switch Circuit Intermittent,System: Vehicle Speed Control. Source: SAE J2012 / ISO 15031. This code is classified as Warning-level severity within the Powertrain category.,Powertrain,Generic,Warning
P0555,Brake Booster Pressure Sensor Circuit,System: Vehicle Speed Control. Source: SAE J2012 / ISO 15031. This code is classified as Info-level severity within the Powertrain category.,Powertrain,Generic,Info
P0556,Brake Booster Pressure Sensor Circuit Range/Performance,System: Vehicle Speed Control. Source: SAE J2012 / ISO 15031. This code is classified as Warning-level severity within the Powertrain category.,Powertrain,Generic,Warning
P0557,Brake Booster Pressure Sensor Circuit Low,System: Vehicle Speed Control. Source: SAE J2012 / ISO 15031. This code is classified as Warning-level severity within the Powertrain category.,Powertrain,Generic,Warning
P0558,Brake Booster Pressure Sensor Circuit High,System: Vehicle Speed Control. Source: SAE J2012 / ISO 15031. This code is classified as Warning-level severity within the Powertrain category.,Powertrain,Generic,Warning
P0559,Brake Booster Pressure Sensor Circuit Intermittent,System: Vehicle Speed Control. Source: SAE J2012 / ISO 15031. This code is classified as Warning-level severity within the Powertrain category.,Powertrain,Generic,Warning
P0560,System Voltage,System: Vehicle Speed Control. Source: SAE J2012 / ISO 15031. This code is classified as Info-level severity within the Powertrain category.,Powertrain,Generic,Info
P0561,System Voltage Unstable,System: Vehicle Speed Control. Source: SAE J2012 / ISO 15031. This code is classified as Warning-level severity within the Powertrain category.,Powertrain,Generic,Warning
P0562,System Voltage Low,System: Vehicle Speed Control. Source: SAE J2012 / ISO 15031. This code is classified as Warning-level severity within the Powertrain category.,Powertrain,Generic,Warning
P0563,System Voltage High,System: Vehicle Speed Control. Source: SAE J2012 / ISO 15031. This code is classified as Warning-level severity within the Powertrain category.,Powertrain,Generic,Warning
P0564,"Cruise Control Multi-Function Input ""A"" Circuit",System: Vehicle Speed Control. Source: SAE J2012 / ISO 15031. This code is classified as Info-level severity within the Powertrain category.,Powertrain,Generic,Info
P0565,"Cruise Control ""On"" Signal",System: Vehicle Speed Control. Source: SAE J2012 / ISO 15031. This code is classified as Info-level severity within the Powertrain category.,Powertrain,Generic,Info
P0566,"Cruise Control ""Off"" Signal",System: Vehicle Speed Control. Source: SAE J2012 / ISO 15031. This code is classified as Info-level severity within the Powertrain category.,Powertrain,Generic,Info
P0567,"Cruise Control ""Resume"" Signal",System: Vehicle Speed Control. Source: SAE J2012 / ISO 15031. This code is classified as Info-level severity within the Powertrain category.,Powertrain,Generic,Info
P0568,"Cruise Control ""Set"" Signal",System: Vehicle Speed Control. Source: SAE J2012 / ISO 15031. This code is classified as Info-level severity within the Powertrain category.,Powertrain,Generic,Info
P0569,"Cruise Control ""Coast"" Signal",System: Vehicle Speed Control. Source: SAE J2012 / ISO 15031. This code is classified as Info-level severity within the Powertrain category.,Powertrain,Generic,Info
P056A,"Cruise Control ""Increase Distance"" Signal",System: Vehicle Speed Control. Source: SAE J2012 / ISO 15031. This code is classified as Info-level severity within the Powertrain category.,Powertrain,Generic,Info
P056B,"Cruise Control ""Decrease Distance"" Signal",System: Vehicle Speed Control. Source: SAE J2012 / ISO 15031. This code is classified as Info-level severity within the Powertrain category.,Powertrain,Generic,Info
P0570,"Cruise Control ""Accelerate"" Signal",System: Vehicle Speed Control. Source: SAE J2012 / ISO 15031. This code is classified as Info-level severity within the Powertrain category.,Powertrain,Generic,Info
P0571,"Brake Switch ""A"" Circuit",System: Vehicle Speed Control. Source: SAE J2012 / ISO 15031. This code is classified as Info-level severity within the Powertrain category.,Powertrain,Generic,Info
P0572,"Brake Switch ""A"" Circuit Low",System: Vehicle Speed Control. Source: SAE J2012 / ISO 15031. This code is classified as Warning-level severity within the Powertrain category.,Powertrain,Generic,Warning
P0573,"Brake Switch ""A"" Circuit High",System: Vehicle Speed Control. Source: SAE J2012 / ISO 15031. This code is classified as Warning-level severity within the Powertrain category.,Powertrain,Generic,Warning
P0574,Cruise Control System - Vehicle Speed Too High,System: Vehicle Speed Control. Source: SAE J2012 / ISO 15031. This code is classified as Warning-level severity within the Powertrain category.,Powertrain,Generic,Warning
P0575,Cruise Control Input Circuit,System: Vehicle Speed Control. Source: SAE J2012 / ISO 15031. This code is classified as Info-level severity within the Powertrain category.,Powertrain,Generic,Info
P0576,Cruise Control Input Circuit Low,System: Vehicle Speed Control. Source: SAE J2012 / ISO 15031. This code is classified as Warning-level severity within the Powertrain category.,Powertrain,Generic,Warning
P0577,Cruise Control Input Circuit High,System: Vehicle Speed Control. Source: SAE J2012 / ISO 15031. This code is classified as Warning-level severity within the Powertrain category.,Powertrain,Generic,Warning
P0578,"Cruise Control Multi-Function Input ""A"" Circuit Stuck",System: Vehicle Speed Control. Source: SAE J2012 / ISO 15031. This code is classified as Critical-level severity within the Powertrain category.,Powertrain,Generic,Critical
P0579,"Cruise Control Multi-Function Input ""A"" Circuit Range/Performance",System: Vehicle Speed Control. Source: SAE J2012 / ISO 15031. This code is classified as Warning-level severity within the Powertrain category.,Powertrain,Generic,Warning
P0580,"Cruise Control Multi-Function Input ""A"" Circuit Low",System: Vehicle Speed Control. Source: SAE J2012 / ISO 15031. This code is classified as Warning-level severity within the Powertrain category.,Powertrain,Generic,Warning
P0581,"Cruise Control Multi-Function Input ""A"" Circuit High",System: Vehicle Speed Control. Source: SAE J2012 / ISO 15031. This code is classified as Warning-level severity within the Powertrain category.,Powertrain,Generic,Warning
P0582,Cruise Control Vacuum Control Circuit/Open,System: Vehicle Speed Control. Source: SAE J2012 / ISO 15031. This code is classified as Critical-level severity within the Powertrain category.,Powertrain,Generic,Critical
P0583,Cruise Control Vacuum Control Circuit Low,System: Vehicle Speed Control. Source: SAE J2012 / ISO 15031. This code is classified as Warning-level severity within the Powertrain category.,Powertrain,Generic,Warning
P0584,Cruise Control Vacuum Control Circuit High,System: Vehicle Speed Control. Source: SAE J2012 / ISO 15031. This code is classified as Warning-level severity within the Powertrain category.,Powertrain,Generic,Warning
P0585,"Cruise Control Multi-Function Input ""A""/""B"" Correlation",System: Vehicle Speed Control. Source: SAE J2012 / ISO 15031. This code is classified as Warning-level severity within the Powertrain category.,Powertrain,Generic,Warning
P0586,Cruise Control Vent Control Circuit/Open,System: Vehicle Speed Control. Source: SAE J2012 / ISO 15031. This code is classified as Critical-level severity within the Powertrain category.,Powertrain,Generic,Critical
P0587,Cruise Control Vent Control Circuit Low,System: Vehicle Speed Control. Source: SAE J2012 / ISO 15031. This code is classified as Warning-level severity within the Powertrain category.,Powertrain,Generic,Warning
P0588,Cruise Control Vent Control Circuit High,System: Vehicle Speed Control. Source: SAE J2012 / ISO 15031. This code is classified as Warning-level severity within the Powertrain category.,Powertrain,Generic,Warning
P0589,"Cruise Control Multi-Function Input ""B"" Circuit",System: Vehicle Speed Control. Source: SAE J2012 / ISO 15031. This code is classified as Info-level severity within the Powertrain category.,Powertrain,Generic,Info
P0590,"Cruise Control Multi-Function Input ""B"" Circuit Stuck",System: Vehicle Speed Control. Source: SAE J2012 / ISO 15031. This code is classified as Critical-level severity within the Powertrain category.,Powertrain,Generic,Critical
P0591,"Cruise Control Multi-Function Input ""B"" Circuit Range/Performance",System: Vehicle Speed Control. Source: SAE J2012 / ISO 15031. This code is classified as Warning-level severity within the Powertrain category.,Powertrain,Generic,Warning
P0592,"Cruise Control Multi-Function Input ""B"" Circuit Low",System: Vehicle Speed Control. Source: SAE J2012 / ISO 15031. This code is classified as Warning-level severity within the Powertrain category.,Powertrain,Generic,Warning
P0593,"Cruise Control Multi-Function Input ""B"" Circuit High",System: Vehicle Speed Control. Source: SAE J2012 / ISO 15031. This code is classified as Warning-level severity within the Powertrain category.,Powertrain,Generic,Warning
P0594,Cruise Control Servo Control Circuit/Open,System: Vehicle Speed Control. Source: SAE J2012 / ISO 15031. This code is classified as Critical-level severity within the Powertrain category.,Powertrain,Generic,Critical
P0595,Cruise Control Servo Control Circuit Low,System: Vehicle Speed Control. Source: SAE J2012 / ISO 15031. This code is classified as Warning-level severity within the Powertrain category.,Powertrain,Generic,Warning
P0596,Cruise Control Servo Control Circuit High,System: Vehicle Speed Control. Source: SAE J2012 / ISO 15031. This code is classified as Warning-level severity within the Powertrain category.,Powertrain,Generic,Warning
P0597,Thermostat Heater Control Circuit/Open,System: Vehicle Speed Control. Source: SAE J2012 / ISO 15031. This code is classified as Critical-level severity within the Powertrain category.,Powertrain,Generic,Critical
P0598,Thermostat Heater Control Circuit Low,System: Vehicle Speed Control. Source: SAE J2012 / ISO 15031. This code is classified as Warning-level severity within the Powertrain category.,Powertrain,Generic,Warning
P0599,Thermostat Heater Control Circuit High,System: Vehicle Speed Control. Source: SAE J2012 / ISO 15031. This code is classified as Warning-level severity within the Powertrain category.,Powertrain,Generic,Warning
P0600,Serial Communication Link,System: Computer Output Circuit. Source: SAE J2012 / ISO 15031. This code is classified as Info-level severity within the Powertrain category.,Powertrain,Generic,Info
P0601,Internal Control Module Memory Check Sum Error,System: Computer Output Circuit. Source: SAE J2012 / ISO 15031. This code is classified as Info-level severity within the Powertrain category.,Powertrain,Generic,Info
P0602,Control Module Programming Error,System: Computer Output Circuit. Source: SAE J2012 / ISO 15031. This code is classified as Info-level severity within the Powertrain category.,Powertrain,Generic,Info
P0603,Internal Control Module Keep Alive Memory (KAM) Error,System: Computer Output Circuit. Source: SAE J2012 / ISO 15031. This code is classified as Info-level severity within the Powertrain category.,Powertrain,Generic,Info
P0604,Internal Control Module Random Access Memory (RAM) Error,System: Computer Output Circuit. Source: SAE J2012 / ISO 15031. This code is classified as Info-level severity within the Powertrain category.,Powertrain,Generic,Info
P0605,Internal Control Module Read Only Memory (ROM) Error,System: Computer Output Circuit. Source: SAE J2012 / ISO 15031. This code is classified as Info-level severity within the Powertrain category.,Powertrain,Generic,Info
P0606,Control Module Processor,System: Computer Output Circuit. Source: SAE J2012 / ISO 15031. This code is classified as Info-level severity within the Powertrain category.,Powertrain,Generic,Info
P0607,Control Module Performance,System: Computer Output Circuit. Source: SAE J2012 / ISO 15031. This code is classified as Warning-level severity within the Powertrain category.,Powertrain,Generic,Warning
P0608,"Control Module VSS Output ""A""",System: Computer Output Circuit. Source: SAE J2012 / ISO 15031. This code is classified as Info-level severity within the Powertrain category.,Powertrain,Generic,Info
P0609,"Control Module VSS Output ""B""",System: Computer Output Circuit. Source: SAE J2012 / ISO 15031. This code is classified as Info-level severity within the Powertrain category.,Powertrain,Generic,Info
P060A,Internal Control Module Monitoring Processor Performance,System: Computer Output Circuit. Source: SAE J2012 / ISO 15031. This code is classified as Warning-level severity within the Powertrain category.,Powertrain,Generic,Warning
P060B,Internal Control Module A/D Processing Performance,System: Computer Output Circuit. Source: SAE J2012 / ISO 15031. This code is classified as Warning-level severity within the Powertrain category.,Powertrain,Generic,Warning
P060C,Internal Control Module Main Processor Performance,System: Computer Output Circuit. Source: SAE J2012 / ISO 15031. This code is classified as Warning-level severity within the Powertrain category.,Powertrain,Generic,Warning
P060D,Internal Control Module Accelerator Pedal Position Performance,System: Computer Output Circuit. Source: SAE J2012 / ISO 15031. This code is classified as Warning-level severity within the Powertrain category.,Powertrain,Generic,Warning
P060E,Internal Control Module Throttle Position Performance,System: Computer Output Circuit. Source: SAE J2012 / ISO 15031. This code is classified as Warning-level severity within the Powertrain category.,Powertrain,Generic,Warning
P060F,Internal Control Module Coolant Temperature Performance,System: Computer Output Circuit. Source: SAE J2012 / ISO 15031. This code is classified as Warning-level severity within the Powertrain category.,Powertrain,Generic,Warning
P0610,Control Module Vehicle Options Error,System: Computer Output Circuit. Source: SAE J2012 / ISO 15031. This code is classified as Info-level severity within the Powertrain category.,Powertrain,Generic,Info
P0611,Fuel Injector Control Module Performance,System: Computer Output Circuit. Source: SAE J2012 / ISO 15031. This code is classified as Warning-level severity within the Powertrain category.,Powertrain,Generic,Warning
P0612,Fuel Injector Control Module Relay Control,System: Computer Output Circuit. Source: SAE J2012 / ISO 15031. This code is classified as Info-level severity within the Powertrain category.,Powertrain,Generic,Info
P0613,TCM Processor,System: Computer Output Circuit. Source: SAE J2012 / ISO 15031. This code is classified as Info-level severity within the Powertrain category.,Powertrain,Generic,Info
P0614,ECM/TCM Incompatible,System: Computer Output Circuit. Source: SAE J2012 / ISO 15031. This code is classified as Info-level severity within the Powertrain category.,Powertrain,Generic,Info
P0615,Starter Relay Circuit,System: Computer Output Circuit. Source: SAE J2012 / ISO 15031. This code is classified as Info-level severity within the Powertrain category.,Powertrain,Generic,Info
P0616,Starter Relay Circuit Low,System: Computer Output Circuit. Source: SAE J2012 / ISO 15031. This code is classified as Warning-level severity within the Powertrain category.,Powertrain,Generic,Warning
P0617,Starter Relay Circuit High,System: Computer Output Circuit. Source: SAE J2012 / ISO 15031. This code is classified as Warning-level severity within the Powertrain category.,Powertrain,Generic,Warning
P0618,Alternative Fuel Control Module KAM Error,System: Computer Output Circuit. Source: SAE J2012 / ISO 15031. This code is classified as Info-level severity within the Powertrain category.,Powertrain,Generic,Info
P0619,Alternative Fuel Control Module RAM/ROM Error,System: Computer Output Circuit. Source: SAE J2012 / ISO 15031. This code is classified as Info-level severity within the Powertrain category.,Powertrain,Generic,Info
P061A,Internal Control Module Torque Performance,System: Computer Output Circuit. Source: SAE J2012 / ISO 15031. This code is classified as Warning-level severity within the Powertrain category.,Powertrain,Generic,Warning
P061B,Internal Control Module Torque Calculation Performance,System: Computer Output Circuit. Source: SAE J2012 / ISO 15031. This code is classified as Warning-level severity within the Powertrain category.,Powertrain,Generic,Warning
P061C,Internal Control Module Engine RPM Performance,System: Computer Output Circuit. Source: SAE J2012 / ISO 15031. This code is classified as Warning-level severity within the Powertrain category.,Powertrain,Generic,Warning
P061D,Internal Control Module Engine Air Mass Performance,System: Computer Output Circuit. Source: SAE J2012 / ISO 15031. This code is classified as Warning-level severity within the Powertrain category.,Powertrain,Generic,Warning
P061E,Internal Control Module Brake Signal Performance,System: Computer Output Circuit. Source: SAE J2012 / ISO 15031. This code is classified as Warning-level severity within the Powertrain category.,Powertrain,Generic,Warning
P061F,Internal Control Module Throttle Actuator Controller Performance,System: Computer Output Circuit. Source: SAE J2012 / ISO 15031. This code is classified as Warning-level severity within the Powertrain category.,Powertrain,Generic,Warning
P0620,Generator Control Circuit,System: Computer Output Circuit. Source: SAE J2012 / ISO 15031. This code is classified as Info-level severity within the Powertrain category.,Powertrain,Generic,Info
P0621,Generator Lamp/L Terminal Circuit,System: Computer Output Circuit. Source: SAE J2012 / ISO 15031. This code is classified as Info-level severity within the Powertrain category.,Powertrain,Generic,Info
P0622,Generator Field/F Terminal Circuit,System: Computer Output Circuit. Source: SAE J2012 / ISO 15031. This code is classified as Info-level severity within the Powertrain category.,Powertrain,Generic,Info
P0623,Generator Lamp Control Circuit,System: Computer Output Circuit. Source: SAE J2012 / ISO 15031. This code is classified as Info-level severity within the Powertrain category.,Powertrain,Generic,Info
P0624,Fuel Cap Lamp Control Circuit,System: Computer Output Circuit. Source: SAE J2012 / ISO 15031. This code is classified as Info-level severity within the Powertrain category.,Powertrain,Generic,Info
P0625,Generator Field/F Terminal Circuit Low,System: Computer Output Circuit. Source: SAE J2012 / ISO 15031. This code is classified as Warning-level severity within the Powertrain category.,Powertrain,Generic,Warning
P0626,Generator Field/F Terminal Circuit High,System: Computer Output Circuit. Source: SAE J2012 / ISO 15031. This code is classified as Warning-level severity within the Powertrain category.,Powertrain,Generic,Warning
P0627,"Fuel Pump ""A"" Control Circuit/Open",System: Computer Output Circuit. Source: SAE J2012 / ISO 15031. This code is classified as Critical-level severity within the Powertrain category.,Powertrain,Generic,Critical
P0628,"Fuel Pump ""A"" Control Circuit Low",System: Computer Output Circuit. Source: SAE J2012 / ISO 15031. This code is classified as Warning-level severity within the Powertrain category.,Powertrain,Generic,Warning
P0629,"Fuel Pump ""A"" Control Circuit High",System: Computer Output Circuit. Source: SAE J2012 / ISO 15031. This code is classified as Warning-level severity within the Powertrain category.,Powertrain,Generic,Warning
P062A,"Fuel Pump ""A"" Control Circuit Range/Performance",System: Computer Output Circuit. Source: SAE J2012 / ISO 15031. This code is classified as Warning-level severity within the Powertrain category.,Powertrain,Generic,Warning
P062B,Internal Control Module Fuel Injector Control Performance,System: Computer Output Circuit. Source: SAE J2012 / ISO 15031. This code is classified as Warning-level severity within the Powertrain category.,Powertrain,Generic,Warning
P062C,Internal Control Module Vehicle Speed Performance,System: Computer Output Circuit. Source: SAE J2012 / ISO 15031. This code is classified as Warning-level severity within the Powertrain category.,Powertrain,Generic,Warning
P062D,Fuel Injector Driver Circuit Performance,System: Computer Output Circuit. Source: SAE J2012 / ISO 15031. This code is classified as Warning-level severity within the Powertrain category.,Powertrain,Generic,Warning
P062E,Fuel Injector Driver Circuit Performance,System: Computer Output Circuit. Source: SAE J2012 / ISO 15031. This code is classified as Warning-level severity within the Powertrain category.,Powertrain,Generic,Warning
P062F,Internal Control Module EEPROM Error,System: Computer Output Circuit. Source: SAE J2012 / ISO 15031. This code is classified as Info-level severity within the Powertrain category.,Powertrain,Generic,Info
P0630,VIN not Programmed or Incompatible - ECM/PCM,System: Computer Output Circuit. Source: SAE J2012 / ISO 15031. This code is classified as Info-level severity within the Powertrain category.,Powertrain,Generic,Info
P0631,VIN not Programmed or Incompatible - TCM,System: Computer Output Circuit. Source: SAE J2012 / ISO 15031. This code is classified as Info-level severity within the Powertrain category.,Powertrain,Generic,Info
P0632,Odometer not Programmed - ECM/PCM,System: Computer Output Circuit. Source: SAE J2012 / ISO 15031. This code is classified as Info-level severity within the Powertrain category.,Powertrain,Generic,Info
P0633,Immobilizer Key not Programmed - ECM/PCM,System: Computer Output Circuit. Source: SAE J2012 / ISO 15031. This code is classified as Info-level severity within the Powertrain category.,Powertrain,Generic,Info
P0634,"PCM/ECM/TCM Internal Temperature ""A"" Too High",System: Computer Output Circuit. Source: SAE J2012 / ISO 15031. This code is classified as Warning-level severity within the Powertrain category.,Powertrain,Generic,Warning
P0635,Power Steering Control Circuit,System: Computer Output Circuit. Source: SAE J2012 / ISO 15031. This code is classified as Info-level severity within the Powertrain category.,Powertrain,Generic,Info
P0636,Power Steering Control Circuit Low,System: Computer Output Circuit. Source: SAE J2012 / ISO 15031. This code is classified as Warning-level severity within the Powertrain category.,Powertrain,Generic,Warning
P0637,Power Steering Control Circuit High,System: Computer Output Circuit. Source: SAE J2012 / ISO 15031. This code is classified as Warning-level severity within the Powertrain category.,Powertrain,Generic,Warning
P0638,Throttle Actuator Control Range/Performance,System: Computer Output Circuit. Source: SAE J2012 / ISO 15031. This code is classified as Warning-level severity within the Powertrain category.,Powertrain,Generic,Warning
P0639,Throttle Actuator Control Range/Performance,System: Computer Output Circuit. Source: SAE J2012 / ISO 15031. This code is classified as Warning-level severity within the Powertrain category.,Powertrain,Generic,Warning
P063A,Generator Voltage Sense Circuit,System: Computer Output Circuit. Source: SAE J2012 / ISO 15031. This code is classified as Info-level severity within the Powertrain category.,Powertrain,Generic,Info
P063B,Generator Voltage Sense Circuit Range/Performance,System: Computer Output Circuit. Source: SAE J2012 / ISO 15031. This code is classified as Warning-level severity within the Powertrain category.,Powertrain,Generic,Warning
P063C,Generator Voltage Sense Circuit Low,System: Computer Output Circuit. Source: SAE J2012 / ISO 15031. This code is classified as Warning-level severity within the Powertrain category.,Powertrain,Generic,Warning
P063D,Generator Voltage Sense Circuit High,System: Computer Output Circuit. Source: SAE J2012 / ISO 15031. This code is classified as Warning-level severity within the Powertrain category.,Powertrain,Generic,Warning
P063E,Auto Configuration Throttle Input not Present,System: Computer Output Circuit. Source: SAE J2012 / ISO 15031. This code is classified as Info-level severity within the Powertrain category.,Powertrain,Generic,Info
P063F,Auto Configuration Engine Coolant Temperature Input not Present,System: Computer Output Circuit. Source: SAE J2012 / ISO 15031. This code is classified as Info-level severity within the Powertrain category.,Powertrain,Generic,Info
P0640,Intake Air Heater Control Circuit,System: Computer Output Circuit. Source: SAE J2012 / ISO 15031. This code is classified as Info-level severity within the Powertrain category.,Powertrain,Generic,Info
P0641,"Sensor Reference Voltage ""A"" Circuit/Open",System: Computer Output Circuit. Source: SAE J2012 / ISO 15031. This code is classified as Critical-level severity within the Powertrain category.,Powertrain,Generic,Critical
P0642,"Sensor Reference Voltage ""A"" Circuit Low",System: Computer Output Circuit. Source: SAE J2012 / ISO 15031. This code is classified as Warning-level severity within the Powertrain category.,Powertrain,Generic,Warning
P0643,"Sensor Reference Voltage ""A"" Circuit High",System: Computer Output Circuit. Source: SAE J2012 / ISO 15031. This code is classified as Warning-level severity within the Powertrain category.,Powertrain,Generic,Warning
P0644,Driver Display Serial Communication Circuit,System: Computer Output Circuit. Source: SAE J2012 / ISO 15031. This code is classified as Info-level severity within the Powertrain category.,Powertrain,Generic,Info
P0645,A/C Clutch Relay Control Circuit,System: Computer Output Circuit. Source: SAE J2012 / ISO 15031. This code is classified as Info-level severity within the Powertrain category.,Powertrain,Generic,Info
P0646,A/C Clutch Relay Control Circuit Low,System: Computer Output Circuit. Source: SAE J2012 / ISO 15031. This code is classified as Warning-level severity within the Powertrain category.,Powertrain,Generic,Warning
P0647,A/C Clutch Relay Control Circuit High,System: Computer Output Circuit. Source: SAE J2012 / ISO 15031. This code is classified as Warning-level severity within the Powertrain category.,Powertrain,Generic,Warning
P0648,Immobilizer Lamp Control Circuit,System: Computer Output Circuit. Source: SAE J2012 / ISO 15031. This code is classified as Info-level severity within the Powertrain category.,Powertrain,Generic,Info
P0649,Speed Control Lamp Control Circuit,System: Computer Output Circuit. Source: SAE J2012 / ISO 15031. This code is classified as Info-level severity within the Powertrain category.,Powertrain,Generic,Info
P064A,Fuel Pump Control Module,System: Computer Output Circuit. Source: SAE J2012 / ISO 15031. This code is classified as Info-level severity within the Powertrain category.,Powertrain,Generic,Info
P064B,PTO Control Module,System: Computer Output Circuit. Source: SAE J2012 / ISO 15031. This code is classified as Info-level severity within the Powertrain category.,Powertrain,Generic,Info
P064C,Glow Plug Control Module,System: Computer Output Circuit. Source: SAE J2012 / ISO 15031. This code is classified as Warning-level severity within the Powertrain category.,Powertrain,Generic,Warning
P064D,Internal Control Module O2 Sensor Processor Performance,System: Computer Output Circuit. Source: SAE J2012 / ISO 15031. This code is classified as Warning-level severity within the Powertrain category.,Powertrain,Generic,Warning
P064E,Internal Control Module O2 Sensor Processor Performance,System: Computer Output Circuit. Source: SAE J2012 / ISO 15031. This code is classified as Warning-level severity within the Powertrain category.,Powertrain,Generic,Warning
P064F,Unauthorized Software/Calibration Detected,System: Computer Output Circuit. Source: SAE J2012 / ISO 15031. This code is classified as Info-level severity within the Powertrain category.,Powertrain,Generic,Info
P0650,Malfunction Indicator Lamp (MIL) Control Circuit,System: Computer Output Circuit. Source: SAE J2012 / ISO 15031. This code is classified as Critical-level severity within the Powertrain category.,Powertrain,Generic,Critical
P0651,"Sensor Reference Voltage ""B"" Circuit/Open",System: Computer Output Circuit. Source: SAE J2012 / ISO 15031. This code is classified as Critical-level severity within the Powertrain category.,Powertrain,Generic,Critical
P0652,"Sensor Reference Voltage ""B"" Circuit Low",System: Computer Output Circuit. Source: SAE J2012 / ISO 15031. This code is classified as Warning-level severity within the Powertrain category.,Powertrain,Generic,Warning
P0653,"Sensor Reference Voltage ""B"" Circuit High",System: Computer Output Circuit. Source: SAE J2012 / ISO 15031. This code is classified as Warning-level severity within the Powertrain category.,Powertrain,Generic,Warning
P0654,Engine RPM Output Circuit,System: Computer Output Circuit. Source: SAE J2012 / ISO 15031. This code is classified as Info-level severity within the Powertrain category.,Powertrain,Generic,Info
P0655,Engine Hot Lamp Output Control Circuit,System: Computer Output Circuit. Source: SAE J2012 / ISO 15031. This code is classified as Info-level severity within the Powertrain category.,Powertrain,Generic,Info
P0656,Fuel Level Output Circuit,System: Computer Output Circuit. Source: SAE J2012 / ISO 15031. This code is classified as Info-level severity within the Powertrain category.,Powertrain,Generic,Info
P0657,"Actuator Supply Voltage ""A"" Circuit/Open",System: Computer Output Circuit. Source: SAE J2012 / ISO 15031. This code is classified as Critical-level severity within the Powertrain category.,Powertrain,Generic,Critical
P0658,"Actuator Supply Voltage ""A"" Circuit Low",System: Computer Output Circuit. Source: SAE J2012 / ISO 15031. This code is classified as Warning-level severity within the Powertrain category.,Powertrain,Generic,Warning
P0659,"Actuator Supply Voltage ""A"" Circuit High",System: Computer Output Circuit. Source: SAE J2012 / ISO 15031. This code is classified as Warning-level severity within the Powertrain category.,Powertrain,Generic,Warning
P065A,Generator System Performance,System: Computer Output Circuit. Source: SAE J2012 / ISO 15031. This code is classified as Warning-level severity within the Powertrain category.,Powertrain,Generic,Warning
P065B,Generator Control Circuit Range/Performance,System: Computer Output Circuit. Source: SAE J2012 / ISO 15031. This code is classified as Warning-level severity within the Powertrain category.,Powertrain,Generic,Warning
P065C,Generator Mechanical Performance,System: Computer Output Circuit. Source: SAE J2012 / ISO 15031. This code is classified as Warning-level severity within the Powertrain category.,Powertrain,Generic,Warning
P065D,Reductant System Malfunction Lamp Control Circuit,System: Computer Output Circuit. Source: SAE J2012 / ISO 15031. This code is classified as Critical-level severity within the Powertrain category.,Powertrain,Generic,Critical
P065E,Intake Manifold Tuning Valve Performance,System: Computer Output Circuit. Source: SAE J2012 / ISO 15031. This code is classified as Warning-level severity within the Powertrain category.,Powertrain,Generic,Warning
P065F,Intake Manifold Tuning Valve Performance,System: Computer Output Circuit. Source: SAE J2012 / ISO 15031. This code is classified as Warning-level severity within the Powertrain category.,Powertrain,Generic,Warning
P0660,Intake Manifold Tuning Valve Control Circuit/Open,System: Computer Output Circuit. Source: SAE J2012 / ISO 15031. This code is classified as Critical-level severity within the Powertrain category.,Powertrain,Generic,Critical
P0661,Intake Manifold Tuning Valve Control Circuit Low,System: Computer Output Circuit. Source: SAE J2012 / ISO 15031. This code is classified as Warning-level severity within the Powertrain category.,Powertrain,Generic,Warning
P0662,Intake Manifold Tuning Valve Control Circuit High,System: Computer Output Circuit. Source: SAE J2012 / ISO 15031. This code is classified as Warning-level severity within the Powertrain category.,Powertrain,Generic,Warning
P0663,Intake Manifold Tuning Valve Control Circuit/Open,System: Computer Output Circuit. Source: SAE J2012 / ISO 15031. This code is classified as Critical-level severity within the Powertrain category.,Powertrain,Generic,Critical
P0664,Intake Manifold Tuning Valve Control Circuit Low,System: Computer Output Circuit. Source: SAE J2012 / ISO 15031. This code is classified as Warning-level severity within the Powertrain category.,Powertrain,Generic,Warning
P0665,Intake Manifold Tuning Valve Control Circuit High,System: Computer Output Circuit. Source: SAE J2012 / ISO 15031. This code is classified as Warning-level severity within the Powertrain category.,Powertrain,Generic,Warning
P0666,"PCM/ECM/TCM Internal Temperature Sensor ""A"" Circuit",System: Computer Output Circuit. Source: SAE J2012 / ISO 15031. This code is classified as Info-level severity within the Powertrain category.,Powertrain,Generic,Info
P0667,"PCM/ECM/TCM Internal Temperature Sensor ""A""",System: Computer Output Circuit. Source: SAE J2012 / ISO 15031. This code is classified as Info-level severity within the Powertrain category.,Powertrain,Generic,Info
P0668,"PCM/ECM/TCM Internal Temperature Sensor ""A"" Circuit Low",System: Computer Output Circuit. Source: SAE J2012 / ISO 15031. This code is classified as Warning-level severity within the Powertrain category.,Powertrain,Generic,Warning
P0669,"PCM/ECM/TCM Internal Temperature Sensor ""A"" Circuit High",System: Computer Output Circuit. Source: SAE J2012 / ISO 15031. This code is classified as Warning-level severity within the Powertrain category.,Powertrain,Generic,Warning
P066A,Cylinder 1 Glow Plug Control Circuit Low,System: Computer Output Circuit. Source: SAE J2012 / ISO 15031. This code is classified as Warning-level severity within the Powertrain category.,Powertrain,Generic,Warning
P066B,Cylinder 1 Glow Plug Control Circuit High,System: Computer Output Circuit. Source: SAE J2012 / ISO 15031. This code is classified as Warning-level severity within the Powertrain category.,Powertrain,Generic,Warning
P066C,Cylinder 2 Glow Plug Control Circuit Low,System: Computer Output Circuit. Source: SAE J2012 / ISO 15031. This code is classified as Warning-level severity within the Powertrain category.,Powertrain,Generic,Warning
P066D,Cylinder 2 Glow Plug Control Circuit High,System: Computer Output Circuit. Source: SAE J2012 / ISO 15031. This code is classified as Warning-level severity within the Powertrain category.,Powertrain,Generic,Warning
P066E,Cylinder 3 Glow Plug Control Circuit Low,System: Computer Output Circuit. Source: SAE J2012 / ISO 15031. This code is classified as Warning-level severity within the Powertrain category.,Powertrain,Generic,Warning
P066F,Cylinder 3 Glow Plug Control Circuit High,System: Computer Output Circuit. Source: SAE J2012 / ISO 15031. This code is classified as Warning-level severity within the Powertrain category.,Powertrain,Generic,Warning
P0670,Glow Plug Control Module Control Circuit/Open,System: Computer Output Circuit. Source: SAE J2012 / ISO 15031. This code is classified as Critical-level severity within the Powertrain category.,Powertrain,Generic,Critical
P0671,Cylinder 1 Glow Plug Circuit/Open,System: Computer Output Circuit. Source: SAE J2012 / ISO 15031. This code is classified as Critical-level severity within the Powertrain category.,Powertrain,Generic,Critical
P0672,Cylinder 2 Glow Plug Circuit/Open,System: Computer Output Circuit. Source: SAE J2012 / ISO 15031. This code is classified as Critical-level severity within the Powertrain category.,Powertrain,Generic,Critical
P0673,Cylinder 3 Glow Plug Circuit/Open,System: Computer Output Circuit. Source: SAE J2012 / ISO 15031. This code is classified as Critical-level severity within the Powertrain category.,Powertrain,Generic,Critical
P0674,Cylinder 4 Glow Plug Circuit/Open,System: Computer Output Circuit. Source: SAE J2012 / ISO 15031. This code is classified as Critical-level severity within the Powertrain category.,Powertrain,Generic,Critical
P0675,Cylinder 5 Glow Plug Circuit/Open,System: Computer Output Circuit. Source: SAE J2012 / ISO 15031. This code is classified as Critical-level severity within the Powertrain category.,Powertrain,Generic,Critical
P0676,Cylinder 6 Glow Plug Circuit/Open,System: Computer Output Circuit. Source: SAE J2012 / ISO 15031. This code is classified as Critical-level severity within the Powertrain category.,Powertrain,Generic,Critical
P0677,Cylinder 7 Glow Plug Circuit/Open,System: Computer Output Circuit. Source: SAE J2012 / ISO 15031. This code is classified as Critical-level severity within the Powertrain category.,Powertrain,Generic,Critical
P0678,Cylinder 8 Glow Plug Circuit/Open,System: Computer Output Circuit. Source: SAE J2012 / ISO 15031. This code is classified as Critical-level severity within the Powertrain category.,Powertrain,Generic,Critical
P0679,Cylinder 9 Glow Plug Circuit/Open,System: Computer Output Circuit. Source: SAE J2012 / ISO 15031. This code is classified as Critical-level severity within the Powertrain category.,Powertrain,Generic,Critical
P067A,Cylinder 4 Glow Plug Control Circuit Low,System: Computer Output Circuit. Source: SAE J2012 / ISO 15031. This code is classified as Warning-level severity within the Powertrain category.,Powertrain,Generic,Warning
P067B,Cylinder 4 Glow Plug Control Circuit High,System: Computer Output Circuit. Source: SAE J2012 / ISO 15031. This code is classified as Warning-level severity within the Powertrain category.,Powertrain,Generic,Warning
P067C,Cylinder 5 Glow Plug Control Circuit Low,System: Computer Output Circuit. Source: SAE J2012 / ISO 15031. This code is classified as Warning-level severity within the Powertrain category.,Powertrain,Generic,Warning
P067D,Cylinder 5 Glow Plug Control Circuit High,System: Computer Output Circuit. Source: SAE J2012 / ISO 15031. This code is classified as Warning-level severity within the Powertrain category.,Powertrain,Generic,Warning
P067E,Cylinder 6 Glow Plug Control Circuit Low,System: Computer Output Circuit. Source: SAE J2012 / ISO 15031. This code is classified as Warning-level severity within the Powertrain category.,Powertrain,Generic,Warning
P067F,Cylinder 6 Glow Plug Control Circuit High,System: Computer Output Circuit. Source: SAE J2012 / ISO 15031. This code is classified as Warning-level severity within the Powertrain category.,Powertrain,Generic,Warning
P0680,Cylinder 10 Glow Plug Circuit/Open,System: Computer Output Circuit. Source: SAE J2012 / ISO 15031. This code is classified as Critical-level severity within the Powertrain category.,Powertrain,Generic,Critical
P0681,Cylinder 11 Glow Plug Circuit/Open,System: Computer Output Circuit. Source: SAE J2012 / ISO 15031. This code is classified as Critical-level severity within the Powertrain category.,Powertrain,Generic,Critical
P0682,Cylinder 12 Glow Plug Circuit/Open,System: Computer Output Circuit. Source: SAE J2012 / ISO 15031. This code is classified as Critical-level severity within the Powertrain category.,Powertrain,Generic,Critical
P0683,Glow Plug Control Module to PCM Communication Circuit,System: Computer Output Circuit. Source: SAE J2012 / ISO 15031. This code is classified as Warning-level severity within the Powertrain category.,Powertrain,Generic,Warning
P0684,Glow Plug Control Module to PCM Communication Circuit,System: Computer Output Circuit. Source: SAE J2012 / ISO 15031. This code is classified as Warning-level severity within the Powertrain category.,Powertrain,Generic,Warning
P0685,ECM/PCM Power Relay Control Circuit/Open,System: Computer Output Circuit. Source: SAE J2012 / ISO 15031. This code is classified as Critical-level severity within the Powertrain category.,Powertrain,Generic,Critical
P0686,ECM/PCM Power Relay Control Circuit Low,System: Computer Output Circuit. Source: SAE J2012 / ISO 15031. This code is classified as Warning-level severity within the Powertrain category.,Powertrain,Generic,Warning
P0687,ECM/PCM Power Relay Control Circuit High,System: Computer Output Circuit. Source: SAE J2012 / ISO 15031. This code is classified as Warning-level severity within the Powertrain category.,Powertrain,Generic,Warning
P0688,ECM/PCM Power Relay Sense Circuit/Open,System: Computer Output Circuit. Source: SAE J2012 / ISO 15031. This code is classified as Critical-level severity within the Powertrain category.,Powertrain,Generic,Critical
P0689,ECM/PCM Power Relay Sense Circuit Low,System: Computer Output Circuit. Source: SAE J2012 / ISO 15031. This code is classified as Warning-level severity within the Powertrain category.,Powertrain,Generic,Warning
P068A,ECM/PCM Power Relay De-Energized Performance - Too Early,System: Computer Output Circuit. Source: SAE J2012 / ISO 15031. This code is classified as Warning-level severity within the Powertrain category.,Powertrain,Generic,Warning
P068B,ECM/PCM Power Relay De-Energized Performance - Too Late,System: Computer Output Circuit. Source: SAE J2012 / ISO 15031. This code is classified as Warning-level severity within the Powertrain category.,Powertrain,Generic,Warning
P068C,Cylinder 7 Glow Plug Control Circuit Low,System: Computer Output Circuit. Source: SAE J2012 / ISO 15031. This code is classified as Warning-level severity within the Powertrain category.,Powertrain,Generic,Warning
P068D,Cylinder 7 Glow Plug Control Circuit High,System: Computer Output Circuit. Source: SAE J2012 / ISO 15031. This code is classified as Warning-level severity within the Powertrain category.,Powertrain,Generic,Warning
P068E,Cylinder 8 Glow Plug Control Circuit Low,System: Computer Output Circuit. Source: SAE J2012 / ISO 15031. This code is classified as Warning-level severity within the Powertrain category.,Powertrain,Generic,Warning
P068F,Cylinder 8 Glow Plug Control Circuit High,System: Computer Output Circuit. Source: SAE J2012 / ISO 15031. This code is classified as Warning-level severity within the Powertrain category.,Powertrain,Generic,Warning
P0690,ECM/PCM Power Relay Sense Circuit High,System: Computer Output Circuit. Source: SAE J2012 / ISO 15031. This code is classified as Warning-level severity within the Powertrain category.,Powertrain,Generic,Warning
P0691,Fan 1 Control Circuit Low,System: Computer Output Circuit. Source: SAE J2012 / ISO 15031. This code is classified as Warning-level severity within the Powertrain category.,Powertrain,Generic,Warning
P0692,Fan 1 Control Circuit High,System: Computer Output Circuit. Source: SAE J2012 / ISO 15031. This code is classified as Warning-level severity within the Powertrain category.,Powertrain,Generic,Warning
P0693,Fan 2 Control Circuit Low,System: Computer Output Circuit. Source: SAE J2012 / ISO 15031. This code is classified as Warning-level severity within the Powertrain category.,Powertrain,Generic,Warning
P0694,Fan 2 Control Circuit High,System: Computer Output Circuit. Source: SAE J2012 / ISO 15031. This code is classified as Warning-level severity within the Powertrain category.,Powertrain,Generic,Warning
P0695,Fan 3 Control Circuit Low,System: Computer Output Circuit. Source: SAE J2012 / ISO 15031. This code is classified as Warning-level severity within the Powertrain category.,Powertrain,Generic,Warning
P0696,Fan 3 Control Circuit High,System: Computer Output Circuit. Source: SAE J2012 / ISO 15031. This code is classified as Warning-level severity within the Powertrain category.,Powertrain,Generic,Warning
P0697,"Sensor Reference Voltage ""C"" Circuit/Open",System: Computer Output Circuit. Source: SAE J2012 / ISO 15031. This code is classified as Critical-level severity within the Powertrain category.,Powertrain,Generic,Critical
P0698,"Sensor Reference Voltage ""C"" Circuit Low",System: Computer Output Circuit. Source: SAE J2012 / ISO 15031. This code is classified as Warning-level severity within the Powertrain category.,Powertrain,Generic,Warning
P0699,"Sensor Reference Voltage ""C"" Circuit High",System: Computer Output Circuit. Source: SAE J2012 / ISO 15031. This code is classified as Warning-level severity within the Powertrain category.,Powertrain,Generic,Warning
P069A,Cylinder 9 Glow Plug Control Circuit Low,System: Computer Output Circuit. Source: SAE J2012 / ISO 15031. This code is classified as Warning-level severity within the Powertrain category.,Powertrain,Generic,Warning
P069B,Cylinder 9 Glow Plug Control Circuit High,System: Computer Output Circuit. Source: SAE J2012 / ISO 15031. This code is classified as Warning-level severity within the Powertrain category.,Powertrain,Generic,Warning
P069C,Cylinder 10 Glow Plug Control Circuit Low,System: Computer Output Circuit. Source: SAE J2012 / ISO 15031. This code is classified as Warning-level severity within the Powertrain category.,Powertrain,Generic,Warning
P069D,Cylinder 10 Glow Plug Control Circuit High,System: Computer Output Circuit. Source: SAE J2012 / ISO 15031. This code is classified as Warning-level severity within the Powertrain category.,Powertrain,Generic,Warning
P069E,Fuel Pump Control Module Requested MIL Illumination,System: Computer Output Circuit. Source: SAE J2012 / ISO 15031. This code is classified as Info-level severity within the Powertrain category.,Powertrain,Generic,Info
P069F,Throttle Actuator Control Lamp Control Circuit,System: Computer Output Circuit. Source: SAE J2012 / ISO 15031. This code is classified as Info-level severity within the Powertrain category.,Powertrain,Generic,Info
P06A0,Variable A/C Compressor Control Circuit,System: Computer Output Circuit. Source: SAE J2012 / ISO 15031. This code is classified as Info-level severity within the Powertrain category.,Powertrain,Generic,Info
P06A1,Variable A/C Compressor Control Circuit Low,System: Computer Output Circuit. Source: SAE J2012 / ISO 15031. This code is classified as Warning-level severity within the Powertrain category.,Powertrain,Generic,Warning
P06A2,Variable A/C Compressor Control Circuit High,System: Computer Output Circuit. Source: SAE J2012 / ISO 15031. This code is classified as Warning-level severity within the Powertrain category.,Powertrain,Generic,Warning
P06A3,"Sensor Reference Voltage ""D"" Circuit/Open",System: Computer Output Circuit. Source: SAE J2012 / ISO 15031. This code is classified as Critical-level severity within the Powertrain category.,Powertrain,Generic,Critical
P06A4,"Sensor Reference Voltage ""D"" Circuit Low",System: Computer Output Circuit. Source: SAE J2012 / ISO 15031. This code is classified as Warning-level severity within the Powertrain category.,Powertrain,Generic,Warning
P06A5,"Sensor Reference Voltage ""D"" Circuit High",System: Computer Output Circuit. Source: SAE J2012 / ISO 15031. This code is classified as Warning-level severity within the Powertrain category.,Powertrain,Generic,Warning
P06A6,"Sensor Reference Voltage ""A"" Circuit Range/Performance",System: Computer Output Circuit. Source: SAE J2012 / ISO 15031. This code is classified as Warning-level severity within the Powertrain category.,Powertrain,Generic,Warning
P06A7,"Sensor Reference Voltage ""B"" Circuit Range/Performance",System: Computer Output Circuit. Source: SAE J2012 / ISO 15031. This code is classified as Warning-level severity within the Powertrain category.,Powertrain,Generic,Warning
P06A8,"Sensor Reference Voltage ""C"" Circuit Range/Performance",System: Computer Output Circuit. Source: SAE J2012 / ISO 15031. This code is classified as Warning-level severity within the Powertrain category.,Powertrain,Generic,Warning
P06A9,"Sensor Reference Voltage ""D"" Circuit Range/Performance",System: Computer Output Circuit. Source: SAE J2012 / ISO 15031. This code is classified as Warning-level severity within the Powertrain category.,Powertrain,Generic,Warning
P06AA,"PCM/ECM/TCM Internal Temperature ""B"" Too High",System: Computer Output Circuit. Source: SAE J2012 / ISO 15031. This code is classified as Warning-level severity within the Powertrain category.,Powertrain,Generic,Warning
P06AB,"PCM/ECM/TCM Internal Temperature Sensor ""B"" Circuit",System: Computer Output Circuit. Source: SAE J2012 / ISO 15031. This code is classified as Info-level severity within the Powertrain category.,Powertrain,Generic,Info
P06AC,"PCM/ECM/TCM Internal Temperature Sensor ""B""",System: Computer Output Circuit. Source: SAE J2012 / ISO 15031. This code is classified as Info-level severity within the Powertrain category.,Powertrain,Generic,Info
P06AD,"PCM/ECM/TCM Internal Temperature Sensor ""B"" Circuit Low",System: Computer Output Circuit. Source: SAE J2012 / ISO 15031. This code is classified as Warning-level severity within the Powertrain category.,Powertrain,Generic,Warning
P06AE,"PCM/ECM/TCM Internal Temperature Sensor ""B"" Circuit High",System: Computer Output Circuit. Source: SAE J2012 / ISO 15031. This code is classified as Warning-level severity within the Powertrain category.,Powertrain,Generic,Warning
P06AF,Torque Management System - Forced Engine Shutdown,System: Computer Output Circuit. Source: SAE J2012 / ISO 15031. This code is classified as Critical-level severity within the Powertrain category.,Powertrain,Generic,Critical
P06B0,"Sensor Power Supply ""A"" Circuit/Open",System: Computer Output Circuit. Source: SAE J2012 / ISO 15031. This code is classified as Critical-level severity within the Powertrain category.,Powertrain,Generic,Critical
P06B1,"Sensor Power Supply ""A"" Circuit Low",System: Computer Output Circuit. Source: SAE J2012 / ISO 15031. This code is classified as Warning-level severity within the Powertrain category.,Powertrain,Generic,Warning
P06B2,"Sensor Power Supply ""A"" Circuit High",System: Computer Output Circuit. Source: SAE J2012 / ISO 15031. This code is classified as Warning-level severity within the Powertrain category.,Powertrain,Generic,Warning
P06B3,"Sensor Power Supply ""B"" Circuit/Open",System: Computer Output Circuit. Source: SAE J2012 / ISO 15031. This code is classified as Critical-level severity within the Powertrain category.,Powertrain,Generic,Critical
P06B4,"Sensor Power Supply ""B"" Circuit Low",System: Computer Output Circuit. Source: SAE J2012 / ISO 15031. This code is classified as Warning-level severity within the Powertrain category.,Powertrain,Generic,Warning
P06B5,"Sensor Power Supply ""B"" Circuit High",System: Computer Output Circuit. Source: SAE J2012 / ISO 15031. This code is classified as Warning-level severity within the Powertrain category.,Powertrain,Generic,Warning
P06B6,Internal Control Module Knock Sensor Processor 1 Performance,System: Computer Output Circuit. Source: SAE J2012 / ISO 15031. This code is classified as Warning-level severity within the Powertrain category.,Powertrain,Generic,Warning
P06B7,Internal Control Module Knock Sensor Processor 2 Performance,System: Computer Output Circuit. Source: SAE J2012 / ISO 15031. This code is classified as Warning-level severity within the Powertrain category.,Powertrain,Generic,Warning
P06B8,Internal Control Module non-Volatile Random Access Memory,System: Computer Output Circuit. Source: SAE J2012 / ISO 15031. This code is classified as Info-level severity within the Powertrain category.,Powertrain,Generic,Info
P06B9,Cylinder 1 Glow Plug Circuit Range/Performance,System: Computer Output Circuit. Source: SAE J2012 / ISO 15031. This code is classified as Warning-level severity within the Powertrain category.,Powertrain,Generic,Warning
P06BA,Cylinder 2 Glow Plug Circuit Range/Performance,System: Computer Output Circuit. Source: SAE J2012 / ISO 15031. This code is classified as Warning-level severity within the Powertrain category.,Powertrain,Generic,Warning
P06BB,Cylinder 3 Glow Plug Circuit Range/Performance,System: Computer Output Circuit. Source: SAE J2012 / ISO 15031. This code is classified as Warning-level severity within the Powertrain category.,Powertrain,Generic,Warning
P06BC,Cylinder 4 Glow Plug Circuit Range/Performance,System: Computer Output Circuit. Source: SAE J2012 / ISO 15031. This code is classified as Warning-level severity within the Powertrain category.,Powertrain,Generic,Warning
P06BD,Cylinder 5 Glow Plug Circuit Range/Performance,System: Computer Output Circuit. Source: SAE J2012 / ISO 15031. This code is classified as Warning-level severity within the Powertrain category.,Powertrain,Generic,Warning
P06BE,Cylinder 6 Glow Plug Circuit Range/Performance,System: Computer Output Circuit. Source: SAE J2012 / ISO 15031. This code is classified as Warning-level severity within the Powertrain category.,Powertrain,Generic,Warning
P06BF,Cylinder 7 Glow Plug Circuit Range/Performance,System: Computer Output Circuit. Source: SAE J2012 / ISO 15031. This code is classified as Warning-level severity within the Powertrain category.,Powertrain,Generic,Warning
P06C0,Cylinder 8 Glow Plug Circuit Range/Performance,System: Computer Output Circuit. Source: SAE J2012 / ISO 15031. This code is classified as Warning-level severity within the Powertrain category.,Powertrain,Generic,Warning
P06C1,Cylinder 9 Glow Plug Circuit Range/Performance,System: Computer Output Circuit. Source: SAE J2012 / ISO 15031. This code is classified as Warning-level severity within the Powertrain category.,Powertrain,Generic,Warning
P06C2,Cylinder 10 Glow Plug Circuit Range/Performance,System: Computer Output Circuit. Source: SAE J2012 / ISO 15031. This code is classified as Warning-level severity within the Powertrain category.,Powertrain,Generic,Warning
P06C3,Cylinder 11 Glow Plug Circuit Range/Performance,System: Computer Output Circuit. Source: SAE J2012 / ISO 15031. This code is classified as Warning-level severity within the Powertrain category.,Powertrain,Generic,Warning
P06C4,Cylinder 12 Glow Plug Circuit Range/Performance,System: Computer Output Circuit. Source: SAE J2012 / ISO 15031. This code is classified as Warning-level severity within the Powertrain category.,Powertrain,Generic,Warning
P06C5,Cylinder 1 Glow Plug Incorrect,System: Computer Output Circuit. Source: SAE J2012 / ISO 15031. This code is classified as Warning-level severity within the Powertrain category.,Powertrain,Generic,Warning
P06C6,Cylinder 2 Glow Plug Incorrect,System: Computer Output Circuit. Source: SAE J2012 / ISO 15031. This code is classified as Warning-level severity within the Powertrain category.,Powertrain,Generic,Warning
P06C7,Cylinder 3 Glow Plug Incorrect,System: Computer Output Circuit. Source: SAE J2012 / ISO 15031. This code is classified as Warning-level severity within the Powertrain category.,Powertrain,Generic,Warning
P06C8,Cylinder 4 Glow Plug Incorrect,System: Computer Output Circuit. Source: SAE J2012 / ISO 15031. This code is classified as Warning-level severity within the Powertrain category.,Powertrain,Generic,Warning
P06C9,Cylinder 5 Glow Plug Incorrect,System: Computer Output Circuit. Source: SAE J2012 / ISO 15031. This code is classified as Warning-level severity within the Powertrain category.,Powertrain,Generic,Warning
P06CA,Cylinder 6 Glow Plug Incorrect,System: Computer Output Circuit. Source: SAE J2012 / ISO 15031. This code is classified as Warning-level severity within the Powertrain category.,Powertrain,Generic,Warning
P06CB,Cylinder 7 Glow Plug Incorrect,System: Computer Output Circuit. Source: SAE J2012 / ISO 15031. This code is classified as Warning-level severity within the Powertrain category.,Powertrain,Generic,Warning
P06CC,Cylinder 8 Glow Plug Incorrect,System: Computer Output Circuit. Source: SAE J2012 / ISO 15031. This code is classified as Warning-level severity within the Powertrain category.,Powertrain,Generic,Warning
P06CD,Cylinder 9 Glow Plug Incorrect,System: Computer Output Circuit. Source: SAE J2012 / ISO 15031. This code is classified as Warning-level severity within the Powertrain category.,Powertrain,Generic,Warning
P06CE,Cylinder 10 Glow Plug Incorrect,System: Computer Output Circuit. Source: SAE J2012 / ISO 15031. This code is classified as Warning-level severity within the Powertrain category.,Powertrain,Generic,Warning
P06CF,Cylinder 11 Glow Plug Incorrect,System: Computer Output Circuit. Source: SAE J2012 / ISO 15031. This code is classified as Warning-level severity within the Powertrain category.,Powertrain,Generic,Warning
P06D0,Cylinder 12 Glow Plug Incorrect,System: Computer Output Circuit. Source: SAE J2012 / ISO 15031. This code is classified as Warning-level severity within the Powertrain category.,Powertrain,Generic,Warning
P06D1,Internal Control Module Ignition Coil Control Performance,System: Computer Output Circuit. Source: SAE J2012 / ISO 15031. This code is classified as Warning-level severity within the Powertrain category.,Powertrain,Generic,Warning
P0700,Transmission Control System Malfunction,System: Transmission. Source: SAE J2012 / ISO 15031. This code is classified as Critical-level severity within the Powertrain category.,Powertrain,Generic,Critical
P0701,Transmission Control System Range/Performance,System: Transmission. Source: SAE J2012 / ISO 15031. This code is classified as Warning-level severity within the Powertrain category.,Powertrain,Generic,Warning
P0702,Transmission Control System Electrical,System: Transmission. Source: SAE J2012 / ISO 15031. This code is classified as Info-level severity within the Powertrain category.,Powertrain,Generic,Info
P0703,"Brake Switch ""B"" Circuit",System: Transmission. Source: SAE J2012 / ISO 15031. This code is classified as Info-level severity within the Powertrain category.,Powertrain,Generic,Info
P0704,Clutch Switch Input Circuit,System: Transmission. Source: SAE J2012 / ISO 15031. This code is classified as Info-level severity within the Powertrain category.,Powertrain,Generic,Info
P0705,"Transmission Range Sensor ""A"" Circuit (PRNDL Input)",System: Transmission. Source: SAE J2012 / ISO 15031. This code is classified as Warning-level severity within the Powertrain category.,Powertrain,Generic,Warning
P0706,"Transmission Range Sensor ""A"" Circuit Range/Performance",System: Transmission. Source: SAE J2012 / ISO 15031. This code is classified as Warning-level severity within the Powertrain category.,Powertrain,Generic,Warning
P0707,"Transmission Range Sensor ""A"" Circuit Low",System: Transmission. Source: SAE J2012 / ISO 15031. This code is classified as Warning-level severity within the Powertrain category.,Powertrain,Generic,Warning
P0708,"Transmission Range Sensor ""A"" Circuit High",System: Transmission. Source: SAE J2012 / ISO 15031. This code is classified as Warning-level severity within the Powertrain category.,Powertrain,Generic,Warning
P0709,"Transmission Range Sensor ""A"" Circuit Intermittent",System: Transmission. Source: SAE J2012 / ISO 15031. This code is classified as Warning-level severity within the Powertrain category.,Powertrain,Generic,Warning
P070A,Transmission Fluid Level Sensor Circuit,System: Transmission. Source: SAE J2012 / ISO 15031. This code is classified as Info-level severity within the Powertrain category.,Powertrain,Generic,Info
P070B,Transmission Fluid Level Sensor Circuit Range/Performance,System: Transmission. Source: SAE J2012 / ISO 15031. This code is classified as Warning-level severity within the Powertrain category.,Powertrain,Generic,Warning
P070C,Transmission Fluid Level Sensor Circuit Low,System: Transmission. Source: SAE J2012 / ISO 15031. This code is classified as Warning-level severity within the Powertrain category.,Powertrain,Generic,Warning
P070D,Transmission Fluid Level Sensor Circuit High,System: Transmission. Source: SAE J2012 / ISO 15031. This code is classified as Warning-level severity within the Powertrain category.,Powertrain,Generic,Warning
P070E,Transmission Fluid Level Sensor Circuit intermittent/Erratic,System: Transmission. Source: SAE J2012 / ISO 15031. This code is classified as Warning-level severity within the Powertrain category.,Powertrain,Generic,Warning
P070F,Transmission Fluid Level Too Low,System: Transmission. Source: SAE J2012 / ISO 15031. This code is classified as Warning-level severity within the Powertrain category.,Powertrain,Generic,Warning
P0710,"Transmission Fluid Temperature Sensor ""A"" Circuit",System: Transmission. Source: SAE J2012 / ISO 15031. This code is classified as Info-level severity within the Powertrain category.,Powertrain,Generic,Info
P0711,"Transmission Fluid Temperature Sensor ""A"" Circuit",System: Transmission. Source: SAE J2012 / ISO 15031. This code is classified as Info-level severity within the Powertrain category.,Powertrain,Generic,Info
P0712,"Transmission Fluid Temperature Sensor ""A"" Circuit Low",System: Transmission. Source: SAE J2012 / ISO 15031. This code is classified as Warning-level severity within the Powertrain category.,Powertrain,Generic,Warning
P0713,"Transmission Fluid Temperature Sensor ""A"" Circuit High",System: Transmission. Source: SAE J2012 / ISO 15031. This code is classified as Warning-level severity within the Powertrain category.,Powertrain,Generic,Warning
P0714,"Transmission Fluid Temperature Sensor ""A"" Circuit Intermittent",System: Transmission. Source: SAE J2012 / ISO 15031. This code is classified as Warning-level severity within the Powertrain category.,Powertrain,Generic,Warning
P0715,Input/Turbine Speed Sensor Circuit Malfunction,System: Transmission. Source: SAE J2012 / ISO 15031. This code is classified as Critical-level severity within the Powertrain category.,Powertrain,Generic,Critical
P0716,"Input/Turbine Speed Sensor ""A"" Circuit Range/Performance",System: Transmission. Source: SAE J2012 / ISO 15031. This code is classified as Warning-level severity within the Powertrain category.,Powertrain,Generic,Warning
P0717,"Input/Turbine Speed Sensor ""A"" Circuit no Signal",System: Transmission. Source: SAE J2012 / ISO 15031. This code is classified as Info-level severity within the Powertrain category.,Powertrain,Generic,Info
P0718,"Input/Turbine Speed Sensor ""A"" Circuit Intermittent",System: Transmission. Source: SAE J2012 / ISO 15031. This code is classified as Warning-level severity within the Powertrain category.,Powertrain,Generic,Warning
P0719,"Brake Switch ""B"" Circuit Low",System: Transmission. Source: SAE J2012 / ISO 15031. This code is classified as Warning-level severity within the Powertrain category.,Powertrain,Generic,Warning
P071A,"Transmission Mode Switch ""A"" Circuit",System: Transmission. Source: SAE J2012 / ISO 15031. This code is classified as Info-level severity within the Powertrain category.,Powertrain,Generic,Info
P071B,"Transmission Mode Switch ""A"" Circuit Low",System: Transmission. Source: SAE J2012 / ISO 15031. This code is classified as Warning-level severity within the Powertrain category.,Powertrain,Generic,Warning
P071C,"Transmission Mode Switch ""A"" Circuit High",System: Transmission. Source: SAE J2012 / ISO 15031. This code is classified as Warning-level severity within the Powertrain category.,Powertrain,Generic,Warning
P071D,"Transmission Mode Switch ""B"" Circuit",System: Transmission. Source: SAE J2012 / ISO 15031. This code is classified as Info-level severity within the Powertrain category.,Powertrain,Generic,Info
P071E,"Transmission Mode Switch ""B"" Circuit Low",System: Transmission. Source: SAE J2012 / ISO 15031. This code is classified as Warning-level severity within the Powertrain category.,Powertrain,Generic,Warning
P071F,"Transmission Mode Switch ""B"" Circuit High",System: Transmission. Source: SAE J2012 / ISO 15031. This code is classified as Warning-level severity within the Powertrain category.,Powertrain,Generic,Warning
P0720,Output Speed Sensor Circuit Malfunction,System: Transmission. Source: SAE J2012 / ISO 15031. This code is classified as Critical-level severity within the Powertrain category.,Powertrain,Generic,Critical
P0721,Output Speed Sensor Circuit Range/Performance,System: Transmission. Source: SAE J2012 / ISO 15031. This code is classified as Warning-level severity within the Powertrain category.,Powertrain,Generic,Warning
P0722,Output Speed Sensor Circuit no Signal,System: Transmission. Source: SAE J2012 / ISO 15031. This code is classified as Info-level severity within the Powertrain category.,Powertrain,Generic,Info
P0723,Output Speed Sensor Circuit Intermittent,System: Transmission. Source: SAE J2012 / ISO 15031. This code is classified as Warning-level severity within the Powertrain category.,Powertrain,Generic,Warning
P0724,"Brake Switch ""B"" Circuit High",System: Transmission. Source: SAE J2012 / ISO 15031. This code is classified as Warning-level severity within the Powertrain category.,Powertrain,Generic,Warning
P0725,Engine Speed Input Circuit,System: Transmission. Source: SAE J2012 / ISO 15031. This code is classified as Info-level severity within the Powertrain category.,Powertrain,Generic,Info
P0726,Engine Speed Input Circuit Range/Performance,System: Transmission. Source: SAE J2012 / ISO 15031. This code is classified as Warning-level severity within the Powertrain category.,Powertrain,Generic,Warning
P0727,Engine Speed Input Circuit no Signal,System: Transmission. Source: SAE J2012 / ISO 15031. This code is classified as Info-level severity within the Powertrain category.,Powertrain,Generic,Info
P0728,Engine Speed Input Circuit Intermittent,System: Transmission. Source: SAE J2012 / ISO 15031. This code is classified as Warning-level severity within the Powertrain category.,Powertrain,Generic,Warning
P0729,Gear 6 Incorrect Ratio,System: Transmission. Source: SAE J2012 / ISO 15031. This code is classified as Info-level severity within the Powertrain category.,Powertrain,Generic,Info
P072A,Stuck in Neutral,System: Transmission. Source: SAE J2012 / ISO 15031. This code is classified as Critical-level severity within the Powertrain category.,Powertrain,Generic,Critical
P072B,Stuck In Reverse,System: Transmission. Source: SAE J2012 / ISO 15031. This code is classified as Critical-level severity within the Powertrain category.,Powertrain,Generic,Critical
P072C,Stuck in Gear 1,System: Transmission. Source: SAE J2012 / ISO 15031. This code is classified as Critical-level severity within the Powertrain category.,Powertrain,Generic,Critical
P072D,Stuck in Gear 2,System: Transmission. Source: SAE J2012 / ISO 15031. This code is classified as Critical-level severity within the Powertrain category.,Powertrain,Generic,Critical
P072E,Stuck in Gear 3,System: Transmission. Source: SAE J2012 / ISO 15031. This code is classified as Critical-level severity within the Powertrain category.,Powertrain,Generic,Critical
P072F,Stuck in Gear 4,System: Transmission. Source: SAE J2012 / ISO 15031. This code is classified as Critical-level severity within the Powertrain category.,Powertrain,Generic,Critical
P0730,Incorrect Gear Ratio,System: Transmission. Source: SAE J2012 / ISO 15031. This code is classified as Info-level severity within the Powertrain category.,Powertrain,Generic,Info
P0731,Gear 1 Incorrect Ratio,System: Transmission. Source: SAE J2012 / ISO 15031. This code is classified as Info-level severity within the Powertrain category.,Powertrain,Generic,Info
P0732,Gear 2 Incorrect Ratio,System: Transmission. Source: SAE J2012 / ISO 15031. This code is classified as Info-level severity within the Powertrain category.,Powertrain,Generic,Info
P0733,Gear 3 Incorrect Ratio,System: Transmission. Source: SAE J2012 / ISO 15031. This code is classified as Info-level severity within the Powertrain category.,Powertrain,Generic,Info
P0734,Gear 4 Incorrect Ratio,System: Transmission. Source: SAE J2012 / ISO 15031. This code is classified as Info-level severity within the Powertrain category.,Powertrain,Generic,Info
P0735,Gear 5 Incorrect Ratio,System: Transmission. Source: SAE J2012 / ISO 15031. This code is classified as Info-level severity within the Powertrain category.,Powertrain,Generic,Info
P0736,Reverse Incorrect Ratio,System: Transmission. Source: SAE J2012 / ISO 15031. This code is classified as Info-level severity within the Powertrain category.,Powertrain,Generic,Info
P0737,TCM Engine Speed Output Circuit,System: Transmission. Source: SAE J2012 / ISO 15031. This code is classified as Info-level severity within the Powertrain category.,Powertrain,Generic,Info
P0738,TCM Engine Speed Output Circuit Low,System: Transmission. Source: SAE J2012 / ISO 15031. This code is classified as Warning-level severity within the Powertrain category.,Powertrain,Generic,Warning
P0739,TCM Engine Speed Output Circuit High,System: Transmission. Source: SAE J2012 / ISO 15031. This code is classified as Warning-level severity within the Powertrain category.,Powertrain,Generic,Warning
P073A,Stuck in Gear 5,System: Transmission. Source: SAE J2012 / ISO 15031. This code is classified as Critical-level severity within the Powertrain category.,Powertrain,Generic,Critical
P073B,Stuck in Gear 6,System: Transmission. Source: SAE J2012 / ISO 15031. This code is classified as Critical-level severity within the Powertrain category.,Powertrain,Generic,Critical
P073C,Stuck in Gear 7,System: Transmission. Source: SAE J2012 / ISO 15031. This code is classified as Critical-level severity within the Powertrain category.,Powertrain,Generic,Critical
P073D,Unable to Engage Neutral,System: Transmission. Source: SAE J2012 / ISO 15031. This code is classified as Info-level severity within the Powertrain category.,Powertrain,Generic,Info
P073E,Unable to Engage Reverse,System: Transmission. Source: SAE J2012 / ISO 15031. This code is classified as Info-level severity within the Powertrain category.,Powertrain,Generic,Info
P073F,Unable to Engage Gear 1,System: Transmission. Source: SAE J2012 / ISO 15031. This code is classified as Info-level severity within the Powertrain category.,Powertrain,Generic,Info
P0740,Torque Converter Clutch Circuit/Open,System: Transmission. Source: SAE J2012 / ISO 15031. This code is classified as Critical-level severity within the Powertrain category.,Powertrain,Generic,Critical
P0741,Torque Converter Clutch Circuit Performance/Stuck Off,System: Transmission. Source: SAE J2012 / ISO 15031. This code is classified as Critical-level severity within the Powertrain category.,Powertrain,Generic,Critical
P0742,Torque Converter Clutch Circuit Stuck On,System: Transmission. Source: SAE J2012 / ISO 15031. This code is classified as Critical-level severity within the Powertrain category.,Powertrain,Generic,Critical
P0743,Torque Converter Clutch Circuit Electrical,System: Transmission. Source: SAE J2012 / ISO 15031. This code is classified as Info-level severity within the Powertrain category.,Powertrain,Generic,Info
P0744,Torque Converter Clutch Circuit Intermittent,System: Transmission. Source: SAE J2012 / ISO 15031. This code is classified as Warning-level severity within the Powertrain category.,Powertrain,Generic,Warning
P0745,"Pressure Control Solenoid ""A""",System: Transmission. Source: SAE J2012 / ISO 15031. This code is classified as Info-level severity within the Powertrain category.,Powertrain,Generic,Info
P0746,"Pressure Control Solenoid ""A"" Performance/Stuck Off",System: Transmission. Source: SAE J2012 / ISO 15031. This code is classified as Critical-level severity within the Powertrain category.,Powertrain,Generic,Critical
P0747,"Pressure Control Solenoid ""A"" Stuck On",System: Transmission. Source: SAE J2012 / ISO 15031. This code is classified as Critical-level severity within the Powertrain category.,Powertrain,Generic,Critical
P0748,"Pressure Control Solenoid ""A"" Electrical",System: Transmission. Source: SAE J2012 / ISO 15031. This code is classified as Info-level severity within the Powertrain category.,Powertrain,Generic,Info
P0749,"Pressure Control Solenoid ""A"" Intermittent",System: Transmission. Source: SAE J2012 / ISO 15031. This code is classified as Warning-level severity within the Powertrain category.,Powertrain,Generic,Warning
P074A,Unable To Engage Gear 2,System: Transmission. Source: SAE J2012 / ISO 15031. This code is classified as Info-level severity within the Powertrain category.,Powertrain,Generic,Info
P074B,Unable To Engage Gear 3,System: Transmission. Source: SAE J2012 / ISO 15031. This code is classified as Info-level severity within the Powertrain category.,Powertrain,Generic,Info
P074C,Unable To Engage Gear 4,System: Transmission. Source: SAE J2012 / ISO 15031. This code is classified as Info-level severity within the Powertrain category.,Powertrain,Generic,Info
P074D,Unable To Engage Gear 5,System: Transmission. Source: SAE J2012 / ISO 15031. This code is classified as Info-level severity within the Powertrain category.,Powertrain,Generic,Info
P074E,Unable To Engage Gear 6,System: Transmission. Source: SAE J2012 / ISO 15031. This code is classified as Info-level severity within the Powertrain category.,Powertrain,Generic,Info
P074F,Unable To Engage Gear 7,System: Transmission. Source: SAE J2012 / ISO 15031. This code is classified as Info-level severity within the Powertrain category.,Powertrain,Generic,Info
P0750,"Shift Solenoid ""A""",System: Transmission. Source: SAE J2012 / ISO 15031. This code is classified as Info-level severity within the Powertrain category.,Powertrain,Generic,Info
P0751,"Shift Solenoid ""A"" Performance/Stuck Off",System: Transmission. Source: SAE J2012 / ISO 15031. This code is classified as Critical-level severity within the Powertrain category.,Powertrain,Generic,Critical
P0752,"Shift Solenoid ""A"" Stuck On",System: Transmission. Source: SAE J2012 / ISO 15031. This code is classified as Critical-level severity within the Powertrain category.,Powertrain,Generic,Critical
P0753,"Shift Solenoid ""A"" Electrical",System: Transmission. Source: SAE J2012 / ISO 15031. This code is classified as Info-level severity within the Powertrain category.,Powertrain,Generic,Info
P0754,"Shift Solenoid ""A"" Intermittent",System: Transmission. Source: SAE J2012 / ISO 15031. This code is classified as Warning-level severity within the Powertrain category.,Powertrain,Generic,Warning
P0755,"Shift Solenoid ""B""",System: Transmission. Source: SAE J2012 / ISO 15031. This code is classified as Info-level severity within the Powertrain category.,Powertrain,Generic,Info
P0756,"Shift Solenoid ""B"" Performance/Stuck Off",System: Transmission. Source: SAE J2012 / ISO 15031. This code is classified as Critical-level severity within the Powertrain category.,Powertrain,Generic,Critical
P0757,"Shift Solenoid ""B"" Stuck On",System: Transmission. Source: SAE J2012 / ISO 15031. This code is classified as Critical-level severity within the Powertrain category.,Powertrain,Generic,Critical
P0758,"Shift Solenoid ""B"" Electrical",System: Transmission. Source: SAE J2012 / ISO 15031. This code is classified as Info-level severity within the Powertrain category.,Powertrain,Generic,Info
P0759,"Shift Solenoid ""B"" Intermittent",System: Transmission. Source: SAE J2012 / ISO 15031. This code is classified as Warning-level severity within the Powertrain category.,Powertrain,Generic,Warning
P075A,"Shift Solenoid ""G""",System: Transmission. Source: SAE J2012 / ISO 15031. This code is classified as Info-level severity within the Powertrain category.,Powertrain,Generic,Info
P075B,"Shift Solenoid ""G"" Performance/Stuck Off",System: Transmission. Source: SAE J2012 / ISO 15031. This code is classified as Critical-level severity within the Powertrain category.,Powertrain,Generic,Critical
P075C,"Shift Solenoid ""G"" Stuck On",System: Transmission. Source: SAE J2012 / ISO 15031. This code is classified as Critical-level severity within the Powertrain category.,Powertrain,Generic,Critical
P075D,"Shift Solenoid ""G"" Electrical",System: Transmission. Source: SAE J2012 / ISO 15031. This code is classified as Info-level severity within the Powertrain category.,Powertrain,Generic,Info
P075E,"Shift Solenoid ""G"" Intermittent",System: Transmission. Source: SAE J2012 / ISO 15031. This code is classified as Warning-level severity within the Powertrain category.,Powertrain,Generic,Warning
P075F,Transmission Fluid Level Too High,System: Transmission. Source: SAE J2012 / ISO 15031. This code is classified as Warning-level severity within the Powertrain category.,Powertrain,Generic,Warning
P0760,"Shift Solenoid ""C""",System: Transmission. Source: SAE J2012 / ISO 15031. This code is classified as Info-level severity within the Powertrain category.,Powertrain,Generic,Info
P0761,"Shift Solenoid ""C"" Performance/Stuck Off",System: Transmission. Source: SAE J2012 / ISO 15031. This code is classified as Critical-level severity within the Powertrain category.,Powertrain,Generic,Critical
P0762,"Shift Solenoid ""C"" Stuck On",System: Transmission. Source: SAE J2012 / ISO 15031. This code is classified as Critical-level severity within the Powertrain category.,Powertrain,Generic,Critical
P0763,"Shift Solenoid ""C"" Electrical",System: Transmission. Source: SAE J2012 / ISO 15031. This code is classified as Info-level severity within the Powertrain category.,Powertrain,Generic,Info
P0764,"Shift Solenoid ""C"" Intermittent",System: Transmission. Source: SAE J2012 / ISO 15031. This code is classified as Warning-level severity within the Powertrain category.,Powertrain,Generic,Warning
P0765,"Shift Solenoid ""D""",System: Transmission. Source: SAE J2012 / ISO 15031. This code is classified as Info-level severity within the Powertrain category.,Powertrain,Generic,Info
P0766,"Shift Solenoid ""D"" Performance/Stuck Off",System: Transmission. Source: SAE J2012 / ISO 15031. This code is classified as Critical-level severity within the Powertrain category.,Powertrain,Generic,Critical
P0767,"Shift Solenoid ""D"" Stuck On",System: Transmission. Source: SAE J2012 / ISO 15031. This code is classified as Critical-level severity within the Powertrain category.,Powertrain,Generic,Critical
P0768,"Shift Solenoid ""D"" Electrical",System: Transmission. Source: SAE J2012 / ISO 15031. This code is classified as Info-level severity within the Powertrain category.,Powertrain,Generic,Info
P0769,"Shift Solenoid ""D"" Intermittent",System: Transmission. Source: SAE J2012 / ISO 15031. This code is classified as Warning-level severity within the Powertrain category.,Powertrain,Generic,Warning
P076A,"Shift Solenoid ""H""",System: Transmission. Source: SAE J2012 / ISO 15031. This code is classified as Info-level severity within the Powertrain category.,Powertrain,Generic,Info
P076B,"Shift Solenoid ""H"" Performance/Stuck Off",System: Transmission. Source: SAE J2012 / ISO 15031. This code is classified as Critical-level severity within the Powertrain category.,Powertrain,Generic,Critical
P076C,"Shift Solenoid ""H"" Stuck On",System: Transmission. Source: SAE J2012 / ISO 15031. This code is classified as Critical-level severity within the Powertrain category.,Powertrain,Generic,Critical
P076D,"Shift Solenoid ""H"" Electrical",System: Transmission. Source: SAE J2012 / ISO 15031. This code is classified as Info-level severity within the Powertrain category.,Powertrain,Generic,Info
P076E,"Shift Solenoid ""H"" Intermittent",System: Transmission. Source: SAE J2012 / ISO 15031. This code is classified as Warning-level severity within the Powertrain category.,Powertrain,Generic,Warning
P076F,Gear 7 Incorrect Ratio,System: Transmission. Source: SAE J2012 / ISO 15031. This code is classified as Info-level severity within the Powertrain category.,Powertrain,Generic,Info
P0770,"Shift Solenoid ""E""",System: Transmission. Source: SAE J2012 / ISO 15031. This code is classified as Info-level severity within the Powertrain category.,Powertrain,Generic,Info
P0771,"Shift Solenoid ""E"" Performance/Stuck Off",System: Transmission. Source: SAE J2012 / ISO 15031. This code is classified as Critical-level severity within the Powertrain category.,Powertrain,Generic,Critical
P0772,"Shift Solenoid ""E"" Stuck On",System: Transmission. Source: SAE J2012 / ISO 15031. This code is classified as Critical-level severity within the Powertrain category.,Powertrain,Generic,Critical
P0773,"Shift Solenoid ""E"" Electrical",System: Transmission. Source: SAE J2012 / ISO 15031. This code is classified as Info-level severity within the Powertrain category.,Powertrain,Generic,Info
P0774,"Shift Solenoid ""E"" Intermittent",System: Transmission. Source: SAE J2012 / ISO 15031. This code is classified as Warning-level severity within the Powertrain category.,Powertrain,Generic,Warning
P0775,"Pressure Control Solenoid ""B""",System: Transmission. Source: SAE J2012 / ISO 15031. This code is classified as Info-level severity within the Powertrain category.,Powertrain,Generic,Info
P0776,"Pressure Control Solenoid ""B"" Performance/Stuck Off",System: Transmission. Source: SAE J2012 / ISO 15031. This code is classified as Critical-level severity within the Powertrain category.,Powertrain,Generic,Critical
P0777,"Pressure Control Solenoid ""B"" Stuck On",System: Transmission. Source: SAE J2012 / ISO 15031. This code is classified as Critical-level severity within the Powertrain category.,Powertrain,Generic,Critical
P0778,"Pressure Control Solenoid ""B"" Electrical",System: Transmission. Source: SAE J2012 / ISO 15031. This code is classified as Info-level severity within the Powertrain category.,Powertrain,Generic,Info
P0779,"Pressure Control Solenoid ""B"" Intermittent",System: Transmission. Source: SAE J2012 / ISO 15031. This code is classified as Warning-level severity within the Powertrain category.,Powertrain,Generic,Warning
P077A,Output Speed Sensor Circuit - Loss of Direction Signal,System: Transmission. Source: SAE J2012 / ISO 15031. This code is classified as Critical-level severity within the Powertrain category.,Powertrain,Generic,Critical
P077B,Output Speed Sensor Circuit - Direction Error,System: Transmission. Source: SAE J2012 / ISO 15031. This code is classified as Info-level severity within the Powertrain category.,Powertrain,Generic,Info
P0780,Shift Error,System: Transmission. Source: SAE J2012 / ISO 15031. This code is classified as Info-level severity within the Powertrain category.,Powertrain,Generic,Info
P0781,1-2 Shift,System: Transmission. Source: SAE J2012 / ISO 15031. This code is classified as Info-level severity within the Powertrain category.,Powertrain,Generic,Info
P0782,2-3 Shift,System: Transmission. Source: SAE J2012 / ISO 15031. This code is classified as Info-level severity within the Powertrain category.,Powertrain,Generic,Info
P0783,3-4 Shift,System: Transmission. Source: SAE J2012 / ISO 15031. This code is classified as Info-level severity within the Powertrain category.,Powertrain,Generic,Info
P0784,4-5 Shift,System: Transmission. Source: SAE J2012 / ISO 15031. This code is classified as Info-level severity within the Powertrain category.,Powertrain,Generic,Info
P0785,"Shift Timing Solenoid ""A""",System: Transmission. Source: SAE J2012 / ISO 15031. This code is classified as Info-level severity within the Powertrain category.,Powertrain,Generic,Info
P0786,"Shift Timing Solenoid ""A"" Range/Performance",System: Transmission. Source: SAE J2012 / ISO 15031. This code is classified as Warning-level severity within the Powertrain category.,Powertrain,Generic,Warning
P0787,"Shift Timing Solenoid ""A"" Low",System: Transmission. Source: SAE J2012 / ISO 15031. This code is classified as Warning-level severity within the Powertrain category.,Powertrain,Generic,Warning
P0788,"Shift Timing Solenoid ""A"" High",System: Transmission. Source: SAE J2012 / ISO 15031. This code is classified as Warning-level severity within the Powertrain category.,Powertrain,Generic,Warning
P0789,"Shift Timing Solenoid ""A"" Intermittent",System: Transmission. Source: SAE J2012 / ISO 15031. This code is classified as Warning-level severity within the Powertrain category.,Powertrain,Generic,Warning
P078A,"Shift Timing Solenoid ""B""",System: Transmission. Source: SAE J2012 / ISO 15031. This code is classified as Info-level severity within the Powertrain category.,Powertrain,Generic,Info
P078B,"Shift Timing Solenoid ""B"" Range/Performance",System: Transmission. Source: SAE J2012 / ISO 15031. This code is classified as Warning-level severity within the Powertrain category.,Powertrain,Generic,Warning
P078C,"Shift Timing Solenoid ""B"" Low",System: Transmission. Source: SAE J2012 / ISO 15031. This code is classified as Warning-level severity within the Powertrain category.,Powertrain,Generic,Warning
P078D,"Shift Timing Solenoid ""B"" High",System: Transmission. Source: SAE J2012 / ISO 15031. This code is classified as Warning-level severity within the Powertrain category.,Powertrain,Generic,Warning
P078E,"Shift Timing Solenoid ""B"" Intermittent",System: Transmission. Source: SAE J2012 / ISO 15031. This code is classified as Warning-level severity within the Powertrain category.,Powertrain,Generic,Warning
P0790,normal/Performance Switch Circuit,System: Transmission. Source: SAE J2012 / ISO 15031. This code is classified as Warning-level severity within the Powertrain category.,Powertrain,Generic,Warning
P0791,"Intermediate Shaft Speed Sensor ""A"" Circuit",System: Transmission. Source: SAE J2012 / ISO 15031. This code is classified as Info-level severity within the Powertrain category.,Powertrain,Generic,Info
P0792,"Intermediate Shaft Speed Sensor ""A"" Circuit Range/Performance",System: Transmission. Source: SAE J2012 / ISO 15031. This code is classified as Warning-level severity within the Powertrain category.,Powertrain,Generic,Warning
P0793,"Intermediate Shaft Speed Sensor ""A"" Circuit no Signal",System: Transmission. Source: SAE J2012 / ISO 15031. This code is classified as Info-level severity within the Powertrain category.,Powertrain,Generic,Info
P0794,"Intermediate Shaft Speed Sensor ""A"" Circuit Intermittent",System: Transmission. Source: SAE J2012 / ISO 15031. This code is classified as Warning-level severity within the Powertrain category.,Powertrain,Generic,Warning
P0795,"Pressure Control Solenoid ""C""",System: Transmission. Source: SAE J2012 / ISO 15031. This code is classified as Info-level severity within the Powertrain category.,Powertrain,Generic,Info
P0796,"Pressure Control Solenoid ""C"" Performance/Stuck Off",System: Transmission. Source: SAE J2012 / ISO 15031. This code is classified as Critical-level severity within the Powertrain category.,Powertrain,Generic,Critical
P0797,"Pressure Control Solenoid ""C"" Stuck On",System: Transmission. Source: SAE J2012 / ISO 15031. This code is classified as Critical-level severity within the Powertrain category.,Powertrain,Generic,Critical
P0798,"Pressure Control Solenoid ""C"" Electrical",System: Transmission. Source: SAE J2012 / ISO 15031. This code is classified as Info-level severity within the Powertrain category.,Powertrain,Generic,Info
P0799,"Pressure Control Solenoid ""C"" Intermittent",System: Transmission. Source: SAE J2012 / ISO 15031. This code is classified as Warning-level severity within the Powertrain category.,Powertrain,Generic,Warning
P079A,"Transmission Friction Element ""A"" Slip Detected",System: Transmission. Source: SAE J2012 / ISO 15031. This code is classified as Info-level severity within the Powertrain category.,Powertrain,Generic,Info
P079B,"Transmission Friction Element ""B"" Slip Detected",System: Transmission. Source: SAE J2012 / ISO 15031. This code is classified as Info-level severity within the Powertrain category.,Powertrain,Generic,Info
P079C,"Transmission Friction Element ""C"" Slip Detected",System: Transmission. Source: SAE J2012 / ISO 15031. This code is classified as Info-level severity within the Powertrain category.,Powertrain,Generic,Info
P079D,"Transmission Friction Element ""D"" Slip Detected",System: Transmission. Source: SAE J2012 / ISO 15031. This code is classified as Info-level severity within the Powertrain category.,Powertrain,Generic,Info
P079E,"Transmission Friction Element ""E"" Slip Detected",System: Transmission. Source: SAE J2012 / ISO 15031. This code is classified as Info-level severity within the Powertrain category.,Powertrain,Generic,Info
P079F,"Transmission Friction Element ""F"" Slip Detected",System: Transmission. Source: SAE J2012 / ISO 15031. This code is classified as Info-level severity within the Powertrain category.,Powertrain,Generic,Info
P07A0,"Transmission Friction Element ""G"" Slip Detected",System: Transmission. Source: SAE J2012 / ISO 15031. This code is classified as Info-level severity within the Powertrain category.,Powertrain,Generic,Info
P07A1,"Transmission Friction Element ""H"" Slip Detected",System: Transmission. Source: SAE J2012 / ISO 15031. This code is classified as Info-level severity within the Powertrain category.,Powertrain,Generic,Info
P07A2,"Transmission Friction Element ""A"" Performance/Stuck Off",System: Transmission. Source: SAE J2012 / ISO 15031. This code is classified as Critical-level severity within the Powertrain category.,Powertrain,Generic,Critical
P07A3,"Transmission Friction Element ""A"" Stuck On",System: Transmission. Source: SAE J2012 / ISO 15031. This code is classified as Critical-level severity within the Powertrain category.,Powertrain,Generic,Critical
P07A4,"Transmission Friction Element ""B"" Performance/Stuck Off",System: Transmission. Source: SAE J2012 / ISO 15031. This code is classified as Critical-level severity within the Powertrain category.,Powertrain,Generic,Critical
P07A5,"Transmission Friction Element ""B"" Stuck On",System: Transmission. Source: SAE J2012 / ISO 15031. This code is classified as Critical-level severity within the Powertrain category.,Powertrain,Generic,Critical
P07A6,"Transmission Friction Element ""C"" Performance/Stuck Off",System: Transmission. Source: SAE J2012 / ISO 15031. This code is classified as Critical-level severity within the Powertrain category.,Powertrain,Generic,Critical
P07A7,"Transmission Friction Element ""C"" Stuck On",System: Transmission. Source: SAE J2012 / ISO 15031. This code is classified as Critical-level severity within the Powertrain category.,Powertrain,Generic,Critical
P07A8,"Transmission Friction Element ""D"" Performance/Stuck Off",System: Transmission. Source: SAE J2012 / ISO 15031. This code is classified as Critical-level severity within the Powertrain category.,Powertrain,Generic,Critical
P07A9,"Transmission Friction Element ""D"" Stuck On",System: Transmission. Source: SAE J2012 / ISO 15031. This code is classified as Critical-level severity within the Powertrain category.,Powertrain,Generic,Critical
P07AA,"Transmission Friction Element ""E"" Performance/Stuck Off",System: Transmission. Source: SAE J2012 / ISO 15031. This code is classified as Critical-level severity within the Powertrain category.,Powertrain,Generic,Critical
P07AB,"Transmission Friction Element ""E"" Stuck On",System: Transmission. Source: SAE J2012 / ISO 15031. This code is classified as Critical-level severity within the Powertrain category.,Powertrain,Generic,Critical
P07AC,"Transmission Friction Element ""F"" Performance/Stuck Off",System: Transmission. Source: SAE J2012 / ISO 15031. This code is classified as Critical-level severity within the Powertrain category.,Powertrain,Generic,Critical
P07AD,"Transmission Friction Element ""F"" Stuck On",System: Transmission. Source: SAE J2012 / ISO 15031. This code is classified as Critical-level severity within the Powertrain category.,Powertrain,Generic,Critical
P07AE,"Transmission Friction Element ""G"" Performance/Stuck Off",System: Transmission. Source: SAE J2012 / ISO 15031. This code is classified as Critical-level severity within the Powertrain category.,Powertrain,Generic,Critical
P07AF,"Transmission Friction Element ""G"" Stuck On",System: Transmission. Source: SAE J2012 / ISO 15031. This code is classified as Critical-level severity within the Powertrain category.,Powertrain,Generic,Critical
P07B0,"Transmission Friction Element ""H"" Performance/Stuck Off",System: Transmission. Source: SAE J2012 / ISO 15031. This code is classified as Critical-level severity within the Powertrain category.,Powertrain,Generic,Critical
P07B1,"Transmission Friction Element ""H"" Stuck On",System: Transmission. Source: SAE J2012 / ISO 15031. This code is classified as Critical-level severity within the Powertrain category.,Powertrain,Generic,Critical
P07B2,"Transmission Park Position Sensor/Switch ""A"" Circuit/Open",System: Transmission. Source: SAE J2012 / ISO 15031. This code is classified as Critical-level severity within the Powertrain category.,Powertrain,Generic,Critical
P07B3,"Transmission Park Position Sensor/Switch ""A"" Circuit Low",System: Transmission. Source: SAE J2012 / ISO 15031. This code is classified as Warning-level severity within the Powertrain category.,Powertrain,Generic,Warning
P07B4,"Transmission Park Position Sensor/Switch ""A"" Circuit High",System: Transmission. Source: SAE J2012 / ISO 15031. This code is classified as Warning-level severity within the Powertrain category.,Powertrain,Generic,Warning
P07B5,"Transmission Park Position Sensor/Switch ""A"" Circuit",System: Transmission. Source: SAE J2012 / ISO 15031. This code is classified as Info-level severity within the Powertrain category.,Powertrain,Generic,Info
P07B6,"Transmission Park Position Sensor/Switch ""A"" Circuit Performance",System: Transmission. Source: SAE J2012 / ISO 15031. This code is classified as Warning-level severity within the Powertrain category.,Powertrain,Generic,Warning
P07B7,"Transmission Park Position Sensor/Switch ""A"" Circuit",System: Transmission. Source: SAE J2012 / ISO 15031. This code is classified as Info-level severity within the Powertrain category.,Powertrain,Generic,Info
P07B8,"Transmission Park Position Sensor/Switch ""B"" Circuit/Open",System: Transmission. Source: SAE J2012 / ISO 15031. This code is classified as Critical-level severity within the Powertrain category.,Powertrain,Generic,Critical
P07B9,"Transmission Park Position Sensor/Switch ""B"" Circuit Low",System: Transmission. Source: SAE J2012 / ISO 15031. This code is classified as Warning-level severity within the Powertrain category.,Powertrain,Generic,Warning
P07BA,"Transmission Park Position Sensor/Switch ""B"" Circuit High",System: Transmission. Source: SAE J2012 / ISO 15031. This code is classified as Warning-level severity within the Powertrain category.,Powertrain,Generic,Warning
P07BB,"Transmission Park Position Sensor/Switch ""B"" Circuit",System: Transmission. Source: SAE J2012 / ISO 15031. This code is classified as Info-level severity within the Powertrain category.,Powertrain,Generic,Info
P07BC,"Transmission Park Position Sensor/Switch ""B"" Circuit Performance",System: Transmission. Source: SAE J2012 / ISO 15031. This code is classified as Warning-level severity within the Powertrain category.,Powertrain,Generic,Warning
P07BD,"Transmission Park Position Sensor/Switch ""B"" Circuit",System: Transmission. Source: SAE J2012 / ISO 15031. This code is classified as Info-level severity within the Powertrain category.,Powertrain,Generic,Info
P07BE,"Transmission Park Position Sensor/Switch ""A""/""B"" Correlation",System: Transmission. Source: SAE J2012 / ISO 15031. This code is classified as Warning-level severity within the Powertrain category.,Powertrain,Generic,Warning
P0800,Transfer Case Control System (MIL Request),System: Transmission. Source: SAE J2012 / ISO 15031. This code is classified as Info-level severity within the Powertrain category.,Powertrain,Generic,Info
P0801,Reverse Inhibit Control Circuit,System: Transmission. Source: SAE J2012 / ISO 15031. This code is classified as Info-level severity within the Powertrain category.,Powertrain,Generic,Info
P0802,Transmission Control System MIL Request Circuit/Open,System: Transmission. Source: SAE J2012 / ISO 15031. This code is classified as Critical-level severity within the Powertrain category.,Powertrain,Generic,Critical
P0803,Upshift/Skip Shift Solenoid Control Circuit,System: Transmission. Source: SAE J2012 / ISO 15031. This code is classified as Info-level severity within the Powertrain category.,Powertrain,Generic,Info
P0804,Upshift/Skip Shift Lamp Control Circuit,System: Transmission. Source: SAE J2012 / ISO 15031. This code is classified as Info-level severity within the Powertrain category.,Powertrain,Generic,Info
P0805,Clutch Position Sensor Circuit,System: Transmission. Source: SAE J2012 / ISO 15031. This code is classified as Info-level severity within the Powertrain category.,Powertrain,Generic,Info
P0806,Clutch Position Sensor Circuit Range/Performance,System: Transmission. Source: SAE J2012 / ISO 15031. This code is classified as Warning-level severity within the Powertrain category.,Powertrain,Generic,Warning
P0807,Clutch Position Sensor Circuit Low,System: Transmission. Source: SAE J2012 / ISO 15031. This code is classified as Warning-level severity within the Powertrain category.,Powertrain,Generic,Warning
P0808,Clutch Position Sensor Circuit High,System: Transmission. Source: SAE J2012 / ISO 15031. This code is classified as Warning-level severity within the Powertrain category.,Powertrain,Generic,Warning
P0809,Clutch Position Sensor Circuit Intermittent,System: Transmission. Source: SAE J2012 / ISO 15031. This code is classified as Warning-level severity within the Powertrain category.,Powertrain,Generic,Warning
P080A,Clutch Position not Learned,System: Transmission. Source: SAE J2012 / ISO 15031. This code is classified as Info-level severity within the Powertrain category.,Powertrain,Generic,Info
P080B,Upshift/Skip Shift Solenoid Control Circuit Range/Performance,System: Transmission. Source: SAE J2012 / ISO 15031. This code is classified as Warning-level severity within the Powertrain category.,Powertrain,Generic,Warning
P080C,Upshift/Skip Shift Solenoid Control Circuit Low,System: Transmission. Source: SAE J2012 / ISO 15031. This code is classified as Warning-level severity within the Powertrain category.,Powertrain,Generic,Warning
P080D,Upshift/Skip Shift Solenoid Control Circuit High,System: Transmission. Source: SAE J2012 / ISO 15031. This code is classified as Warning-level severity within the Powertrain category.,Powertrain,Generic,Warning
P0810,Clutch Position Control Error,System: Transmission. Source: SAE J2012 / ISO 15031. This code is classified as Info-level severity within the Powertrain category.,Powertrain,Generic,Info
P0811,"Excessive Clutch ""A"" Slippage",System: Transmission. Source: SAE J2012 / ISO 15031. This code is classified as Critical-level severity within the Powertrain category.,Powertrain,Generic,Critical
P0812,Reverse Input Circuit,System: Transmission. Source: SAE J2012 / ISO 15031. This code is classified as Info-level severity within the Powertrain category.,Powertrain,Generic,Info
P0813,Reverse Output Circuit,System: Transmission. Source: SAE J2012 / ISO 15031. This code is classified as Info-level severity within the Powertrain category.,Powertrain,Generic,Info
P0814,Transmission Range Display Circuit,System: Transmission. Source: SAE J2012 / ISO 15031. This code is classified as Warning-level severity within the Powertrain category.,Powertrain,Generic,Warning
P0815,Upshift Switch Circuit,System: Transmission. Source: SAE J2012 / ISO 15031. This code is classified as Info-level severity within the Powertrain category.,Powertrain,Generic,Info
P0816,Downshift Switch Circuit,System: Transmission. Source: SAE J2012 / ISO 15031. This code is classified as Info-level severity within the Powertrain category.,Powertrain,Generic,Info
P0817,Starter Disable Circuit/Open,System: Transmission. Source: SAE J2012 / ISO 15031. This code is classified as Critical-level severity within the Powertrain category.,Powertrain,Generic,Critical
P0818,Driveline Disconnect Switch Input Circuit,System: Transmission. Source: SAE J2012 / ISO 15031. This code is classified as Info-level severity within the Powertrain category.,Powertrain,Generic,Info
P0819,Up and Down Shift Switch to Transmission Range Correlation,System: Transmission. Source: SAE J2012 / ISO 15031. This code is classified as Warning-level severity within the Powertrain category.,Powertrain,Generic,Warning
P081A,Starter Disable Circuit Low,System: Transmission. Source: SAE J2012 / ISO 15031. This code is classified as Warning-level severity within the Powertrain category.,Powertrain,Generic,Warning
P081B,Starter Disable Circuit High,System: Transmission. Source: SAE J2012 / ISO 15031. This code is classified as Warning-level severity within the Powertrain category.,Powertrain,Generic,Warning
P081C,Park Input Circuit,System: Transmission. Source: SAE J2012 / ISO 15031. This code is classified as Info-level severity within the Powertrain category.,Powertrain,Generic,Info
P081D,Neutral Input Circuit,System: Transmission. Source: SAE J2012 / ISO 15031. This code is classified as Info-level severity within the Powertrain category.,Powertrain,Generic,Info
P081E,"Excessive Clutch ""B"" Slippage",System: Transmission. Source: SAE J2012 / ISO 15031. This code is classified as Critical-level severity within the Powertrain category.,Powertrain,Generic,Critical
P0820,Gear Lever X-Y Position Sensor Circuit,System: Transmission. Source: SAE J2012 / ISO 15031. This code is classified as Info-level severity within the Powertrain category.,Powertrain,Generic,Info
P0821,Gear Lever X Position Circuit,System: Transmission. Source: SAE J2012 / ISO 15031. This code is classified as Info-level severity within the Powertrain category.,Powertrain,Generic,Info
P0822,Gear Lever Y Position Circuit,System: Transmission. Source: SAE J2012 / ISO 15031. This code is classified as Info-level severity within the Powertrain category.,Powertrain,Generic,Info
P0823,Gear Lever X Position Circuit Intermittent,System: Transmission. Source: SAE J2012 / ISO 15031. This code is classified as Warning-level severity within the Powertrain category.,Powertrain,Generic,Warning
P0824,Gear Lever Y Position Circuit Intermittent,System: Transmission. Source: SAE J2012 / ISO 15031. This code is classified as Warning-level severity within the Powertrain category.,Powertrain,Generic,Warning
P0825,Gear Lever Push-Pull Switch (Shift Anticipate),System: Transmission. Source: SAE J2012 / ISO 15031. This code is classified as Info-level severity within the Powertrain category.,Powertrain,Generic,Info
P0826,Up and Down Shift Switch Circuit,System: Transmission. Source: SAE J2012 / ISO 15031. This code is classified as Info-level severity within the Powertrain category.,Powertrain,Generic,Info
P0827,Up and Down Shift Switch Circuit Low,System: Transmission. Source: SAE J2012 / ISO 15031. This code is classified as Warning-level severity within the Powertrain category.,Powertrain,Generic,Warning
P0828,Up and Down Shift Switch Circuit High,System: Transmission. Source: SAE J2012 / ISO 15031. This code is classified as Warning-level severity within the Powertrain category.,Powertrain,Generic,Warning
P0829,5-6 Shift,System: Transmission. Source: SAE J2012 / ISO 15031. This code is classified as Info-level severity within the Powertrain category.,Powertrain,Generic,Info
P082A,Gear Lever X Position Circuit Range/Performance,System: Transmission. Source: SAE J2012 / ISO 15031. This code is classified as Warning-level severity within the Powertrain category.,Powertrain,Generic,Warning
P082B,Gear Lever X Position Circuit Low,System: Transmission. Source: SAE J2012 / ISO 15031. This code is classified as Warning-level severity within the Powertrain category.,Powertrain,Generic,Warning
P082C,Gear Lever X Position Circuit High,System: Transmission. Source: SAE J2012 / ISO 15031. This code is classified as Warning-level severity within the Powertrain category.,Powertrain,Generic,Warning
P082D,Gear Lever Y Position Circuit Range/Performance,System: Transmission. Source: SAE J2012 / ISO 15031. This code is classified as Warning-level severity within the Powertrain category.,Powertrain,Generic,Warning
P082E,Gear Lever Y Position Circuit Low,System: Transmission. Source: SAE J2012 / ISO 15031. This code is classified as Warning-level severity within the Powertrain category.,Powertrain,Generic,Warning
P082F,Gear Lever Y Position Circuit High,System: Transmission. Source: SAE J2012 / ISO 15031. This code is classified as Warning-level severity within the Powertrain category.,Powertrain,Generic,Warning
P0830,"Clutch Pedal Switch ""A"" Circuit",System: Transmission. Source: SAE J2012 / ISO 15031. This code is classified as Info-level severity within the Powertrain category.,Powertrain,Generic,Info
P0831,"Clutch Pedal Switch ""A"" Circuit Low",System: Transmission. Source: SAE J2012 / ISO 15031. This code is classified as Warning-level severity within the Powertrain category.,Powertrain,Generic,Warning
P0832,"Clutch Pedal Switch ""A"" Circuit High",System: Transmission. Source: SAE J2012 / ISO 15031. This code is classified as Warning-level severity within the Powertrain category.,Powertrain,Generic,Warning
P0833,"Clutch Pedal Switch ""B"" Circuit",System: Transmission. Source: SAE J2012 / ISO 15031. This code is classified as Info-level severity within the Powertrain category.,Powertrain,Generic,Info
P0834,"Clutch Pedal Switch ""B"" Circuit Low",System: Transmission. Source: SAE J2012 / ISO 15031. This code is classified as Warning-level severity within the Powertrain category.,Powertrain,Generic,Warning
P0835,"Clutch Pedal Switch ""B"" Circuit High",System: Transmission. Source: SAE J2012 / ISO 15031. This code is classified as Warning-level severity within the Powertrain category.,Powertrain,Generic,Warning
P0836,Four Wheel Drive (4WD) Switch Circuit,System: Transmission. Source: SAE J2012 / ISO 15031. This code is classified as Info-level severity within the Powertrain category.,Powertrain,Generic,Info
P0837,Four Wheel Drive (4WD) Switch Circuit Range/Performance,System: Transmission. Source: SAE J2012 / ISO 15031. This code is classified as Warning-level severity within the Powertrain category.,Powertrain,Generic,Warning
P0838,Four Wheel Drive (4WD) Switch Circuit Low,System: Transmission. Source: SAE J2012 / ISO 15031. This code is classified as Warning-level severity within the Powertrain category.,Powertrain,Generic,Warning
P0839,Four Wheel Drive (4WD) Switch Circuit High,System: Transmission. Source: SAE J2012 / ISO 15031. This code is classified as Warning-level severity within the Powertrain category.,Powertrain,Generic,Warning
P083A,"Transmission Fluid Pressure Sensor/Switch ""G"" Circuit",System: Transmission. Source: SAE J2012 / ISO 15031. This code is classified as Info-level severity within the Powertrain category.,Powertrain,Generic,Info
P083B,"Transmission Fluid Pressure Sensor/Switch ""G"" Circuit",System: Transmission. Source: SAE J2012 / ISO 15031. This code is classified as Info-level severity within the Powertrain category.,Powertrain,Generic,Info
P083C,"Transmission Fluid Pressure Sensor/Switch ""G"" Circuit Low",System: Transmission. Source: SAE J2012 / ISO 15031. This code is classified as Warning-level severity within the Powertrain category.,Powertrain,Generic,Warning
P083D,"Transmission Fluid Pressure Sensor/Switch ""G"" Circuit High",System: Transmission. Source: SAE J2012 / ISO 15031. This code is classified as Warning-level severity within the Powertrain category.,Powertrain,Generic,Warning
P083E,"Transmission Fluid Pressure Sensor/Switch ""G"" Circuit Intermittent",System: Transmission. Source: SAE J2012 / ISO 15031. This code is classified as Warning-level severity within the Powertrain category.,Powertrain,Generic,Warning
P083F,"Clutch Pedal Switch ""A""/""B"" Correlation",System: Transmission. Source: SAE J2012 / ISO 15031. This code is classified as Warning-level severity within the Powertrain category.,Powertrain,Generic,Warning
P0840,"Transmission Fluid Pressure Sensor/Switch ""A"" Circuit",System: Transmission. Source: SAE J2012 / ISO 15031. This code is classified as Info-level severity within the Powertrain category.,Powertrain,Generic,Info
P0841,"Transmission Fluid Pressure Sensor/Switch ""A"" Circuit",System: Transmission. Source: SAE J2012 / ISO 15031. This code is classified as Info-level severity within the Powertrain category.,Powertrain,Generic,Info
P0842,"Transmission Fluid Pressure Sensor/Switch ""A"" Circuit Low",System: Transmission. Source: SAE J2012 / ISO 15031. This code is classified as Warning-level severity within the Powertrain category.,Powertrain,Generic,Warning
P0843,"Transmission Fluid Pressure Sensor/Switch ""A"" Circuit High",System: Transmission. Source: SAE J2012 / ISO 15031. This code is classified as Warning-level severity within the Powertrain category.,Powertrain,Generic,Warning
P0844,"Transmission Fluid Pressure Sensor/Switch ""A"" Circuit Intermittent",System: Transmission. Source: SAE J2012 / ISO 15031. This code is classified as Warning-level severity within the Powertrain category.,Powertrain,Generic,Warning
P0845,"Transmission Fluid Pressure Sensor/Switch ""B"" Circuit",System: Transmission. Source: SAE J2012 / ISO 15031. This code is classified as Info-level severity within the Powertrain category.,Powertrain,Generic,Info
P0846,"Transmission Fluid Pressure Sensor/Switch ""B"" Circuit",System: Transmission. Source: SAE J2012 / ISO 15031. This code is classified as Info-level severity within the Powertrain category.,Powertrain,Generic,Info
P0847,"Transmission Fluid Pressure Sensor/Switch ""B"" Circuit Low",System: Transmission. Source: SAE J2012 / ISO 15031. This code is classified as Warning-level severity within the Powertrain category.,Powertrain,Generic,Warning
P0848,"Transmission Fluid Pressure Sensor/Switch ""B"" Circuit High",System: Transmission. Source: SAE J2012 / ISO 15031. This code is classified as Warning-level severity within the Powertrain category.,Powertrain,Generic,Warning
P0849,"Transmission Fluid Pressure Sensor/Switch ""B"" Circuit Intermittent",System: Transmission. Source: SAE J2012 / ISO 15031. This code is classified as Warning-level severity within the Powertrain category.,Powertrain,Generic,Warning
P084A,"Transmission Fluid Pressure Sensor/Switch ""H"" Circuit",System: Transmission. Source: SAE J2012 / ISO 15031. This code is classified as Info-level severity within the Powertrain category.,Powertrain,Generic,Info
P084B,"Transmission Fluid Pressure Sensor/Switch ""H"" Circuit",System: Transmission. Source: SAE J2012 / ISO 15031. This code is classified as Info-level severity within the Powertrain category.,Powertrain,Generic,Info
P084C,"Transmission Fluid Pressure Sensor/Switch ""H"" Circuit Low",System: Transmission. Source: SAE J2012 / ISO 15031. This code is classified as Warning-level severity within the Powertrain category.,Powertrain,Generic,Warning
P084D,"Transmission Fluid Pressure Sensor/Switch ""H"" Circuit High",System: Transmission. Source: SAE J2012 / ISO 15031. This code is classified as Warning-level severity within the Powertrain category.,Powertrain,Generic,Warning
P084E,"Transmission Fluid Pressure Sensor/Switch ""H"" Circuit Intermittent",System: Transmission. Source: SAE J2012 / ISO 15031. This code is classified as Warning-level severity within the Powertrain category.,Powertrain,Generic,Warning
P084F,Park/Neutral Switch Output Circuit,System: Transmission. Source: SAE J2012 / ISO 15031. This code is classified as Info-level severity within the Powertrain category.,Powertrain,Generic,Info
P0850,Park/Neutral Switch Input Circuit,System: Transmission. Source: SAE J2012 / ISO 15031. This code is classified as Info-level severity within the Powertrain category.,Powertrain,Generic,Info
P0851,Park/Neutral Switch Input Circuit Low,System: Transmission. Source: SAE J2012 / ISO 15031. This code is classified as Warning-level severity within the Powertrain category.,Powertrain,Generic,Warning
P0852,Park/Neutral Switch Input Circuit High,System: Transmission. Source: SAE J2012 / ISO 15031. This code is classified as Warning-level severity within the Powertrain category.,Powertrain,Generic,Warning
P0853,Drive Switch Input Circuit,System: Transmission. Source: SAE J2012 / ISO 15031. This code is classified as Info-level severity within the Powertrain category.,Powertrain,Generic,Info
P0854,Drive Switch Input Circuit Low,System: Transmission. Source: SAE J2012 / ISO 15031. This code is classified as Warning-level severity within the Powertrain category.,Powertrain,Generic,Warning
P0855,Drive Switch Input Circuit High,System: Transmission. Source: SAE J2012 / ISO 15031. This code is classified as Warning-level severity within the Powertrain category.,Powertrain,Generic,Warning
P0856,Traction Control Input Signal,System: Transmission. Source: SAE J2012 / ISO 15031. This code is classified as Info-level severity within the Powertrain category.,Powertrain,Generic,Info
P0857,Traction Control Input Signal Range/Performance,System: Transmission. Source: SAE J2012 / ISO 15031. This code is classified as Warning-level severity within the Powertrain category.,Powertrain,Generic,Warning
P0858,Traction Control Input Signal Low,System: Transmission. Source: SAE J2012 / ISO 15031. This code is classified as Warning-level severity within the Powertrain category.,Powertrain,Generic,Warning
P0859,Traction Control Input Signal High,System: Transmission. Source: SAE J2012 / ISO 15031. This code is classified as Warning-level severity within the Powertrain category.,Powertrain,Generic,Warning
P085A,"Gear Shift Control Module ""B"" Communication Circuit",System: Transmission. Source: SAE J2012 / ISO 15031. This code is classified as Info-level severity within the Powertrain category.,Powertrain,Generic,Info
P085B,"Gear Shift Control Module ""B"" Communication Circuit Low",System: Transmission. Source: SAE J2012 / ISO 15031. This code is classified as Warning-level severity within the Powertrain category.,Powertrain,Generic,Warning
P085C,"Gear Shift Control Module ""B"" Communication Circuit High",System: Transmission. Source: SAE J2012 / ISO 15031. This code is classified as Warning-level severity within the Powertrain category.,Powertrain,Generic,Warning
P085D,"Gear Shift Control Module ""A"" Performance",System: Transmission. Source: SAE J2012 / ISO 15031. This code is classified as Warning-level severity within the Powertrain category.,Powertrain,Generic,Warning
P085E,"Gear Shift Control Module ""B"" Performance",System: Transmission. Source: SAE J2012 / ISO 15031. This code is classified as Warning-level severity within the Powertrain category.,Powertrain,Generic,Warning
P0860,"Gear Shift Control Module ""A"" Communication Circuit",System: Transmission. Source: SAE J2012 / ISO 15031. This code is classified as Info-level severity within the Powertrain category.,Powertrain,Generic,Info
P0861,"Gear Shift Control Module ""A"" Communication Circuit Low",System: Transmission. Source: SAE J2012 / ISO 15031. This code is classified as Warning-level severity within the Powertrain category.,Powertrain,Generic,Warning
P0862,"Gear Shift Control Module ""A"" Communication Circuit High",System: Transmission. Source: SAE J2012 / ISO 15031. This code is classified as Warning-level severity within the Powertrain category.,Powertrain,Generic,Warning
P0863,TCM Communication Circuit,System: Transmission. Source: SAE J2012 / ISO 15031. This code is classified as Info-level severity within the Powertrain category.,Powertrain,Generic,Info
P0864,TCM Communication Circuit Range/Performance,System: Transmission. Source: SAE J2012 / ISO 15031. This code is classified as Warning-level severity within the Powertrain category.,Powertrain,Generic,Warning
P0865,TCM Communication Circuit Low,System: Transmission. Source: SAE J2012 / ISO 15031. This code is classified as Warning-level severity within the Powertrain category.,Powertrain,Generic,Warning
P0866,TCM Communication Circuit High,System: Transmission. Source: SAE J2012 / ISO 15031. This code is classified as Warning-level severity within the Powertrain category.,Powertrain,Generic,Warning
P0867,Transmission Fluid Pressure,System: Transmission. Source: SAE J2012 / ISO 15031. This code is classified as Info-level severity within the Powertrain category.,Powertrain,Generic,Info
P0868,Transmission Fluid Pressure Low,System: Transmission. Source: SAE J2012 / ISO 15031. This code is classified as Warning-level severity within the Powertrain category.,Powertrain,Generic,Warning
P0869,Transmission Fluid Pressure High,System: Transmission. Source: SAE J2012 / ISO 15031. This code is classified as Warning-level severity within the Powertrain category.,Powertrain,Generic,Warning
P0870,"Transmission Fluid Pressure Sensor/Switch ""C"" Circuit",System: Transmission. Source: SAE J2012 / ISO 15031. This code is classified as Info-level severity within the Powertrain category.,Powertrain,Generic,Info
P0871,"Transmission Fluid Pressure Sensor/Switch ""C"" Circuit",System: Transmission. Source: SAE J2012 / ISO 15031. This code is classified as Info-level severity within the Powertrain category.,Powertrain,Generic,Info
P0872,"Transmission Fluid Pressure Sensor/Switch ""C"" Circuit Low",System: Transmission. Source: SAE J2012 / ISO 15031. This code is classified as Warning-level severity within the Powertrain category.,Powertrain,Generic,Warning
P0873,"Transmission Fluid Pressure Sensor/Switch ""C"" Circuit High",System: Transmission. Source: SAE J2012 / ISO 15031. This code is classified as Warning-level severity within the Powertrain category.,Powertrain,Generic,Warning
P0874,"Transmission Fluid Pressure Sensor/Switch ""C"" Circuit Intermittent",System: Transmission. Source: SAE J2012 / ISO 15031. This code is classified as Warning-level severity within the Powertrain category.,Powertrain,Generic,Warning
P0875,"Transmission Fluid Pressure Sensor/Switch ""D"" Circuit",System: Transmission. Source: SAE J2012 / ISO 15031. This code is classified as Info-level severity within the Powertrain category.,Powertrain,Generic,Info
P0876,"Transmission Fluid Pressure Sensor/Switch ""D"" Circuit",System: Transmission. Source: SAE J2012 / ISO 15031. This code is classified as Info-level severity within the Powertrain category.,Powertrain,Generic,Info
P0877,"Transmission Fluid Pressure Sensor/Switch ""D"" Circuit Low",System: Transmission. Source: SAE J2012 / ISO 15031. This code is classified as Warning-level severity within the Powertrain category.,Powertrain,Generic,Warning
P0878,"Transmission Fluid Pressure Sensor/Switch ""D"" Circuit High",System: Transmission. Source: SAE J2012 / ISO 15031. This code is classified as Warning-level severity within the Powertrain category.,Powertrain,Generic,Warning
P0879,"Transmission Fluid Pressure Sensor/Switch ""D"" Circuit Intermittent",System: Transmission. Source: SAE J2012 / ISO 15031. This code is classified as Warning-level severity within the Powertrain category.,Powertrain,Generic,Warning
P0880,TCM Power Input Signal,System: Transmission. Source: SAE J2012 / ISO 15031. This code is classified as Info-level severity within the Powertrain category.,Powertrain,Generic,Info
P0881,TCM Power Input Signal Range/Performance,System: Transmission. Source: SAE J2012 / ISO 15031. This code is classified as Warning-level severity within the Powertrain category.,Powertrain,Generic,Warning
P0882,TCM Power Input Signal Low,System: Transmission. Source: SAE J2012 / ISO 15031. This code is classified as Warning-level severity within the Powertrain category.,Powertrain,Generic,Warning
P0883,TCM Power Input Signal High,System: Transmission. Source: SAE J2012 / ISO 15031. This code is classified as Warning-level severity within the Powertrain category.,Powertrain,Generic,Warning
P0884,TCM Power Input Signal Intermittent,System: Transmission. Source: SAE J2012 / ISO 15031. This code is classified as Warning-level severity within the Powertrain category.,Powertrain,Generic,Warning
P0885,TCM Power Relay Control Circuit/Open,System: Transmission. Source: SAE J2012 / ISO 15031. This code is classified as Critical-level severity within the Powertrain category.,Powertrain,Generic,Critical
P0886,TCM Power Relay Control Circuit Low,System: Transmission. Source: SAE J2012 / ISO 15031. This code is classified as Warning-level severity within the Powertrain category.,Powertrain,Generic,Warning
P0887,TCM Power Relay Control Circuit High,System: Transmission. Source: SAE J2012 / ISO 15031. This code is classified as Warning-level severity within the Powertrain category.,Powertrain,Generic,Warning
P0888,TCM Power Relay Sense Circuit,System: Transmission. Source: SAE J2012 / ISO 15031. This code is classified as Info-level severity within the Powertrain category.,Powertrain,Generic,Info
P0889,TCM Power Relay Sense Circuit Range/Performance,System: Transmission. Source: SAE J2012 / ISO 15031. This code is classified as Warning-level severity within the Powertrain category.,Powertrain,Generic,Warning
P088A,Transmission Fluid Filter Deteriorated,System: Transmission. Source: SAE J2012 / ISO 15031. This code is classified as Info-level severity within the Powertrain category.,Powertrain,Generic,Info
P088B,Transmission Fluid Filter Very Deteriorated,System: Transmission. Source: SAE J2012 / ISO 15031. This code is classified as Info-level severity within the Powertrain category.,Powertrain,Generic,Info
P0890,TCM Power Relay Sense Circuit Low,System: Transmission. Source: SAE J2012 / ISO 15031. This code is classified as Warning-level severity within the Powertrain category.,Powertrain,Generic,Warning
P0891,TCM Power Relay Sense Circuit High,System: Transmission. Source: SAE J2012 / ISO 15031. This code is classified as Warning-level severity within the Powertrain category.,Powertrain,Generic,Warning
P0892,TCM Power Relay Sense Circuit Intermittent,System: Transmission. Source: SAE J2012 / ISO 15031. This code is classified as Warning-level severity within the Powertrain category.,Powertrain,Generic,Warning
P0893,Multiple Gears Engaged,System: Transmission. Source: SAE J2012 / ISO 15031. This code is classified as Info-level severity within the Powertrain category.,Powertrain,Generic,Info
P0894,Transmission Component Slipping,System: Transmission. Source: SAE J2012 / ISO 15031. This code is classified as Info-level severity within the Powertrain category.,Powertrain,Generic,Info
P0895,Shift Time Too Short,System: Transmission. Source: SAE J2012 / ISO 15031. This code is classified as Critical-level severity within the Powertrain category.,Powertrain,Generic,Critical
P0896,Shift Time Too Long,System: Transmission. Source: SAE J2012 / ISO 15031. This code is classified as Info-level severity within the Powertrain category.,Powertrain,Generic,Info
P0897,Transmission Fluid Deteriorated,System: Transmission. Source: SAE J2012 / ISO 15031. This code is classified as Info-level severity within the Powertrain category.,Powertrain,Generic,Info
P0898,Transmission Control System MIL Request Circuit Low,System: Transmission. Source: SAE J2012 / ISO 15031. This code is classified as Warning-level severity within the Powertrain category.,Powertrain,Generic,Warning
P0899,Transmission Control System MIL Request Circuit High,System: Transmission. Source: SAE J2012 / ISO 15031. This code is classified as Warning-level severity within the Powertrain category.,Powertrain,Generic,Warning
P0900,Clutch Actuator Circuit/Open,System: Transmission. Source: SAE J2012 / ISO 15031. This code is classified as Critical-level severity within the Powertrain category.,Powertrain,Generic,Critical
P0901,Clutch Actuator Circuit Range/Performance,System: Transmission. Source: SAE J2012 / ISO 15031. This code is classified as Warning-level severity within the Powertrain category.,Powertrain,Generic,Warning
P0902,Clutch Actuator Circuit Low,System: Transmission. Source: SAE J2012 / ISO 15031. This code is classified as Warning-level severity within the Powertrain category.,Powertrain,Generic,Warning
P0903,Clutch Actuator Circuit High,System: Transmission. Source: SAE J2012 / ISO 15031. This code is classified as Warning-level severity within the Powertrain category.,Powertrain,Generic,Warning
P0904,Gate Select Position Circuit,System: Transmission. Source: SAE J2012 / ISO 15031. This code is classified as Info-level severity within the Powertrain category.,Powertrain,Generic,Info
P0905,Gate Select Position Circuit Range/Performance,System: Transmission. Source: SAE J2012 / ISO 15031. This code is classified as Warning-level severity within the Powertrain category.,Powertrain,Generic,Warning
P0906,Gate Select Position Circuit Low,System: Transmission. Source: SAE J2012 / ISO 15031. This code is classified as Warning-level severity within the Powertrain category.,Powertrain,Generic,Warning
P0907,Gate Select Position Circuit High,System: Transmission. Source: SAE J2012 / ISO 15031. This code is classified as Warning-level severity within the Powertrain category.,Powertrain,Generic,Warning
P0908,Gate Select Position Circuit Intermittent,System: Transmission. Source: SAE J2012 / ISO 15031. This code is classified as Warning-level severity within the Powertrain category.,Powertrain,Generic,Warning
P0909,Gate Select Control Error,System: Transmission. Source: SAE J2012 / ISO 15031. This code is classified as Info-level severity within the Powertrain category.,Powertrain,Generic,Info
P0910,Gate Select Actuator Circuit/Open,System: Transmission. Source: SAE J2012 / ISO 15031. This code is classified as Critical-level severity within the Powertrain category.,Powertrain,Generic,Critical
P0911,Gate Select Actuator Circuit Range/Performance,System: Transmission. Source: SAE J2012 / ISO 15031. This code is classified as Warning-level severity within the Powertrain category.,Powertrain,Generic,Warning
P0912,Gate Select Actuator Circuit Low,System: Transmission. Source: SAE J2012 / ISO 15031. This code is classified as Warning-level severity within the Powertrain category.,Powertrain,Generic,Warning
P0913,Gate Select Actuator Circuit High,System: Transmission. Source: SAE J2012 / ISO 15031. This code is classified as Warning-level severity within the Powertrain category.,Powertrain,Generic,Warning
P0914,Gear Shift Position Circuit,System: Transmission. Source: SAE J2012 / ISO 15031. This code is classified as Info-level severity within the Powertrain category.,Powertrain,Generic,Info
P0915,Gear Shift Position Circuit Range/Performance,System: Transmission. Source: SAE J2012 / ISO 15031. This code is classified as Warning-level severity within the Powertrain category.,Powertrain,Generic,Warning
P0916,Gear Shift Position Circuit Low,System: Transmission. Source: SAE J2012 / ISO 15031. This code is classified as Warning-level severity within the Powertrain category.,Powertrain,Generic,Warning
P0917,Gear Shift Position Circuit High,System: Transmission. Source: SAE J2012 / ISO 15031. This code is classified as Warning-level severity within the Powertrain category.,Powertrain,Generic,Warning
P0918,Gear Shift Position Circuit Intermittent,System: Transmission. Source: SAE J2012 / ISO 15031. This code is classified as Warning-level severity within the Powertrain category.,Powertrain,Generic,Warning
P0919,Gear Shift Position Control Error,System: Transmission. Source: SAE J2012 / ISO 15031. This code is classified as Info-level severity within the Powertrain category.,Powertrain,Generic,Info
P0920,Gear Shift Forward Actuator Circuit/Open,System: Transmission. Source: SAE J2012 / ISO 15031. This code is classified as Critical-level severity within the Powertrain category.,Powertrain,Generic,Critical
P0921,Gear Shift Forward Actuator Circuit Range/Performance,System: Transmission. Source: SAE J2012 / ISO 15031. This code is classified as Warning-level severity within the Powertrain category.,Powertrain,Generic,Warning
P0922,Gear Shift Forward Actuator Circuit Low,System: Transmission. Source: SAE J2012 / ISO 15031. This code is classified as Warning-level severity within the Powertrain category.,Powertrain,Generic,Warning
P0923,Gear Shift Forward Actuator Circuit High,System: Transmission. Source: SAE J2012 / ISO 15031. This code is classified as Warning-level severity within the Powertrain category.,Powertrain,Generic,Warning
P0924,Gear Shift Reverse Actuator Circuit/Open,System: Transmission. Source: SAE J2012 / ISO 15031. This code is classified as Critical-level severity within the Powertrain category.,Powertrain,Generic,Critical
P0925,Gear Shift Reverse Actuator Circuit Range/Performance,System: Transmission. Source: SAE J2012 / ISO 15031. This code is classified as Warning-level severity within the Powertrain category.,Powertrain,Generic,Warning
P0926,Gear Shift Reverse Actuator Circuit Low,System: Transmission. Source: SAE J2012 / ISO 15031. This code is classified as Warning-level severity within the Powertrain category.,Powertrain,Generic,Warning
P0927,Gear Shift Reverse Actuator Circuit High,System: Transmission. Source: SAE J2012 / ISO 15031. This code is classified as Warning-level severity within the Powertrain category.,Powertrain,Generic,Warning
P0928,"Gear Shift Lock Solenoid/Actuator Control Circuit ""A""/Open",System: Transmission. Source: SAE J2012 / ISO 15031. This code is classified as Critical-level severity within the Powertrain category.,Powertrain,Generic,Critical
P0929,"Gear Shift Lock Solenoid/Actuator Control Circuit ""A""",System: Transmission. Source: SAE J2012 / ISO 15031. This code is classified as Info-level severity within the Powertrain category.,Powertrain,Generic,Info
P092A,"Gear Shift Lock Solenoid/Actuator Control Circuit ""B""/Open",System: Transmission. Source: SAE J2012 / ISO 15031. This code is classified as Critical-level severity within the Powertrain category.,Powertrain,Generic,Critical
P092B,"Gear Shift Lock Solenoid/Actuator Control Circuit ""B""",System: Transmission. Source: SAE J2012 / ISO 15031. This code is classified as Info-level severity within the Powertrain category.,Powertrain,Generic,Info
P092C,"Gear Shift Lock Solenoid/Actuator Control Circuit ""B"" Low",System: Transmission. Source: SAE J2012 / ISO 15031. This code is classified as Warning-level severity within the Powertrain category.,Powertrain,Generic,Warning
P092D,"Gear Shift Lock Solenoid/Actuator Control Circuit ""B"" High",System: Transmission. Source: SAE J2012 / ISO 15031. This code is classified as Warning-level severity within the Powertrain category.,Powertrain,Generic,Warning
P0930,"Gear Shift Lock Solenoid/Actuator Control Circuit ""A"" Low",System: Transmission. Source: SAE J2012 / ISO 15031. This code is classified as Warning-level severity within the Powertrain category.,Powertrain,Generic,Warning
P0931,"Gear Shift Lock Solenoid/Actuator Control Circuit ""A"" High",System: Transmission. Source: SAE J2012 / ISO 15031. This code is classified as Warning-level severity within the Powertrain category.,Powertrain,Generic,Warning
P0932,Hydraulic Pressure Sensor Circuit,System: Transmission. Source: SAE J2012 / ISO 15031. This code is classified as Info-level severity within the Powertrain category.,Powertrain,Generic,Info
P0933,Hydraulic Pressure Sensor Range/Performance,System: Transmission. Source: SAE J2012 / ISO 15031. This code is classified as Warning-level severity within the Powertrain category.,Powertrain,Generic,Warning
P0934,Hydraulic Pressure Sensor Circuit Low,System: Transmission. Source: SAE J2012 / ISO 15031. This code is classified as Warning-level severity within the Powertrain category.,Powertrain,Generic,Warning
P0935,Hydraulic Pressure Sensor Circuit High,System: Transmission. Source: SAE J2012 / ISO 15031. This code is classified as Warning-level severity within the Powertrain category.,Powertrain,Generic,Warning
P0936,Hydraulic Pressure Sensor Circuit Intermittent,System: Transmission. Source: SAE J2012 / ISO 15031. This code is classified as Warning-level severity within the Powertrain category.,Powertrain,Generic,Warning
P0937,Hydraulic Oil Temperature Sensor Circuit,System: Transmission. Source: SAE J2012 / ISO 15031. This code is classified as Info-level severity within the Powertrain category.,Powertrain,Generic,Info
P0938,Hydraulic Oil Temperature Sensor Range/Performance,System: Transmission. Source: SAE J2012 / ISO 15031. This code is classified as Warning-level severity within the Powertrain category.,Powertrain,Generic,Warning
P0939,Hydraulic Oil Temperature Sensor Circuit Low,System: Transmission. Source: SAE J2012 / ISO 15031. This code is classified as Warning-level severity within the Powertrain category.,Powertrain,Generic,Warning
P0940,Hydraulic Oil Temperature Sensor Circuit High,System: Transmission. Source: SAE J2012 / ISO 15031. This code is classified as Warning-level severity within the Powertrain category.,Powertrain,Generic,Warning
P0941,Hydraulic Oil Temperature Sensor Circuit Intermittent,System: Transmission. Source: SAE J2012 / ISO 15031. This code is classified as Warning-level severity within the Powertrain category.,Powertrain,Generic,Warning
P0942,Hydraulic Pressure Unit,System: Transmission. Source: SAE J2012 / ISO 15031. This code is classified as Info-level severity within the Powertrain category.,Powertrain,Generic,Info
P0943,Hydraulic Pressure Unit Cycling Period Too Short,System: Transmission. Source: SAE J2012 / ISO 15031. This code is classified as Critical-level severity within the Powertrain category.,Powertrain,Generic,Critical
P0944,Hydraulic Pressure Unit Loss of Pressure,System: Transmission. Source: SAE J2012 / ISO 15031. This code is classified as Critical-level severity within the Powertrain category.,Powertrain,Generic,Critical
P0945,Hydraulic Pump Relay Circuit/Open,System: Transmission. Source: SAE J2012 / ISO 15031. This code is classified as Critical-level severity within the Powertrain category.,Powertrain,Generic,Critical
P0946,Hydraulic Pump Relay Circuit Range/Performance,System: Transmission. Source: SAE J2012 / ISO 15031. This code is classified as Warning-level severity within the Powertrain category.,Powertrain,Generic,Warning
P0947,Hydraulic Pump Relay Circuit Low,System: Transmission. Source: SAE J2012 / ISO 15031. This code is classified as Warning-level severity within the Powertrain category.,Powertrain,Generic,Warning
P0948,Hydraulic Pump Relay Circuit High,System: Transmission. Source: SAE J2012 / ISO 15031. This code is classified as Warning-level severity within the Powertrain category.,Powertrain,Generic,Warning
P0949,Auto Shift Manual Adaptive Learning not Complete,System: Transmission. Source: SAE J2012 / ISO 15031. This code is classified as Info-level severity within the Powertrain category.,Powertrain,Generic,Info
P0950,Auto Shift Manual Control Circuit,System: Transmission. Source: SAE J2012 / ISO 15031. This code is classified as Info-level severity within the Powertrain category.,Powertrain,Generic,Info
P0951,Auto Shift Manual Control Circuit Range/Performance,System: Transmission. Source: SAE J2012 / ISO 15031. This code is classified as Warning-level severity within the Powertrain category.,Powertrain,Generic,Warning
P0952,Auto Shift Manual Control Circuit Low,System: Transmission. Source: SAE J2012 / ISO 15031. This code is classified as Warning-level severity within the Powertrain category.,Powertrain,Generic,Warning
P0953,Auto Shift Manual Control Circuit High,System: Transmission. Source: SAE J2012 / ISO 15031. This code is classified as Warning-level severity within the Powertrain category.,Powertrain,Generic,Warning
P0954,Auto Shift Manual Control Circuit Intermittent,System: Transmission. Source: SAE J2012 / ISO 15031. This code is classified as Warning-level severity within the Powertrain category.,Powertrain,Generic,Warning
P0955,Auto Shift Manual Mode Circuit,System: Transmission. Source: SAE J2012 / ISO 15031. This code is classified as Info-level severity within the Powertrain category.,Powertrain,Generic,Info
P0956,Auto Shift Manual Mode Circuit Range/Performance,System: Transmission. Source: SAE J2012 / ISO 15031. This code is classified as Warning-level severity within the Powertrain category.,Powertrain,Generic,Warning
P0957,Auto Shift Manual Mode Circuit Low,System: Transmission. Source: SAE J2012 / ISO 15031. This code is classified as Warning-level severity within the Powertrain category.,Powertrain,Generic,Warning
P0958,Auto Shift Manual Mode Circuit High,System: Transmission. Source: SAE J2012 / ISO 15031. This code is classified as Warning-level severity within the Powertrain category.,Powertrain,Generic,Warning
P0959,Auto Shift Manual Mode Circuit Intermittent,System: Transmission. Source: SAE J2012 / ISO 15031. This code is classified as Warning-level severity within the Powertrain category.,Powertrain,Generic,Warning
P0960,"Pressure Control Solenoid ""A"" Control Circuit/Open",System: Transmission. Source: SAE J2012 / ISO 15031. This code is classified as Critical-level severity within the Powertrain category.,Powertrain,Generic,Critical
P0961,"Pressure Control Solenoid ""A"" Control Circuit Range/Performance",System: Transmission. Source: SAE J2012 / ISO 15031. This code is classified as Warning-level severity within the Powertrain category.,Powertrain,Generic,Warning
P0962,"Pressure Control Solenoid ""A"" Control Circuit Low",System: Transmission. Source: SAE J2012 / ISO 15031. This code is classified as Warning-level severity within the Powertrain category.,Powertrain,Generic,Warning
P0963,"Pressure Control Solenoid ""A"" Control Circuit High",System: Transmission. Source: SAE J2012 / ISO 15031. This code is classified as Warning-level severity within the Powertrain category.,Powertrain,Generic,Warning
P0964,"Pressure Control Solenoid ""B"" Control Circuit/Open",System: Transmission. Source: SAE J2012 / ISO 15031. This code is classified as Critical-level severity within the Powertrain category.,Powertrain,Generic,Critical
P0965,"Pressure Control Solenoid ""B"" Control Circuit Range/Performance",System: Transmission. Source: SAE J2012 / ISO 15031. This code is classified as Warning-level severity within the Powertrain category.,Powertrain,Generic,Warning
P0966,"Pressure Control Solenoid ""B"" Control Circuit Low",System: Transmission. Source: SAE J2012 / ISO 15031. This code is classified as Warning-level severity within the Powertrain category.,Powertrain,Generic,Warning
P0967,"Pressure Control Solenoid ""B"" Control Circuit High",System: Transmission. Source: SAE J2012 / ISO 15031. This code is classified as Warning-level severity within the Powertrain category.,Powertrain,Generic,Warning
P0968,"Pressure Control Solenoid ""C"" Control Circuit/Open",System: Transmission. Source: SAE J2012 / ISO 15031. This code is classified as Critical-level severity within the Powertrain category.,Powertrain,Generic,Critical
P0969,"Pressure Control Solenoid ""C"" Control Circuit Range/Performance",System: Transmission. Source: SAE J2012 / ISO 15031. This code is classified as Warning-level severity within the Powertrain category.,Powertrain,Generic,Warning
P0970,"Pressure Control Solenoid ""C"" Control Circuit Low",System: Transmission. Source: SAE J2012 / ISO 15031. This code is classified as Warning-level severity within the Powertrain category.,Powertrain,Generic,Warning
P0971,"Pressure Control Solenoid ""C"" Control Circuit High",System: Transmission. Source: SAE J2012 / ISO 15031. This code is classified as Warning-level severity within the Powertrain category.,Powertrain,Generic,Warning
P0972,"Shift Solenoid ""A"" Control Circuit Range/Performance",System: Transmission. Source: SAE J2012 / ISO 15031. This code is classified as Warning-level severity within the Powertrain category.,Powertrain,Generic,Warning
P0973,"Shift Solenoid ""A"" Control Circuit Low",System: Transmission. Source: SAE J2012 / ISO 15031. This code is classified as Warning-level severity within the Powertrain category.,Powertrain,Generic,Warning
P0974,"Shift Solenoid ""A"" Control Circuit High",System: Transmission. Source: SAE J2012 / ISO 15031. This code is classified as Warning-level severity within the Powertrain category.,Powertrain,Generic,Warning
P0975,"Shift Solenoid ""B"" Control Circuit Range/Performance",System: Transmission. Source: SAE J2012 / ISO 15031. This code is classified as Warning-level severity within the Powertrain category.,Powertrain,Generic,Warning
P0976,"Shift Solenoid ""B"" Control Circuit Low",System: Transmission. Source: SAE J2012 / ISO 15031. This code is classified as Warning-level severity within the Powertrain category.,Powertrain,Generic,Warning
P0977,"Shift Solenoid ""B"" Control Circuit High",System: Transmission. Source: SAE J2012 / ISO 15031. This code is classified as Warning-level severity within the Powertrain category.,Powertrain,Generic,Warning
P0978,"Shift Solenoid ""C"" Control Circuit Range/Performance",System: Transmission. Source: SAE J2012 / ISO 15031. This code is classified as Warning-level severity within the Powertrain category.,Powertrain,Generic,Warning
P0979,"Shift Solenoid ""C"" Control Circuit Low",System: Transmission. Source: SAE J2012 / ISO 15031. This code is classified as Warning-level severity within the Powertrain category.,Powertrain,Generic,Warning
P0980,"Shift Solenoid ""C"" Control Circuit High",System: Transmission. Source: SAE J2012 / ISO 15031. This code is classified as Warning-level severity within the Powertrain category.,Powertrain,Generic,Warning
P0981,"Shift Solenoid ""D"" Control Circuit Range/Performance",System: Transmission. Source: SAE J2012 / ISO 15031. This code is classified as Warning-level severity within the Powertrain category.,Powertrain,Generic,Warning
P0982,"Shift Solenoid ""D"" Control Circuit Low",System: Transmission. Source: SAE J2012 / ISO 15031. This code is classified as Warning-level severity within the Powertrain category.,Powertrain,Generic,Warning
P0983,"Shift Solenoid ""D"" Control Circuit High",System: Transmission. Source: SAE J2012 / ISO 15031. This code is classified as Warning-level severity within the Powertrain category.,Powertrain,Generic,Warning
P0984,"Shift Solenoid ""E"" Control Circuit Range/Performance",System: Transmission. Source: SAE J2012 / ISO 15031. This code is classified as Warning-level severity within the Powertrain category.,Powertrain,Generic,Warning
P0985,"Shift Solenoid ""E"" Control Circuit Low",System: Transmission. Source: SAE J2012 / ISO 15031. This code is classified as Warning-level severity within the Powertrain category.,Powertrain,Generic,Warning
P0986,"Shift Solenoid ""E"" Control Circuit High",System: Transmission. Source: SAE J2012 / ISO 15031. This code is classified as Warning-level severity within the Powertrain category.,Powertrain,Generic,Warning
P0987,"Transmission Fluid Pressure Sensor/Switch ""E"" Circuit",System: Transmission. Source: SAE J2012 / ISO 15031. This code is classified as Info-level severity within the Powertrain category.,Powertrain,Generic,Info
P0988,"Transmission Fluid Pressure Sensor/Switch ""E"" Circuit",System: Transmission. Source: SAE J2012 / ISO 15031. This code is classified as Info-level severity within the Powertrain category.,Powertrain,Generic,Info
P0989,"Transmission Fluid Pressure Sensor/Switch ""E"" Circuit Low",System: Transmission. Source: SAE J2012 / ISO 15031. This code is classified as Warning-level severity within the Powertrain category.,Powertrain,Generic,Warning
P0990,"Transmission Fluid Pressure Sensor/Switch ""E"" Circuit High",System: Transmission. Source: SAE J2012 / ISO 15031. This code is classified as Warning-level severity within the Powertrain category.,Powertrain,Generic,Warning
P0991,"Transmission Fluid Pressure Sensor/Switch ""E"" Circuit Intermittent",System: Transmission. Source: SAE J2012 / ISO 15031. This code is classified as Warning-level severity within the Powertrain category.,Powertrain,Generic,Warning
P0992,"Transmission Fluid Pressure Sensor/Switch ""F"" Circuit",System: Transmission. Source: SAE J2012 / ISO 15031. This code is classified as Info-level severity within the Powertrain category.,Powertrain,Generic,Info
P0993,"Transmission Fluid Pressure Sensor/Switch ""F"" Circuit",System: Transmission. Source: SAE J2012 / ISO 15031. This code is classified as Info-level severity within the Powertrain category.,Powertrain,Generic,Info
P0994,"Transmission Fluid Pressure Sensor/Switch ""F"" Circuit Low",System: Transmission. Source: SAE J2012 / ISO 15031. This code is classified as Warning-level severity within the Powertrain category.,Powertrain,Generic,Warning
P0995,"Transmission Fluid Pressure Sensor/Switch ""F"" Circuit High",System: Transmission. Source: SAE J2012 / ISO 15031. This code is classified as Warning-level severity within the Powertrain category.,Powertrain,Generic,Warning
P0996,"Transmission Fluid Pressure Sensor/Switch ""F"" Circuit Intermittent",System: Transmission. Source: SAE J2012 / ISO 15031. This code is classified as Warning-level severity within the Powertrain category.,Powertrain,Generic,Warning
P0997,"Shift Solenoid ""F"" Control Circuit Range/Performance",System: Transmission. Source: SAE J2012 / ISO 15031. This code is classified as Warning-level severity within the Powertrain category.,Powertrain,Generic,Warning
P0998,"Shift Solenoid ""F"" Control Circuit Low",System: Transmission. Source: SAE J2012 / ISO 15031. This code is classified as Warning-level severity within the Powertrain category.,Powertrain,Generic,Warning
P0999,"Shift Solenoid ""F"" Control Circuit High",System: Transmission. Source: SAE J2012 / ISO 15031. This code is classified as Warning-level severity within the Powertrain category.,Powertrain,Generic,Warning
P099A,"Shift Solenoid ""G"" Control Circuit Range/Performance",System: Transmission. Source: SAE J2012 / ISO 15031. This code is classified as Warning-level severity within the Powertrain category.,Powertrain,Generic,Warning
P099B,"Shift Solenoid ""G"" Control Circuit Low",System: Transmission. Source: SAE J2012 / ISO 15031. This code is classified as Warning-level severity within the Powertrain category.,Powertrain,Generic,Warning
P099C,"Shift Solenoid ""G"" Control Circuit High",System: Transmission. Source: SAE J2012 / ISO 15031. This code is classified as Warning-level severity within the Powertrain category.,Powertrain,Generic,Warning
P099D,"Shift Solenoid ""H"" Control Circuit Range/Performance",System: Transmission. Source: SAE J2012 / ISO 15031. This code is classified as Warning-level severity within the Powertrain category.,Powertrain,Generic,Warning
P099E,"Shift Solenoid ""H"" Control Circuit Low",System: Transmission. Source: SAE J2012 / ISO 15031. This code is classified as Warning-level severity within the Powertrain category.,Powertrain,Generic,Warning
P099F,"Shift Solenoid ""H"" Control Circuit High",System: Transmission. Source: SAE J2012 / ISO 15031. This code is classified as Warning-level severity within the Powertrain category.,Powertrain,Generic,Warning
P0A00,Motor Electronics Coolant Temperature Sensor Circuit,System: Hybrid/Electric Vehicle. Source: SAE J2012 / ISO 15031. This code is classified as Info-level severity within the Powertrain category.,Powertrain,Generic,Info
P0A01,Range/Performance,System: Hybrid/Electric Vehicle. Source: SAE J2012 / ISO 15031. This code is classified as Warning-level severity within the Powertrain category.,Powertrain,Generic,Warning
P0A02,Motor Electronics Coolant Temperature Sensor Circuit Low,System: Hybrid/Electric Vehicle. Source: SAE J2012 / ISO 15031. This code is classified as Warning-level severity within the Powertrain category.,Powertrain,Generic,Warning
P0A03,Motor Electronics Coolant Temperature Sensor Circuit High,System: Hybrid/Electric Vehicle. Source: SAE J2012 / ISO 15031. This code is classified as Warning-level severity within the Powertrain category.,Powertrain,Generic,Warning
P0A04,Motor Electronics Coolant Temperature Sensor Circuit Intermittent,System: Hybrid/Electric Vehicle. Source: SAE J2012 / ISO 15031. This code is classified as Warning-level severity within the Powertrain category.,Powertrain,Generic,Warning
P0A05,"Motor Electronics Coolant Pump ""A"" Control Circuit/Open",System: Hybrid/Electric Vehicle. Source: SAE J2012 / ISO 15031. This code is classified as Critical-level severity within the Powertrain category.,Powertrain,Generic,Critical
P0A06,"Motor Electronics Coolant Pump ""A"" Control Circuit Low",System: Hybrid/Electric Vehicle. Source: SAE J2012 / ISO 15031. This code is classified as Warning-level severity within the Powertrain category.,Powertrain,Generic,Warning
P0A07,"Motor Electronics Coolant Pump ""A"" Control Circuit High",System: Hybrid/Electric Vehicle. Source: SAE J2012 / ISO 15031. This code is classified as Warning-level severity within the Powertrain category.,Powertrain,Generic,Warning
P0A08,DC/DC Converter Status Circuit,System: Hybrid/Electric Vehicle. Source: SAE J2012 / ISO 15031. This code is classified as Info-level severity within the Powertrain category.,Powertrain,Generic,Info
P0A09,DC/DC Converter Status Circuit Low,System: Hybrid/Electric Vehicle. Source: SAE J2012 / ISO 15031. This code is classified as Warning-level severity within the Powertrain category.,Powertrain,Generic,Warning
P0A0A,High Voltage System Interlock Circuit,System: Hybrid/Electric Vehicle. Source: SAE J2012 / ISO 15031. This code is classified as Warning-level severity within the Powertrain category.,Powertrain,Generic,Warning
P0A0B,High Voltage System Interlock Circuit Performance,System: Hybrid/Electric Vehicle. Source: SAE J2012 / ISO 15031. This code is classified as Warning-level severity within the Powertrain category.,Powertrain,Generic,Warning
P0A0C,High Voltage System Interlock Circuit Low,System: Hybrid/Electric Vehicle. Source: SAE J2012 / ISO 15031. This code is classified as Warning-level severity within the Powertrain category.,Powertrain,Generic,Warning
P0A0D,High Voltage System Interlock Circuit High,System: Hybrid/Electric Vehicle. Source: SAE J2012 / ISO 15031. This code is classified as Warning-level severity within the Powertrain category.,Powertrain,Generic,Warning
P0A0E,High Voltage System Interlock Circuit Intermittent,System: Hybrid/Electric Vehicle. Source: SAE J2012 / ISO 15031. This code is classified as Warning-level severity within the Powertrain category.,Powertrain,Generic,Warning
P0A0F,Engine Failed to Start,System: Hybrid/Electric Vehicle. Source: SAE J2012 / ISO 15031. This code is classified as Critical-level severity within the Powertrain category.,Powertrain,Generic,Critical
P0A10,DC/DC Converter Status Circuit High,System: Hybrid/Electric Vehicle. Source: SAE J2012 / ISO 15031. This code is classified as Warning-level severity within the Powertrain category.,Powertrain,Generic,Warning
P0A11,DC/DC Converter Enable Circuit/Open,System: Hybrid/Electric Vehicle. Source: SAE J2012 / ISO 15031. This code is classified as Critical-level severity within the Powertrain category.,Powertrain,Generic,Critical
P0A12,DC/DC Converter Enable Circuit Low,System: Hybrid/Electric Vehicle. Source: SAE J2012 / ISO 15031. This code is classified as Warning-level severity within the Powertrain category.,Powertrain,Generic,Warning
P0A13,DC/DC Converter Enable Circuit High,System: Hybrid/Electric Vehicle. Source: SAE J2012 / ISO 15031. This code is classified as Warning-level severity within the Powertrain category.,Powertrain,Generic,Warning
P0A14,"Engine Mount ""A"" Control Circuit/Open",System: Hybrid/Electric Vehicle. Source: SAE J2012 / ISO 15031. This code is classified as Critical-level severity within the Powertrain category.,Powertrain,Generic,Critical
P0A15,"Engine Mount ""A"" Control Circuit Low",System: Hybrid/Electric Vehicle. Source: SAE J2012 / ISO 15031. This code is classified as Warning-level severity within the Powertrain category.,Powertrain,Generic,Warning
P0A16,"Engine Mount ""A"" Control Circuit High",System: Hybrid/Electric Vehicle. Source: SAE J2012 / ISO 15031. This code is classified as Warning-level severity within the Powertrain category.,Powertrain,Generic,Warning
P0A17,Motor Torque Sensor Circuit,System: Hybrid/Electric Vehicle. Source: SAE J2012 / ISO 15031. This code is classified as Info-level severity within the Powertrain category.,Powertrain,Generic,Info
P0A18,Motor Torque Sensor Circuit Range/Performance,System: Hybrid/Electric Vehicle. Source: SAE J2012 / ISO 15031. This code is classified as Warning-level severity within the Powertrain category.,Powertrain,Generic,Warning
P0A19,Motor Torque Sensor Circuit Low,System: Hybrid/Electric Vehicle. Source: SAE J2012 / ISO 15031. This code is classified as Warning-level severity within the Powertrain category.,Powertrain,Generic,Warning
P0A1A,Generator Control Module,System: Hybrid/Electric Vehicle. Source: SAE J2012 / ISO 15031. This code is classified as Info-level severity within the Powertrain category.,Powertrain,Generic,Info
P0A1B,"Drive Motor ""A"" Control Module",System: Hybrid/Electric Vehicle. Source: SAE J2012 / ISO 15031. This code is classified as Info-level severity within the Powertrain category.,Powertrain,Generic,Info
P0A1C,"Drive Motor ""B"" Control Module",System: Hybrid/Electric Vehicle. Source: SAE J2012 / ISO 15031. This code is classified as Info-level severity within the Powertrain category.,Powertrain,Generic,Info
P0A1D,Hybrid Powertrain Control Module,System: Hybrid/Electric Vehicle. Source: SAE J2012 / ISO 15031. This code is classified as Info-level severity within the Powertrain category.,Powertrain,Generic,Info
P0A1E,Starter/Generator Control Module,System: Hybrid/Electric Vehicle. Source: SAE J2012 / ISO 15031. This code is classified as Info-level severity within the Powertrain category.,Powertrain,Generic,Info
P0A1F,Battery Energy Control Module,System: Hybrid/Electric Vehicle. Source: SAE J2012 / ISO 15031. This code is classified as Info-level severity within the Powertrain category.,Powertrain,Generic,Info
P0A20,Motor Torque Sensor Circuit High,System: Hybrid/Electric Vehicle. Source: SAE J2012 / ISO 15031. This code is classified as Warning-level severity within the Powertrain category.,Powertrain,Generic,Warning
P0A21,Motor Torque Sensor Circuit Intermittent,System: Hybrid/Electric Vehicle. Source: SAE J2012 / ISO 15031. This code is classified as Warning-level severity within the Powertrain category.,Powertrain,Generic,Warning
P0A22,Generator Torque Sensor Circuit,System: Hybrid/Electric Vehicle. Source: SAE J2012 / ISO 15031. This code is classified as Info-level severity within the Powertrain category.,Powertrain,Generic,Info
P0A23,Generator Torque Sensor Circuit Range/Performance,System: Hybrid/Electric Vehicle. Source: SAE J2012 / ISO 15031. This code is classified as Warning-level severity within the Powertrain category.,Powertrain,Generic,Warning
P0A24,Generator Torque Sensor Circuit Low,System: Hybrid/Electric Vehicle. Source: SAE J2012 / ISO 15031. This code is classified as Warning-level severity within the Powertrain category.,Powertrain,Generic,Warning
P0A25,Generator Torque Sensor Circuit High,System: Hybrid/Electric Vehicle. Source: SAE J2012 / ISO 15031. This code is classified as Warning-level severity within the Powertrain category.,Powertrain,Generic,Warning
P0A26,Generator Torque Sensor Circuit Intermittent,System: Hybrid/Electric Vehicle. Source: SAE J2012 / ISO 15031. This code is classified as Warning-level severity within the Powertrain category.,Powertrain,Generic,Warning
P0A27,Hybrid Battery Power Off Circuit,System: Hybrid/Electric Vehicle. Source: SAE J2012 / ISO 15031. This code is classified as Info-level severity within the Powertrain category.,Powertrain,Generic,Info
P0A28,Hybrid Battery Power Off Circuit Low,System: Hybrid/Electric Vehicle. Source: SAE J2012 / ISO 15031. This code is classified as Warning-level severity within the Powertrain category.,Powertrain,Generic,Warning
P0A29,Hybrid Battery Power Off Circuit High,System: Hybrid/Electric Vehicle. Source: SAE J2012 / ISO 15031. This code is classified as Warning-level severity within the Powertrain category.,Powertrain,Generic,Warning
P0A2A,"Drive Motor ""A"" Temperature Sensor Circuit",System: Hybrid/Electric Vehicle. Source: SAE J2012 / ISO 15031. This code is classified as Info-level severity within the Powertrain category.,Powertrain,Generic,Info
P0A2B,"Drive Motor ""A"" Temperature Sensor Circuit Range/Performance",System: Hybrid/Electric Vehicle. Source: SAE J2012 / ISO 15031. This code is classified as Warning-level severity within the Powertrain category.,Powertrain,Generic,Warning
P0A2C,"Drive Motor ""A"" Temperature Sensor Circuit Low",System: Hybrid/Electric Vehicle. Source: SAE J2012 / ISO 15031. This code is classified as Warning-level severity within the Powertrain category.,Powertrain,Generic,Warning
P0A2D,"Drive Motor ""A"" Temperature Sensor Circuit High",System: Hybrid/Electric Vehicle. Source: SAE J2012 / ISO 15031. This code is classified as Warning-level severity within the Powertrain category.,Powertrain,Generic,Warning
P0A2E,"Drive Motor ""A"" Temperature Sensor Circuit Intermittent",System: Hybrid/Electric Vehicle. Source: SAE J2012 / ISO 15031. This code is classified as Warning-level severity within the Powertrain category.,Powertrain,Generic,Warning
P0A2F,"Drive Motor ""A"" Over Temperature",System: Hybrid/Electric Vehicle. Source: SAE J2012 / ISO 15031. This code is classified as Critical-level severity within the Powertrain category.,Powertrain,Generic,Critical
P0A30,"Drive Motor ""B"" Temperature Sensor Circuit",System: Hybrid/Electric Vehicle. Source: SAE J2012 / ISO 15031. This code is classified as Info-level severity within the Powertrain category.,Powertrain,Generic,Info
P0A31,"Drive Motor ""B"" Temperature Sensor Circuit Range/Performance",System: Hybrid/Electric Vehicle. Source: SAE J2012 / ISO 15031. This code is classified as Warning-level severity within the Powertrain category.,Powertrain,Generic,Warning
P0A32,"Drive Motor ""B"" Temperature Sensor Circuit Low",System: Hybrid/Electric Vehicle. Source: SAE J2012 / ISO 15031. This code is classified as Warning-level severity within the Powertrain category.,Powertrain,Generic,Warning
P0A33,"Drive Motor ""B"" Temperature Sensor Circuit High",System: Hybrid/Electric Vehicle. Source: SAE J2012 / ISO 15031. This code is classified as Warning-level severity within the Powertrain category.,Powertrain,Generic,Warning
P0A34,"Drive Motor ""B"" Temperature Sensor Circuit Intermittent",System: Hybrid/Electric Vehicle. Source: SAE J2012 / ISO 15031. This code is classified as Warning-level severity within the Powertrain category.,Powertrain,Generic,Warning
P0A35,"Drive Motor ""B"" Over Temperature",System: Hybrid/Electric Vehicle. Source: SAE J2012 / ISO 15031. This code is classified as Critical-level severity within the Powertrain category.,Powertrain,Generic,Critical
P0A36,Generator Temperature Sensor Circuit,System: Hybrid/Electric Vehicle. Source: SAE J2012 / ISO 15031. This code is classified as Info-level severity within the Powertrain category.,Powertrain,Generic,Info
P0A37,Generator Temperature Sensor Circuit Range/Performance,System: Hybrid/Electric Vehicle. Source: SAE J2012 / ISO 15031. This code is classified as Warning-level severity within the Powertrain category.,Powertrain,Generic,Warning
P0A38,Generator Temperature Sensor Circuit Low,System: Hybrid/Electric Vehicle. Source: SAE J2012 / ISO 15031. This code is classified as Warning-level severity within the Powertrain category.,Powertrain,Generic,Warning
P0A39,Generator Temperature Sensor Circuit High,System: Hybrid/Electric Vehicle. Source: SAE J2012 / ISO 15031. This code is classified as Warning-level severity within the Powertrain category.,Powertrain,Generic,Warning
P0A3A,Generator Temperature Sensor Circuit Intermittent,System: Hybrid/Electric Vehicle. Source: SAE J2012 / ISO 15031. This code is classified as Warning-level severity within the Powertrain category.,Powertrain,Generic,Warning
P0A3B,Generator Over Temperature,System: Hybrid/Electric Vehicle. Source: SAE J2012 / ISO 15031. This code is classified as Critical-level severity within the Powertrain category.,Powertrain,Generic,Critical
P0A3C,"Drive Motor ""A"" Inverter Over Temperature",System: Hybrid/Electric Vehicle. Source: SAE J2012 / ISO 15031. This code is classified as Critical-level severity within the Powertrain category.,Powertrain,Generic,Critical
P0A3D,"Drive Motor ""B"" Inverter Over Temperature",System: Hybrid/Electric Vehicle. Source: SAE J2012 / ISO 15031. This code is classified as Critical-level severity within the Powertrain category.,Powertrain,Generic,Critical
P0A3E,Generator Inverter Over Temperature,System: Hybrid/Electric Vehicle. Source: SAE J2012 / ISO 15031. This code is classified as Critical-level severity within the Powertrain category.,Powertrain,Generic,Critical
P0A3F,"Drive Motor ""A"" Position Sensor Circuit",System: Hybrid/Electric Vehicle. Source: SAE J2012 / ISO 15031. This code is classified as Info-level severity within the Powertrain category.,Powertrain,Generic,Info
P0A40,"Drive Motor ""A"" Position Sensor Circuit Range/Performance",System: Hybrid/Electric Vehicle. Source: SAE J2012 / ISO 15031. This code is classified as Warning-level severity within the Powertrain category.,Powertrain,Generic,Warning
P0A41,"Drive Motor ""A"" Position Sensor Circuit Low",System: Hybrid/Electric Vehicle. Source: SAE J2012 / ISO 15031. This code is classified as Warning-level severity within the Powertrain category.,Powertrain,Generic,Warning
P0A42,"Drive Motor ""A"" Position Sensor Circuit High",System: Hybrid/Electric Vehicle. Source: SAE J2012 / ISO 15031. This code is classified as Warning-level severity within the Powertrain category.,Powertrain,Generic,Warning
P0A43,"Drive Motor ""A"" Position Sensor Circuit Intermittent",System: Hybrid/Electric Vehicle. Source: SAE J2012 / ISO 15031. This code is classified as Warning-level severity within the Powertrain category.,Powertrain,Generic,Warning
P0A44,"Drive Motor ""A"" Position Sensor Circuit Overspeed",System: Hybrid/Electric Vehicle. Source: SAE J2012 / ISO 15031. This code is classified as Critical-level severity within the Powertrain category.,Powertrain,Generic,Critical
P0A45,"Drive Motor ""B"" Position Sensor Circuit",System: Hybrid/Electric Vehicle. Source: SAE J2012 / ISO 15031. This code is classified as Info-level severity within the Powertrain category.,Powertrain,Generic,Info
P0A46,"Drive Motor ""B"" Position Sensor Circuit Range/Performance",System: Hybrid/Electric Vehicle. Source: SAE J2012 / ISO 15031. This code is classified as Warning-level severity within the Powertrain category.,Powertrain,Generic,Warning
P0A47,"Drive Motor ""B"" Position Sensor Circuit Low",System: Hybrid/Electric Vehicle. Source: SAE J2012 / ISO 15031. This code is classified as Warning-level severity within the Powertrain category.,Powertrain,Generic,Warning
P0A48,"Drive Motor ""B"" Position Sensor Circuit High",System: Hybrid/Electric Vehicle. Source: SAE J2012 / ISO 15031. This code is classified as Warning-level severity within the Powertrain category.,Powertrain,Generic,Warning
P0A49,"Drive Motor ""B"" Position Sensor Circuit Intermittent",System: Hybrid/Electric Vehicle. Source: SAE J2012 / ISO 15031. This code is classified as Warning-level severity within the Powertrain category.,Powertrain,Generic,Warning
P0A4A,"Drive Motor ""B"" Position Sensor Circuit Overspeed",System: Hybrid/Electric Vehicle. Source: SAE J2012 / ISO 15031. This code is classified as Critical-level severity within the Powertrain category.,Powertrain,Generic,Critical
P0A4B,Generator Position Sensor Circuit,System: Hybrid/Electric Vehicle. Source: SAE J2012 / ISO 15031. This code is classified as Info-level severity within the Powertrain category.,Powertrain,Generic,Info
P0A4C,Generator Position Sensor Circuit Range/Performance,System: Hybrid/Electric Vehicle. Source: SAE J2012 / ISO 15031. This code is classified as Warning-level severity within the Powertrain category.,Powertrain,Generic,Warning
P0A4D,Generator Position Sensor Circuit Low,System: Hybrid/Electric Vehicle. Source: SAE J2012 / ISO 15031. This code is classified as Warning-level severity within the Powertrain category.,Powertrain,Generic,Warning
P0A4E,Generator Position Sensor Circuit High,System: Hybrid/Electric Vehicle. Source: SAE J2012 / ISO 15031. This code is classified as Warning-level severity within the Powertrain category.,Powertrain,Generic,Warning
P0A4F,Generator Position Sensor Circuit Intermittent,System: Hybrid/Electric Vehicle. Source: SAE J2012 / ISO 15031. This code is classified as Warning-level severity within the Powertrain category.,Powertrain,Generic,Warning
P0A50,Generator Position Sensor Circuit Overspeed,System: Hybrid/Electric Vehicle. Source: SAE J2012 / ISO 15031. This code is classified as Critical-level severity within the Powertrain category.,Powertrain,Generic,Critical
P0A51,"Drive Motor ""A"" Current Sensor Circuit",System: Hybrid/Electric Vehicle. Source: SAE J2012 / ISO 15031. This code is classified as Info-level severity within the Powertrain category.,Powertrain,Generic,Info
P0A52,"Drive Motor ""A"" Current Sensor Circuit Range/Performance",System: Hybrid/Electric Vehicle. Source: SAE J2012 / ISO 15031. This code is classified as Warning-level severity within the Powertrain category.,Powertrain,Generic,Warning
P0A53,"Drive Motor ""A"" Current Sensor Circuit Low",System: Hybrid/Electric Vehicle. Source: SAE J2012 / ISO 15031. This code is classified as Warning-level severity within the Powertrain category.,Powertrain,Generic,Warning
P0A54,"Drive Motor ""A"" Current Sensor Circuit High",System: Hybrid/Electric Vehicle. Source: SAE J2012 / ISO 15031. This code is classified as Warning-level severity within the Powertrain category.,Powertrain,Generic,Warning
P0A55,"Drive Motor ""B"" Current Sensor Circuit",System: Hybrid/Electric Vehicle. Source: SAE J2012 / ISO 15031. This code is classified as Info-level severity within the Powertrain category.,Powertrain,Generic,Info
P0A56,"Drive Motor ""B"" Current Sensor Circuit Range/Performance",System: Hybrid/Electric Vehicle. Source: SAE J2012 / ISO 15031. This code is classified as Warning-level severity within the Powertrain category.,Powertrain,Generic,Warning
P0A57,"Drive Motor ""B"" Current Sensor Circuit Low",System: Hybrid/Electric Vehicle. Source: SAE J2012 / ISO 15031. This code is classified as Warning-level severity within the Powertrain category.,Powertrain,Generic,Warning
P0A58,"Drive Motor ""B"" Current Sensor Circuit High",System: Hybrid/Electric Vehicle. Source: SAE J2012 / ISO 15031. This code is classified as Warning-level severity within the Powertrain category.,Powertrain,Generic,Warning
P0A59,Generator Current Sensor Circuit,System: Hybrid/Electric Vehicle. Source: SAE J2012 / ISO 15031. This code is classified as Info-level severity within the Powertrain category.,Powertrain,Generic,Info
P0A5A,Generator Current Sensor Circuit Range/Performance,System: Hybrid/Electric Vehicle. Source: SAE J2012 / ISO 15031. This code is classified as Warning-level severity within the Powertrain category.,Powertrain,Generic,Warning
P0A5B,Generator Current Sensor Circuit Low,System: Hybrid/Electric Vehicle. Source: SAE J2012 / ISO 15031. This code is classified as Warning-level severity within the Powertrain category.,Powertrain,Generic,Warning
P0A5C,Generator Current Sensor Circuit High,System: Hybrid/Electric Vehicle. Source: SAE J2012 / ISO 15031. This code is classified as Warning-level severity within the Powertrain category.,Powertrain,Generic,Warning
P0A5D,"Drive Motor ""A"" Phase U Current",System: Hybrid/Electric Vehicle. Source: SAE J2012 / ISO 15031. This code is classified as Info-level severity within the Powertrain category.,Powertrain,Generic,Info
P0A5E,"Drive Motor ""A"" Phase U Current Low",System: Hybrid/Electric Vehicle. Source: SAE J2012 / ISO 15031. This code is classified as Warning-level severity within the Powertrain category.,Powertrain,Generic,Warning
P0A5F,"Drive Motor ""A"" Phase U Current High",System: Hybrid/Electric Vehicle. Source: SAE J2012 / ISO 15031. This code is classified as Warning-level severity within the Powertrain category.,Powertrain,Generic,Warning
P0A60,"Drive Motor ""A"" Phase V Current",System: Hybrid/Electric Vehicle. Source: SAE J2012 / ISO 15031. This code is classified as Info-level severity within the Powertrain category.,Powertrain,Generic,Info
P0A61,"Drive Motor ""A"" Phase V Current Low",System: Hybrid/Electric Vehicle. Source: SAE J2012 / ISO 15031. This code is classified as Warning-level severity within the Powertrain category.,Powertrain,Generic,Warning
P0A62,"Drive Motor ""A"" Phase V Current High",System: Hybrid/Electric Vehicle. Source: SAE J2012 / ISO 15031. This code is classified as Warning-level severity within the Powertrain category.,Powertrain,Generic,Warning
P0A63,"Drive Motor ""A"" Phase W Current",System: Hybrid/Electric Vehicle. Source: SAE J2012 / ISO 15031. This code is classified as Info-level severity within the Powertrain category.,Powertrain,Generic,Info
P0A64,"Drive Motor ""A"" Phase W Current Low",System: Hybrid/Electric Vehicle. Source: SAE J2012 / ISO 15031. This code is classified as Warning-level severity within the Powertrain category.,Powertrain,Generic,Warning
P0A65,"Drive Motor ""A"" Phase W Current High",System: Hybrid/Electric Vehicle. Source: SAE J2012 / ISO 15031. This code is classified as Warning-level severity within the Powertrain category.,Powertrain,Generic,Warning
P0A66,"Drive Motor ""B"" Phase U Current",System: Hybrid/Electric Vehicle. Source: SAE J2012 / ISO 15031. This code is classified as Info-level severity within the Powertrain category.,Powertrain,Generic,Info
P0A67,"Drive Motor ""B"" Phase U Current Low",System: Hybrid/Electric Vehicle. Source: SAE J2012 / ISO 15031. This code is classified as Warning-level severity within the Powertrain category.,Powertrain,Generic,Warning
P0A68,"Drive Motor ""B"" Phase U Current High",System: Hybrid/Electric Vehicle. Source: SAE J2012 / ISO 15031. This code is classified as Warning-level severity within the Powertrain category.,Powertrain,Generic,Warning
P0A69,"Drive Motor ""B"" Phase V Current",System: Hybrid/Electric Vehicle. Source: SAE J2012 / ISO 15031. This code is classified as Info-level severity within the Powertrain category.,Powertrain,Generic,Info
P0A6A,"Drive Motor ""B"" Phase V Current Low",System: Hybrid/Electric Vehicle. Source: SAE J2012 / ISO 15031. This code is classified as Warning-level severity within the Powertrain category.,Powertrain,Generic,Warning
P0A6B,"Drive Motor ""B"" Phase V Current High",System: Hybrid/Electric Vehicle. Source: SAE J2012 / ISO 15031. This code is classified as Warning-level severity within the Powertrain category.,Powertrain,Generic,Warning
P0A6C,"Drive Motor ""B"" Phase W Current",System: Hybrid/Electric Vehicle. Source: SAE J2012 / ISO 15031. This code is classified as Info-level severity within the Powertrain category.,Powertrain,Generic,Info
P0A6D,"Drive Motor ""B"" Phase W Current Low",System: Hybrid/Electric Vehicle. Source: SAE J2012 / ISO 15031. This code is classified as Warning-level severity within the Powertrain category.,Powertrain,Generic,Warning
P0A6E,"Drive Motor ""B"" Phase W Current High",System: Hybrid/Electric Vehicle. Source: SAE J2012 / ISO 15031. This code is classified as Warning-level severity within the Powertrain category.,Powertrain,Generic,Warning
P0A6F,Generator Phase U Current,System: Hybrid/Electric Vehicle. Source: SAE J2012 / ISO 15031. This code is classified as Info-level severity within the Powertrain category.,Powertrain,Generic,Info
P0A70,Generator Phase U Current Low,System: Hybrid/Electric Vehicle. Source: SAE J2012 / ISO 15031. This code is classified as Warning-level severity within the Powertrain category.,Powertrain,Generic,Warning
P0A71,Generator Phase U Current High,System: Hybrid/Electric Vehicle. Source: SAE J2012 / ISO 15031. This code is classified as Warning-level severity within the Powertrain category.,Powertrain,Generic,Warning
P0A72,Generator Phase V Current,System: Hybrid/Electric Vehicle. Source: SAE J2012 / ISO 15031. This code is classified as Info-level severity within the Powertrain category.,Powertrain,Generic,Info
P0A73,Generator Phase V Current Low,System: Hybrid/Electric Vehicle. Source: SAE J2012 / ISO 15031. This code is classified as Warning-level severity within the Powertrain category.,Powertrain,Generic,Warning
P0A74,Generator Phase V Current High,System: Hybrid/Electric Vehicle. Source: SAE J2012 / ISO 15031. This code is classified as Warning-level severity within the Powertrain category.,Powertrain,Generic,Warning
P0A75,Generator Phase W Current,System: Hybrid/Electric Vehicle. Source: SAE J2012 / ISO 15031. This code is classified as Info-level severity within the Powertrain category.,Powertrain,Generic,Info
P0A76,Generator Phase W Current Low,System: Hybrid/Electric Vehicle. Source: SAE J2012 / ISO 15031. This code is classified as Warning-level severity within the Powertrain category.,Powertrain,Generic,Warning
P0A77,Generator Phase W Current High,System: Hybrid/Electric Vehicle. Source: SAE J2012 / ISO 15031. This code is classified as Warning-level severity within the Powertrain category.,Powertrain,Generic,Warning
P0A78,"Drive Motor ""A"" Inverter Performance",System: Hybrid/Electric Vehicle. Source: SAE J2012 / ISO 15031. This code is classified as Warning-level severity within the Powertrain category.,Powertrain,Generic,Warning
P0A79,"Drive Motor ""B"" Inverter Performance",System: Hybrid/Electric Vehicle. Source: SAE J2012 / ISO 15031. This code is classified as Warning-level severity within the Powertrain category.,Powertrain,Generic,Warning
P0A7A,Generator Inverter Performance,System: Hybrid/Electric Vehicle. Source: SAE J2012 / ISO 15031. This code is classified as Warning-level severity within the Powertrain category.,Powertrain,Generic,Warning
P0A7B,Battery Energy Control Module Requested MIL Illumination,System: Hybrid/Electric Vehicle. Source: SAE J2012 / ISO 15031. This code is classified as Info-level severity within the Powertrain category.,Powertrain,Generic,Info
P0A7C,Motor Electronics Over Temperature,System: Hybrid/Electric Vehicle. Source: SAE J2012 / ISO 15031. This code is classified as Critical-level severity within the Powertrain category.,Powertrain,Generic,Critical
P0A7D,Hybrid Battery Pack State of Charge Low,System: Hybrid/Electric Vehicle. Source: SAE J2012 / ISO 15031. This code is classified as Warning-level severity within the Powertrain category.,Powertrain,Generic,Warning
P0A7E,Hybrid Battery Pack Over Temperature,System: Hybrid/Electric Vehicle. Source: SAE J2012 / ISO 15031. This code is classified as Critical-level severity within the Powertrain category.,Powertrain,Generic,Critical
P0A7F,Hybrid Battery Pack Deterioration,System: Hybrid/Electric Vehicle. Source: SAE J2012 / ISO 15031. This code is classified as Info-level severity within the Powertrain category.,Powertrain,Generic,Info
P0A80,Replace Hybrid Battery Pack,System: Hybrid/Electric Vehicle. Source: SAE J2012 / ISO 15031. This code is classified as Info-level severity within the Powertrain category.,Powertrain,Generic,Info
P0A81,Hybrid Battery Pack Cooling Fan 1 Control Circuit/Open,System: Hybrid/Electric Vehicle. Source: SAE J2012 / ISO 15031. This code is classified as Critical-level severity within the Powertrain category.,Powertrain,Generic,Critical
P0A82,Hybrid Battery Pack Cooling Fan 1 Performance/Stuck Off,System: Hybrid/Electric Vehicle. Source: SAE J2012 / ISO 15031. This code is classified as Critical-level severity within the Powertrain category.,Powertrain,Generic,Critical
P0A83,Hybrid Battery Pack Cooling Fan 1 Stuck On,System: Hybrid/Electric Vehicle. Source: SAE J2012 / ISO 15031. This code is classified as Critical-level severity within the Powertrain category.,Powertrain,Generic,Critical
P0A84,Hybrid Battery Pack Cooling Fan 1 Control Circuit Low,System: Hybrid/Electric Vehicle. Source: SAE J2012 / ISO 15031. This code is classified as Warning-level severity within the Powertrain category.,Powertrain,Generic,Warning
P0A85,Hybrid Battery Pack Cooling Fan 1 Control Circuit High,System: Hybrid/Electric Vehicle. Source: SAE J2012 / ISO 15031. This code is classified as Warning-level severity within the Powertrain category.,Powertrain,Generic,Warning
P0A86,14 Volt Power Module Current Sensor Circuit,System: Hybrid/Electric Vehicle. Source: SAE J2012 / ISO 15031. This code is classified as Info-level severity within the Powertrain category.,Powertrain,Generic,Info
P0A87,14 Volt Power Module Current Sensor Circuit Range/Performance,System: Hybrid/Electric Vehicle. Source: SAE J2012 / ISO 15031. This code is classified as Warning-level severity within the Powertrain category.,Powertrain,Generic,Warning
P0A88,14 Volt Power Module Current Sensor Circuit Low,System: Hybrid/Electric Vehicle. Source: SAE J2012 / ISO 15031. This code is classified as Warning-level severity within the Powertrain category.,Powertrain,Generic,Warning
P0A89,14 Volt Power Module Current Sensor Circuit High,System: Hybrid/Electric Vehicle. Source: SAE J2012 / ISO 15031. This code is classified as Warning-level severity within the Powertrain category.,Powertrain,Generic,Warning
P0A8A,14 Volt Power Module Current Sensor Circuit Intermittent,System: Hybrid/Electric Vehicle. Source: SAE J2012 / ISO 15031. This code is classified as Warning-level severity within the Powertrain category.,Powertrain,Generic,Warning
P0A8B,14 Volt Power Module System Voltage,System: Hybrid/Electric Vehicle. Source: SAE J2012 / ISO 15031. This code is classified as Info-level severity within the Powertrain category.,Powertrain,Generic,Info
P0A8C,14 Volt Power Module System Voltage Unstable,System: Hybrid/Electric Vehicle. Source: SAE J2012 / ISO 15031. This code is classified as Warning-level severity within the Powertrain category.,Powertrain,Generic,Warning
P0A8D,14 Volt Power Module System Voltage Low,System: Hybrid/Electric Vehicle. Source: SAE J2012 / ISO 15031. This code is classified as Warning-level severity within the Powertrain category.,Powertrain,Generic,Warning
P0A8E,14 Volt Power Module System Voltage High,System: Hybrid/Electric Vehicle. Source: SAE J2012 / ISO 15031. This code is classified as Warning-level severity within the Powertrain category.,Powertrain,Generic,Warning
P0A8F,14 Volt Power Module System Performance,System: Hybrid/Electric Vehicle. Source: SAE J2012 / ISO 15031. This code is classified as Warning-level severity within the Powertrain category.,Powertrain,Generic,Warning
P0A90,"Drive Motor ""A"" Performance",System: Hybrid/Electric Vehicle. Source: SAE J2012 / ISO 15031. This code is classified as Warning-level severity within the Powertrain category.,Powertrain,Generic,Warning
P0A91,"Drive Motor ""B"" Performance",System: Hybrid/Electric Vehicle. Source: SAE J2012 / ISO 15031. This code is classified as Warning-level severity within the Powertrain category.,Powertrain,Generic,Warning
P0A92,Hybrid Generator Performance,System: Hybrid/Electric Vehicle. Source: SAE J2012 / ISO 15031. This code is classified as Warning-level severity within the Powertrain category.,Powertrain,Generic,Warning
P0A93,"Inverter ""A"" Cooling System Performance",System: Hybrid/Electric Vehicle. Source: SAE J2012 / ISO 15031. This code is classified as Warning-level severity within the Powertrain category.,Powertrain,Generic,Warning
P0A94,DC/DC Converter Performance,System: Hybrid/Electric Vehicle. Source: SAE J2012 / ISO 15031. This code is classified as Warning-level severity within the Powertrain category.,Powertrain,Generic,Warning
P0A95,High Voltage Fuse,System: Hybrid/Electric Vehicle. Source: SAE J2012 / ISO 15031. This code is classified as Warning-level severity within the Powertrain category.,Powertrain,Generic,Warning
P0A96,Hybrid Battery Pack Cooling Fan 2 Control Circuit/Open,System: Hybrid/Electric Vehicle. Source: SAE J2012 / ISO 15031. This code is classified as Critical-level severity within the Powertrain category.,Powertrain,Generic,Critical
P0A97,Hybrid Battery Pack Cooling Fan 2 Performance/Stuck Off,System: Hybrid/Electric Vehicle. Source: SAE J2012 / ISO 15031. This code is classified as Critical-level severity within the Powertrain category.,Powertrain,Generic,Critical
P0A98,Hybrid Battery Pack Cooling Fan 2 Stuck On,System: Hybrid/Electric Vehicle. Source: SAE J2012 / ISO 15031. This code is classified as Critical-level severity within the Powertrain category.,Powertrain,Generic,Critical
P0A99,Hybrid Battery Pack Cooling Fan 2 Control Circuit Low,System: Hybrid/Electric Vehicle. Source: SAE J2012 / ISO 15031. This code is classified as Warning-level severity within the Powertrain category.,Powertrain,Generic,Warning
P0A9A,Hybrid Battery Pack Cooling Fan 2 Control Circuit High,System: Hybrid/Electric Vehicle. Source: SAE J2012 / ISO 15031. This code is classified as Warning-level severity within the Powertrain category.,Powertrain,Generic,Warning
P0A9B,"Hybrid Battery Temperature Sensor ""A"" Circuit",System: Hybrid/Electric Vehicle. Source: SAE J2012 / ISO 15031. This code is classified as Info-level severity within the Powertrain category.,Powertrain,Generic,Info
P0A9C,"Hybrid Battery Temperature Sensor ""A"" Range/Performance",System: Hybrid/Electric Vehicle. Source: SAE J2012 / ISO 15031. This code is classified as Warning-level severity within the Powertrain category.,Powertrain,Generic,Warning
P0A9D,"Hybrid Battery Temperature Sensor ""A"" Circuit Low",System: Hybrid/Electric Vehicle. Source: SAE J2012 / ISO 15031. This code is classified as Warning-level severity within the Powertrain category.,Powertrain,Generic,Warning
P0A9E,"Hybrid Battery Temperature Sensor ""A"" Circuit High",System: Hybrid/Electric Vehicle. Source: SAE J2012 / ISO 15031. This code is classified as Warning-level severity within the Powertrain category.,Powertrain,Generic,Warning
P0A9F,"Hybrid Battery Temperature Sensor ""A"" Circuit Intermittent/Erratic",System: Hybrid/Electric Vehicle. Source: SAE J2012 / ISO 15031. This code is classified as Warning-level severity within the Powertrain category.,Powertrain,Generic,Warning
P0AA0,Hybrid Battery Positive Contactor Circuit,System: Hybrid/Electric Vehicle. Source: SAE J2012 / ISO 15031. This code is classified as Info-level severity within the Powertrain category.,Powertrain,Generic,Info
P0AA1,Hybrid Battery Positive Contactor Circuit Stuck Closed,System: Hybrid/Electric Vehicle. Source: SAE J2012 / ISO 15031. This code is classified as Critical-level severity within the Powertrain category.,Powertrain,Generic,Critical
P0AA2,Hybrid Battery Positive Contactor Circuit Stuck Open,System: Hybrid/Electric Vehicle. Source: SAE J2012 / ISO 15031. This code is classified as Critical-level severity within the Powertrain category.,Powertrain,Generic,Critical
P0AA3,Hybrid Battery Negative Contactor Circuit,System: Hybrid/Electric Vehicle. Source: SAE J2012 / ISO 15031. This code is classified as Info-level severity within the Powertrain category.,Powertrain,Generic,Info
P0AA4,Hybrid Battery Negative Contactor Circuit Stuck Closed,System: Hybrid/Electric Vehicle. Source: SAE J2012 / ISO 15031. This code is classified as Critical-level severity within the Powertrain category.,Powertrain,Generic,Critical
P0AA5,Hybrid Battery Negative Contactor Circuit Stuck Open,System: Hybrid/Electric Vehicle. Source: SAE J2012 / ISO 15031. This code is classified as Critical-level severity within the Powertrain category.,Powertrain,Generic,Critical
P0AA6,Hybrid Battery Voltage System Isolation Fault,System: Hybrid/Electric Vehicle. Source: SAE J2012 / ISO 15031. This code is classified as Info-level severity within the Powertrain category.,Powertrain,Generic,Info
P0AA7,Hybrid Battery Voltage Isolation Sensor Circuit,System: Hybrid/Electric Vehicle. Source: SAE J2012 / ISO 15031. This code is classified as Info-level severity within the Powertrain category.,Powertrain,Generic,Info
P0AA8,Hybrid Battery Voltage Isolation Sensor Circuit Range/Performance,System: Hybrid/Electric Vehicle. Source: SAE J2012 / ISO 15031. This code is classified as Warning-level severity within the Powertrain category.,Powertrain,Generic,Warning
P0AA9,Hybrid Battery Voltage Isolation Sensor Circuit Low,System: Hybrid/Electric Vehicle. Source: SAE J2012 / ISO 15031. This code is classified as Warning-level severity within the Powertrain category.,Powertrain,Generic,Warning
P0AAA,Hybrid Battery Voltage Isolation Sensor Circuit High,System: Hybrid/Electric Vehicle. Source: SAE J2012 / ISO 15031. This code is classified as Warning-level severity within the Powertrain category.,Powertrain,Generic,Warning
P0AAB,Hybrid Battery Voltage Isolation Sensor Circuit Intermittent/Erratic,System: Hybrid/Electric Vehicle. Source: SAE J2012 / ISO 15031. This code is classified as Warning-level severity within the Powertrain category.,Powertrain,Generic,Warning
P0AAC,"Hybrid Battery Pack Air Temperature Sensor ""A"" Circuit",System: Hybrid/Electric Vehicle. Source: SAE J2012 / ISO 15031. This code is classified as Info-level severity within the Powertrain category.,Powertrain,Generic,Info
P0AAD,Range/Performance,System: Hybrid/Electric Vehicle. Source: SAE J2012 / ISO 15031. This code is classified as Warning-level severity within the Powertrain category.,Powertrain,Generic,Warning
P0AAE,"Hybrid Battery Pack Air Temperature Sensor ""A"" Circuit Low",System: Hybrid/Electric Vehicle. Source: SAE J2012 / ISO 15031. This code is classified as Warning-level severity within the Powertrain category.,Powertrain,Generic,Warning
P0AAF,"Hybrid Battery Pack Air Temperature Sensor ""A"" Circuit High",System: Hybrid/Electric Vehicle. Source: SAE J2012 / ISO 15031. This code is classified as Warning-level severity within the Powertrain category.,Powertrain,Generic,Warning
P0AB0,Intermittent/Erratic,System: Hybrid/Electric Vehicle. Source: SAE J2012 / ISO 15031. This code is classified as Warning-level severity within the Powertrain category.,Powertrain,Generic,Warning
P0AB1,"Hybrid Battery Pack Air Temperature Sensor ""B"" Circuit",System: Hybrid/Electric Vehicle. Source: SAE J2012 / ISO 15031. This code is classified as Info-level severity within the Powertrain category.,Powertrain,Generic,Info
P0AB2,"Hybrid Battery Pack Air Temperature Sensor ""B"" Circuit",System: Hybrid/Electric Vehicle. Source: SAE J2012 / ISO 15031. This code is classified as Info-level severity within the Powertrain category.,Powertrain,Generic,Info
P0AB3,"Hybrid Battery Pack Air Temperature Sensor ""B"" Circuit Low",System: Hybrid/Electric Vehicle. Source: SAE J2012 / ISO 15031. This code is classified as Warning-level severity within the Powertrain category.,Powertrain,Generic,Warning
P0AB4,"Hybrid Battery Pack Air Temperature Sensor ""B"" Circuit High",System: Hybrid/Electric Vehicle. Source: SAE J2012 / ISO 15031. This code is classified as Warning-level severity within the Powertrain category.,Powertrain,Generic,Warning
P0AB5,Intermittent/Erratic,System: Hybrid/Electric Vehicle. Source: SAE J2012 / ISO 15031. This code is classified as Warning-level severity within the Powertrain category.,Powertrain,Generic,Warning
P0AB6,"Engine Mount ""B"" Control Circuit/Open",System: Hybrid/Electric Vehicle. Source: SAE J2012 / ISO 15031. This code is classified as Critical-level severity within the Powertrain category.,Powertrain,Generic,Critical
P0AB7,"Engine Mount ""B"" Control Circuit Low",System: Hybrid/Electric Vehicle. Source: SAE J2012 / ISO 15031. This code is classified as Warning-level severity within the Powertrain category.,Powertrain,Generic,Warning
P0AB8,"Engine Mount ""B"" Control Circuit High",System: Hybrid/Electric Vehicle. Source: SAE J2012 / ISO 15031. This code is classified as Warning-level severity within the Powertrain category.,Powertrain,Generic,Warning
P0AB9,Hybrid System Performance,System: Hybrid/Electric Vehicle. Source: SAE J2012 / ISO 15031. This code is classified as Warning-level severity within the Powertrain category.,Powertrain,Generic,Warning
P0ABA,"Hybrid Battery Pack Voltage Sense ""A"" Circuit",System: Hybrid/Electric Vehicle. Source: SAE J2012 / ISO 15031. This code is classified as Info-level severity within the Powertrain category.,Powertrain,Generic,Info
P0ABB,"Hybrid Battery Pack Voltage Sense ""A"" Circuit Range/Performance",System: Hybrid/Electric Vehicle. Source: SAE J2012 / ISO 15031. This code is classified as Warning-level severity within the Powertrain category.,Powertrain,Generic,Warning
P0ABC,"Hybrid Battery Pack Voltage Sense ""A"" Circuit Low",System: Hybrid/Electric Vehicle. Source: SAE J2012 / ISO 15031. This code is classified as Warning-level severity within the Powertrain category.,Powertrain,Generic,Warning
P0ABD,"Hybrid Battery Pack Voltage Sense ""A"" Circuit High",System: Hybrid/Electric Vehicle. Source: SAE J2012 / ISO 15031. This code is classified as Warning-level severity within the Powertrain category.,Powertrain,Generic,Warning
P0ABE,"Hybrid Battery Pack Voltage Sense ""A"" Circuit Intermittent/Erratic",System: Hybrid/Electric Vehicle. Source: SAE J2012 / ISO 15031. This code is classified as Warning-level severity within the Powertrain category.,Powertrain,Generic,Warning
P0ABF,"Hybrid Battery Pack Current Sensor ""A"" Circuit",System: Hybrid/Electric Vehicle. Source: SAE J2012 / ISO 15031. This code is classified as Info-level severity within the Powertrain category.,Powertrain,Generic,Info
P0AC0,"Hybrid Battery Pack Current Sensor ""A"" Circuit Range/Performance",System: Hybrid/Electric Vehicle. Source: SAE J2012 / ISO 15031. This code is classified as Warning-level severity within the Powertrain category.,Powertrain,Generic,Warning
P0AC1,"Hybrid Battery Pack Current Sensor ""A"" Circuit Low",System: Hybrid/Electric Vehicle. Source: SAE J2012 / ISO 15031. This code is classified as Warning-level severity within the Powertrain category.,Powertrain,Generic,Warning
P0AC2,"Hybrid Battery Pack Current Sensor ""A"" Circuit High",System: Hybrid/Electric Vehicle. Source: SAE J2012 / ISO 15031. This code is classified as Warning-level severity within the Powertrain category.,Powertrain,Generic,Warning
P0AC3,"Hybrid Battery Pack Current Sensor ""A"" Circuit Intermittent/Erratic",System: Hybrid/Electric Vehicle. Source: SAE J2012 / ISO 15031. This code is classified as Warning-level severity within the Powertrain category.,Powertrain,Generic,Warning
P0AC4,Hybrid Powertrain Control Module Requested MIL Illumination,System: Hybrid/Electric Vehicle. Source: SAE J2012 / ISO 15031. This code is classified as Info-level severity within the Powertrain category.,Powertrain,Generic,Info
P0AC5,"Hybrid Battery Temperature Sensor ""B"" Circuit",System: Hybrid/Electric Vehicle. Source: SAE J2012 / ISO 15031. This code is classified as Info-level severity within the Powertrain category.,Powertrain,Generic,Info
P0AC6,"Hybrid Battery Temperature Sensor ""B"" Range/Performance",System: Hybrid/Electric Vehicle. Source: SAE J2012 / ISO 15031. This code is classified as Warning-level severity within the Powertrain category.,Powertrain,Generic,Warning
P0AC7,"Hybrid Battery Temperature Sensor ""B"" Circuit Low",System: Hybrid/Electric Vehicle. Source: SAE J2012 / ISO 15031. This code is classified as Warning-level severity within the Powertrain category.,Powertrain,Generic,Warning
P0AC8,"Hybrid Battery Temperature Sensor ""B"" Circuit High",System: Hybrid/Electric Vehicle. Source: SAE J2012 / ISO 15031. This code is classified as Warning-level severity within the Powertrain category.,Powertrain,Generic,Warning
P0AC9,"Hybrid Battery Temperature Sensor ""B"" Circuit Intermittent/Erratic",System: Hybrid/Electric Vehicle. Source: SAE J2012 / ISO 15031. This code is classified as Warning-level severity within the Powertrain category.,Powertrain,Generic,Warning
P0ACA,"Hybrid Battery Temperature Sensor ""C"" Circuit",System: Hybrid/Electric Vehicle. Source: SAE J2012 / ISO 15031. This code is classified as Info-level severity within the Powertrain category.,Powertrain,Generic,Info
P0ACB,"Hybrid Battery Temperature Sensor ""C"" Range/Performance",System: Hybrid/Electric Vehicle. Source: SAE J2012 / ISO 15031. This code is classified as Warning-level severity within the Powertrain category.,Powertrain,Generic,Warning
P0ACC,"Hybrid Battery Temperature Sensor ""C"" Circuit Low",System: Hybrid/Electric Vehicle. Source: SAE J2012 / ISO 15031. This code is classified as Warning-level severity within the Powertrain category.,Powertrain,Generic,Warning
P0ACD,"Hybrid Battery Temperature Sensor ""C"" Circuit High",System: Hybrid/Electric Vehicle. Source: SAE J2012 / ISO 15031. This code is classified as Warning-level severity within the Powertrain category.,Powertrain,Generic,Warning
P0ACE,"Hybrid Battery Temperature Sensor ""C"" Circuit Intermittent/Erratic",System: Hybrid/Electric Vehicle. Source: SAE J2012 / ISO 15031. This code is classified as Warning-level severity within the Powertrain category.,Powertrain,Generic,Warning
P0ACF,Hybrid Battery Pack Cooling Fan 3 Control Circuit/Open,System: Hybrid/Electric Vehicle. Source: SAE J2012 / ISO 15031. This code is classified as Critical-level severity within the Powertrain category.,Powertrain,Generic,Critical
P0AD0,Hybrid Battery Pack Cooling Fan 3 Performance/Stuck Off,System: Hybrid/Electric Vehicle. Source: SAE J2012 / ISO 15031. This code is classified as Critical-level severity within the Powertrain category.,Powertrain,Generic,Critical
P0AD1,Hybrid Battery Pack Cooling Fan 3 Stuck On,System: Hybrid/Electric Vehicle. Source: SAE J2012 / ISO 15031. This code is classified as Critical-level severity within the Powertrain category.,Powertrain,Generic,Critical
P0AD2,Hybrid Battery Pack Cooling Fan 3 Control Circuit Low,System: Hybrid/Electric Vehicle. Source: SAE J2012 / ISO 15031. This code is classified as Warning-level severity within the Powertrain category.,Powertrain,Generic,Warning
P0AD3,Hybrid Battery Pack Cooling Fan 3 Control Circuit High,System: Hybrid/Electric Vehicle. Source: SAE J2012 / ISO 15031. This code is classified as Warning-level severity within the Powertrain category.,Powertrain,Generic,Warning
P0AD4,Hybrid Battery Pack Air Flow System Insufficient Air Flow,System: Hybrid/Electric Vehicle. Source: SAE J2012 / ISO 15031. This code is classified as Warning-level severity within the Powertrain category.,Powertrain,Generic,Warning
P0AD5,"Hybrid Battery Pack Air Flow Valve ""A"" Control Circuit/Open",System: Hybrid/Electric Vehicle. Source: SAE J2012 / ISO 15031. This code is classified as Critical-level severity within the Powertrain category.,Powertrain,Generic,Critical
P0AD6,Range/Performance,System: Hybrid/Electric Vehicle. Source: SAE J2012 / ISO 15031. This code is classified as Warning-level severity within the Powertrain category.,Powertrain,Generic,Warning
P0AD7,"Hybrid Battery Pack Air Flow Valve ""A"" Control Circuit Low",System: Hybrid/Electric Vehicle. Source: SAE J2012 / ISO 15031. This code is classified as Warning-level severity within the Powertrain category.,Powertrain,Generic,Warning
P0AD8,"Hybrid Battery Pack Air Flow Valve ""A"" Control Circuit High",System: Hybrid/Electric Vehicle. Source: SAE J2012 / ISO 15031. This code is classified as Warning-level severity within the Powertrain category.,Powertrain,Generic,Warning
P0AD9,Hybrid Battery Positive Contactor Control Circuit/Open,System: Hybrid/Electric Vehicle. Source: SAE J2012 / ISO 15031. This code is classified as Critical-level severity within the Powertrain category.,Powertrain,Generic,Critical
P0ADA,Range/Performance,System: Hybrid/Electric Vehicle. Source: SAE J2012 / ISO 15031. This code is classified as Warning-level severity within the Powertrain category.,Powertrain,Generic,Warning
P0ADB,Hybrid Battery Positive Contactor Control Circuit Low,System: Hybrid/Electric Vehicle. Source: SAE J2012 / ISO 15031. This code is classified as Warning-level severity within the Powertrain category.,Powertrain,Generic,Warning
P0ADC,Hybrid Battery Positive Contactor Control Circuit High,System: Hybrid/Electric Vehicle. Source: SAE J2012 / ISO 15031. This code is classified as Warning-level severity within the Powertrain category.,Powertrain,Generic,Warning
P0ADD,Hybrid Battery Negative Contactor Control Circuit/Open,System: Hybrid/Electric Vehicle. Source: SAE J2012 / ISO 15031. This code is classified as Critical-level severity within the Powertrain category.,Powertrain,Generic,Critical
P0ADE,Range/Performance,System: Hybrid/Electric Vehicle. Source: SAE J2012 / ISO 15031. This code is classified as Warning-level severity within the Powertrain category.,Powertrain,Generic,Warning
P0ADF,Hybrid Battery Negative Contactor Control Circuit Low,System: Hybrid/Electric Vehicle. Source: SAE J2012 / ISO 15031. This code is classified as Warning-level severity within the Powertrain category.,Powertrain,Generic,Warning
P0AE0,Hybrid Battery Negative Contactor Control Circuit High,System: Hybrid/Electric Vehicle. Source: SAE J2012 / ISO 15031. This code is classified as Warning-level severity within the Powertrain category.,Powertrain,Generic,Warning
P0AE1,Hybrid Battery Precharge Contactor Circuit,System: Hybrid/Electric Vehicle. Source: SAE J2012 / ISO 15031. This code is classified as Info-level severity within the Powertrain category.,Powertrain,Generic,Info
P0AE2,Hybrid Battery Precharge Contactor Circuit Stuck Closed,System: Hybrid/Electric Vehicle. Source: SAE J2012 / ISO 15031. This code is classified as Critical-level severity within the Powertrain category.,Powertrain,Generic,Critical
P0AE3,Hybrid Battery Precharge Contactor Circuit Stuck Open,System: Hybrid/Electric Vehicle. Source: SAE J2012 / ISO 15031. This code is classified as Critical-level severity within the Powertrain category.,Powertrain,Generic,Critical
P0AE4,Hybrid Battery Precharge Contactor Control Circuit,System: Hybrid/Electric Vehicle. Source: SAE J2012 / ISO 15031. This code is classified as Info-level severity within the Powertrain category.,Powertrain,Generic,Info
P0AE5,Range/Performance,System: Hybrid/Electric Vehicle. Source: SAE J2012 / ISO 15031. This code is classified as Warning-level severity within the Powertrain category.,Powertrain,Generic,Warning
P0AE6,Hybrid Battery Precharge Contactor Control Circuit Low,System: Hybrid/Electric Vehicle. Source: SAE J2012 / ISO 15031. This code is classified as Warning-level severity within the Powertrain category.,Powertrain,Generic,Warning
P0AE7,Hybrid Battery Precharge Contactor Control Circuit High,System: Hybrid/Electric Vehicle. Source: SAE J2012 / ISO 15031. This code is classified as Warning-level severity within the Powertrain category.,Powertrain,Generic,Warning
P0AE8,"Hybrid Battery Temperature Sensor ""D"" Circuit",System: Hybrid/Electric Vehicle. Source: SAE J2012 / ISO 15031. This code is classified as Info-level severity within the Powertrain category.,Powertrain,Generic,Info
P0AE9,"Hybrid Battery Temperature Sensor ""D"" Range/Performance",System: Hybrid/Electric Vehicle. Source: SAE J2012 / ISO 15031. This code is classified as Warning-level severity within the Powertrain category.,Powertrain,Generic,Warning
P0AEA,"Hybrid Battery Temperature Sensor ""D"" Circuit Low",System: Hybrid/Electric Vehicle. Source: SAE J2012 / ISO 15031. This code is classified as Warning-level severity within the Powertrain category.,Powertrain,Generic,Warning
P0AEB,"Hybrid Battery Temperature Sensor ""D"" Circuit High",System: Hybrid/Electric Vehicle. Source: SAE J2012 / ISO 15031. This code is classified as Warning-level severity within the Powertrain category.,Powertrain,Generic,Warning
P0AEC,"Hybrid Battery Temperature Sensor ""D"" Circuit Intermittent/Erratic",System: Hybrid/Electric Vehicle. Source: SAE J2012 / ISO 15031. This code is classified as Warning-level severity within the Powertrain category.,Powertrain,Generic,Warning
P0AED,"Drive Motor Inverter Temperature Sensor ""A"" Circuit",System: Hybrid/Electric Vehicle. Source: SAE J2012 / ISO 15031. This code is classified as Info-level severity within the Powertrain category.,Powertrain,Generic,Info
P0AEE,Range/Performance,System: Hybrid/Electric Vehicle. Source: SAE J2012 / ISO 15031. This code is classified as Warning-level severity within the Powertrain category.,Powertrain,Generic,Warning
P0AEF,"Drive Motor Inverter Temperature Sensor ""A"" Circuit Low",System: Hybrid/Electric Vehicle. Source: SAE J2012 / ISO 15031. This code is classified as Warning-level severity within the Powertrain category.,Powertrain,Generic,Warning
P0AF0,"Drive Motor Inverter Temperature Sensor ""A"" Circuit High",System: Hybrid/Electric Vehicle. Source: SAE J2012 / ISO 15031. This code is classified as Warning-level severity within the Powertrain category.,Powertrain,Generic,Warning
P0AF1,Intermittent/Erratic,System: Hybrid/Electric Vehicle. Source: SAE J2012 / ISO 15031. This code is classified as Warning-level severity within the Powertrain category.,Powertrain,Generic,Warning
P0AF2,"Drive Motor Inverter Temperature Sensor ""B"" Circuit",System: Hybrid/Electric Vehicle. Source: SAE J2012 / ISO 15031. This code is classified as Info-level severity within the Powertrain category.,Powertrain,Generic,Info
P0AF3,Range/Performance,System: Hybrid/Electric Vehicle. Source: SAE J2012 / ISO 15031. This code is classified as Warning-level severity within the Powertrain category.,Powertrain,Generic,Warning
P0AF4,"Drive Motor Inverter Temperature Sensor ""B"" Circuit Low",System: Hybrid/Electric Vehicle. Source: SAE J2012 / ISO 15031. This code is classified as Warning-level severity within the Powertrain category.,Powertrain,Generic,Warning
P0AF5,"Drive Motor Inverter Temperature Sensor ""B"" Circuit High",System: Hybrid/Electric Vehicle. Source: SAE J2012 / ISO 15031. This code is classified as Warning-level severity within the Powertrain category.,Powertrain,Generic,Warning
P0AF6,Intermittent/Erratic,System: Hybrid/Electric Vehicle. Source: SAE J2012 / ISO 15031. This code is classified as Warning-level severity within the Powertrain category.,Powertrain,Generic,Warning
P0AF7,14 Volt Power Module Internal Temperature Too High,System: Hybrid/Electric Vehicle. Source: SAE J2012 / ISO 15031. This code is classified as Warning-level severity within the Powertrain category.,Powertrain,Generic,Warning
P0AF8,Hybrid Battery System Voltage,System: Hybrid/Electric Vehicle. Source: SAE J2012 / ISO 15031. This code is classified as Info-level severity within the Powertrain category.,Powertrain,Generic,Info
P0AF9,Hybrid Battery System Voltage Unstable,System: Hybrid/Electric Vehicle. Source: SAE J2012 / ISO 15031. This code is classified as Warning-level severity within the Powertrain category.,Powertrain,Generic,Warning
P0AFA,Hybrid Battery System Voltage Low,System: Hybrid/Electric Vehicle. Source: SAE J2012 / ISO 15031. This code is classified as Warning-level severity within the Powertrain category.,Powertrain,Generic,Warning
P0AFB,Hybrid Battery System Voltage High,System: Hybrid/Electric Vehicle. Source: SAE J2012 / ISO 15031. This code is classified as Warning-level severity within the Powertrain category.,Powertrain,Generic,Warning
P0AFC,Hybrid Battery Pack Sensor Module,System: Hybrid/Electric Vehicle. Source: SAE J2012 / ISO 15031. This code is classified as Info-level severity within the Powertrain category.,Powertrain,Generic,Info
P0AFD,Hybrid Battery Pack Temperature Too Low,System: Hybrid/Electric Vehicle. Source: SAE J2012 / ISO 15031. This code is classified as Warning-level severity within the Powertrain category.,Powertrain,Generic,Warning
P0AFE,Conversion,System: Hybrid/Electric Vehicle. Source: SAE J2012 / ISO 15031. This code is classified as Info-level severity within the Powertrain category.,Powertrain,Generic,Info
P0AFF,System Voltage Too Low for Voltage Step Down Conversion,System: Hybrid/Electric Vehicle. Source: SAE J2012 / ISO 15031. This code is classified as Warning-level severity within the Powertrain category.,Powertrain,Generic,Warning
P0B00,AUXILIARY Transmission Fluid Pump Motor Phase U Current,System: Hybrid/Electric Vehicle. Source: SAE J2012 / ISO 15031. This code is classified as Info-level severity within the Powertrain category.,Powertrain,Generic,Info
P0B01,AUXILIARY Transmission Fluid Pump Motor Phase U Current Low,System: Hybrid/Electric Vehicle. Source: SAE J2012 / ISO 15031. This code is classified as Warning-level severity within the Powertrain category.,Powertrain,Generic,Warning
P0B02,AUXILIARY Transmission Fluid Pump Motor Phase U Current High,System: Hybrid/Electric Vehicle. Source: SAE J2012 / ISO 15031. This code is classified as Warning-level severity within the Powertrain category.,Powertrain,Generic,Warning
P0B03,AUXILIARY Transmission Fluid Pump Motor Phase V Current,System: Hybrid/Electric Vehicle. Source: SAE J2012 / ISO 15031. This code is classified as Info-level severity within the Powertrain category.,Powertrain,Generic,Info
P0B04,AUXILIARY Transmission Fluid Pump Motor Phase V Current Low,System: Hybrid/Electric Vehicle. Source: SAE J2012 / ISO 15031. This code is classified as Warning-level severity within the Powertrain category.,Powertrain,Generic,Warning
P0B05,AUXILIARY Transmission Fluid Pump Motor Phase V Current High,System: Hybrid/Electric Vehicle. Source: SAE J2012 / ISO 15031. This code is classified as Warning-level severity within the Powertrain category.,Powertrain,Generic,Warning
P0B06,AUXILIARY Transmission Fluid Pump Motor Phase W Current,System: Hybrid/Electric Vehicle. Source: SAE J2012 / ISO 15031. This code is classified as Info-level severity within the Powertrain category.,Powertrain,Generic,Info
P0B07,AUXILIARY Transmission Fluid Pump Motor Phase W Current Low,System: Hybrid/Electric Vehicle. Source: SAE J2012 / ISO 15031. This code is classified as Warning-level severity within the Powertrain category.,Powertrain,Generic,Warning
P0B08,AUXILIARY Transmission Fluid Pump Motor Phase W Current High,System: Hybrid/Electric Vehicle. Source: SAE J2012 / ISO 15031. This code is classified as Warning-level severity within the Powertrain category.,Powertrain,Generic,Warning
P0B09,AUXILIARY Transmission Fluid Pump Motor Supply Voltage,System: Hybrid/Electric Vehicle. Source: SAE J2012 / ISO 15031. This code is classified as Info-level severity within the Powertrain category.,Powertrain,Generic,Info
P0B0A,AUXILIARY Transmission Fluid Pump Motor Supply Voltage Circuit,System: Hybrid/Electric Vehicle. Source: SAE J2012 / ISO 15031. This code is classified as Info-level severity within the Powertrain category.,Powertrain,Generic,Info
P0B0B,AUXILIARY Transmission Fluid Pump Motor Supply Voltage Circuit,System: Hybrid/Electric Vehicle. Source: SAE J2012 / ISO 15031. This code is classified as Info-level severity within the Powertrain category.,Powertrain,Generic,Info
P0B0C,AUXILIARY Transmission Fluid Pump Hydraulic Leakage,System: Hybrid/Electric Vehicle. Source: SAE J2012 / ISO 15031. This code is classified as Critical-level severity within the Powertrain category.,Powertrain,Generic,Critical
P0B0D,AUXILIARY Transmission Fluid Pump Motor Control Module,System: Hybrid/Electric Vehicle. Source: SAE J2012 / ISO 15031. This code is classified as Info-level severity within the Powertrain category.,Powertrain,Generic,Info
P0B0E,"Hybrid Battery Pack Current Sensor ""B"" Circuit",System: Hybrid/Electric Vehicle. Source: SAE J2012 / ISO 15031. This code is classified as Info-level severity within the Powertrain category.,Powertrain,Generic,Info
P0B0F,"Hybrid Battery Pack Current Sensor ""B"" Circuit Range/Performance",System: Hybrid/Electric Vehicle. Source: SAE J2012 / ISO 15031. This code is classified as Warning-level severity within the Powertrain category.,Powertrain,Generic,Warning
P0B10,"Hybrid Battery Pack Current Sensor ""B"" Circuit Low",System: Hybrid/Electric Vehicle. Source: SAE J2012 / ISO 15031. This code is classified as Warning-level severity within the Powertrain category.,Powertrain,Generic,Warning
P0B11,"Hybrid Battery Pack Current Sensor ""B"" Circuit High",System: Hybrid/Electric Vehicle. Source: SAE J2012 / ISO 15031. This code is classified as Warning-level severity within the Powertrain category.,Powertrain,Generic,Warning
P0B12,"Hybrid Battery Pack Current Sensor ""B"" Circuit Intermittent/Erratic",System: Hybrid/Electric Vehicle. Source: SAE J2012 / ISO 15031. This code is classified as Warning-level severity within the Powertrain category.,Powertrain,Generic,Warning
P0B13,"Hybrid Battery Pack Current Sensor ""A""/""B"" Correlation",System: Hybrid/Electric Vehicle. Source: SAE J2012 / ISO 15031. This code is classified as Warning-level severity within the Powertrain category.,Powertrain,Generic,Warning
P0B14,"Hybrid Battery Pack Voltage Sense ""B"" Circuit",System: Hybrid/Electric Vehicle. Source: SAE J2012 / ISO 15031. This code is classified as Info-level severity within the Powertrain category.,Powertrain,Generic,Info
P0B15,"Hybrid Battery Pack Voltage Sense ""B"" Circuit Range/Performance",System: Hybrid/Electric Vehicle. Source: SAE J2012 / ISO 15031. This code is classified as Warning-level severity within the Powertrain category.,Powertrain,Generic,Warning
P0B16,"Hybrid Battery Pack Voltage Sense ""B"" Circuit Low",System: Hybrid/Electric Vehicle. Source: SAE J2012 / ISO 15031. This code is classified as Warning-level severity within the Powertrain category.,Powertrain,Generic,Warning
P0B17,"Hybrid Battery Pack Voltage Sense ""B"" Circuit High",System: Hybrid/Electric Vehicle. Source: SAE J2012 / ISO 15031. This code is classified as Warning-level severity within the Powertrain category.,Powertrain,Generic,Warning
P0B18,"Hybrid Battery Pack Voltage Sense ""B"" Circuit Intermittent/Erratic",System: Hybrid/Electric Vehicle. Source: SAE J2012 / ISO 15031. This code is classified as Warning-level severity within the Powertrain category.,Powertrain,Generic,Warning
P0B19,"Hybrid Battery Pack Voltage Sense ""C"" Circuit",System: Hybrid/Electric Vehicle. Source: SAE J2012 / ISO 15031. This code is classified as Info-level severity within the Powertrain category.,Powertrain,Generic,Info
P0B1A,"Hybrid Battery Pack Voltage Sense ""C"" Circuit Range/Performance",System: Hybrid/Electric Vehicle. Source: SAE J2012 / ISO 15031. This code is classified as Warning-level severity within the Powertrain category.,Powertrain,Generic,Warning
P0B1B,"Hybrid Battery Pack Voltage Sense ""C"" Circuit Low",System: Hybrid/Electric Vehicle. Source: SAE J2012 / ISO 15031. This code is classified as Warning-level severity within the Powertrain category.,Powertrain,Generic,Warning
P0B1C,"Hybrid Battery Pack Voltage Sense ""C"" Circuit High",System: Hybrid/Electric Vehicle. Source: SAE J2012 / ISO 15031. This code is classified as Warning-level severity within the Powertrain category.,Powertrain,Generic,Warning
P0B1D,"Hybrid Battery Pack Voltage Sense ""C"" Circuit Intermittent/Erratic",System: Hybrid/Electric Vehicle. Source: SAE J2012 / ISO 15031. This code is classified as Warning-level severity within the Powertrain category.,Powertrain,Generic,Warning
P0B1E,"Hybrid Battery Pack Voltage Sense ""D"" Circuit",System: Hybrid/Electric Vehicle. Source: SAE J2012 / ISO 15031. This code is classified as Info-level severity within the Powertrain category.,Powertrain,Generic,Info
P0B1F,"Hybrid Battery Pack Voltage Sense ""D"" Circuit Range/Performance",System: Hybrid/Electric Vehicle. Source: SAE J2012 / ISO 15031. This code is classified as Warning-level severity within the Powertrain category.,Powertrain,Generic,Warning
P0B20,"Hybrid Battery Pack Voltage Sense ""D"" Circuit Low",System: Hybrid/Electric Vehicle. Source: SAE J2012 / ISO 15031. This code is classified as Warning-level severity within the Powertrain category.,Powertrain,Generic,Warning
P0B21,"Hybrid Battery Pack Voltage Sense ""D"" Circuit High",System: Hybrid/Electric Vehicle. Source: SAE J2012 / ISO 15031. This code is classified as Warning-level severity within the Powertrain category.,Powertrain,Generic,Warning
P0B22,"Hybrid Battery Pack Voltage Sense ""D"" Circuit Intermittent/Erratic",System: Hybrid/Electric Vehicle. Source: SAE J2012 / ISO 15031. This code is classified as Warning-level severity within the Powertrain category.,Powertrain,Generic,Warning
P0B23,"Hybrid Battery ""A"" Voltage",System: Hybrid/Electric Vehicle. Source: SAE J2012 / ISO 15031. This code is classified as Info-level severity within the Powertrain category.,Powertrain,Generic,Info
P0B24,"Hybrid Battery ""A"" Voltage Unstable",System: Hybrid/Electric Vehicle. Source: SAE J2012 / ISO 15031. This code is classified as Warning-level severity within the Powertrain category.,Powertrain,Generic,Warning
P0B25,"Hybrid Battery ""A"" Voltage Low",System: Hybrid/Electric Vehicle. Source: SAE J2012 / ISO 15031. This code is classified as Warning-level severity within the Powertrain category.,Powertrain,Generic,Warning
P0B26,"Hybrid Battery ""A"" Voltage High",System: Hybrid/Electric Vehicle. Source: SAE J2012 / ISO 15031. This code is classified as Warning-level severity within the Powertrain category.,Powertrain,Generic,Warning
P0B27,"Hybrid Battery ""B"" Voltage",System: Hybrid/Electric Vehicle. Source: SAE J2012 / ISO 15031. This code is classified as Info-level severity within the Powertrain category.,Powertrain,Generic,Info
P0B28,"Hybrid Battery ""B"" Voltage Unstable",System: Hybrid/Electric Vehicle. Source: SAE J2012 / ISO 15031. This code is classified as Warning-level severity within the Powertrain category.,Powertrain,Generic,Warning
P0B29,"Hybrid Battery ""B"" Voltage Low",System: Hybrid/Electric Vehicle. Source: SAE J2012 / ISO 15031. This code is classified as Warning-level severity within the Powertrain category.,Powertrain,Generic,Warning
P0B2A,"Hybrid Battery ""B"" Voltage High",System: Hybrid/Electric Vehicle. Source: SAE J2012 / ISO 15031. This code is classified as Warning-level severity within the Powertrain category.,Powertrain,Generic,Warning
P0B2B,"Hybrid Battery ""C"" Voltage",System: Hybrid/Electric Vehicle. Source: SAE J2012 / ISO 15031. This code is classified as Info-level severity within the Powertrain category.,Powertrain,Generic,Info
P0B2C,"Hybrid Battery ""C"" Voltage Unstable",System: Hybrid/Electric Vehicle. Source: SAE J2012 / ISO 15031. This code is classified as Warning-level severity within the Powertrain category.,Powertrain,Generic,Warning
P0B2D,"Hybrid Battery ""C"" Voltage Low",System: Hybrid/Electric Vehicle. Source: SAE J2012 / ISO 15031. This code is classified as Warning-level severity within the Powertrain category.,Powertrain,Generic,Warning
P0B2E,"Hybrid Battery ""C"" Voltage High",System: Hybrid/Electric Vehicle. Source: SAE J2012 / ISO 15031. This code is classified as Warning-level severity within the Powertrain category.,Powertrain,Generic,Warning
P0B2F,"Hybrid Battery ""D"" Voltage",System: Hybrid/Electric Vehicle. Source: SAE J2012 / ISO 15031. This code is classified as Info-level severity within the Powertrain category.,Powertrain,Generic,Info
P0B30,"Hybrid Battery ""D"" Voltage Unstable",System: Hybrid/Electric Vehicle. Source: SAE J2012 / ISO 15031. This code is classified as Warning-level severity within the Powertrain category.,Powertrain,Generic,Warning
P0B31,"Hybrid Battery ""D"" Voltage Low",System: Hybrid/Electric Vehicle. Source: SAE J2012 / ISO 15031. This code is classified as Warning-level severity within the Powertrain category.,Powertrain,Generic,Warning
P0B32,"Hybrid Battery ""D"" Voltage High",System: Hybrid/Electric Vehicle. Source: SAE J2012 / ISO 15031. This code is classified as Warning-level severity within the Powertrain category.,Powertrain,Generic,Warning
P0B33,High Voltage Service Disconnect Circuit,System: Hybrid/Electric Vehicle. Source: SAE J2012 / ISO 15031. This code is classified as Warning-level severity within the Powertrain category.,Powertrain,Generic,Warning
P0B34,High Voltage Service Disconnect Circuit Performance,System: Hybrid/Electric Vehicle. Source: SAE J2012 / ISO 15031. This code is classified as Warning-level severity within the Powertrain category.,Powertrain,Generic,Warning
P0B35,High Voltage Service Disconnect Circuit Low,System: Hybrid/Electric Vehicle. Source: SAE J2012 / ISO 15031. This code is classified as Warning-level severity within the Powertrain category.,Powertrain,Generic,Warning
P0B36,High Voltage Service Disconnect Circuit High,System: Hybrid/Electric Vehicle. Source: SAE J2012 / ISO 15031. This code is classified as Warning-level severity within the Powertrain category.,Powertrain,Generic,Warning
P0B37,High Voltage Service Disconnect Open,System: Hybrid/Electric Vehicle. Source: SAE J2012 / ISO 15031. This code is classified as Critical-level severity within the Powertrain category.,Powertrain,Generic,Critical
P0B38,"Motor Electronics Coolant Pump ""B"" Control Circuit/Open",System: Hybrid/Electric Vehicle. Source: SAE J2012 / ISO 15031. This code is classified as Critical-level severity within the Powertrain category.,Powertrain,Generic,Critical
P0B39,"Motor Electronics Coolant Pump ""B"" Control Circuit Low",System: Hybrid/Electric Vehicle. Source: SAE J2012 / ISO 15031. This code is classified as Warning-level severity within the Powertrain category.,Powertrain,Generic,Warning
P0B3A,"Motor Electronics Coolant Pump ""B"" Control Circuit High",System: Hybrid/Electric Vehicle. Source: SAE J2012 / ISO 15031. This code is classified as Warning-level severity within the Powertrain category.,Powertrain,Generic,Warning
P0B3B,"Hybrid Battery Voltage Sense ""A"" Circuit",System: Hybrid/Electric Vehicle. Source: SAE J2012 / ISO 15031. This code is classified as Info-level severity within the Powertrain category.,Powertrain,Generic,Info
P0B3C,"Hybrid Battery Voltage Sense ""A"" Circuit Range/Performance",System: Hybrid/Electric Vehicle. Source: SAE J2012 / ISO 15031. This code is classified as Warning-level severity within the Powertrain category.,Powertrain,Generic,Warning
P0B3D,"Hybrid Battery Voltage Sense ""A"" Circuit Low",System: Hybrid/Electric Vehicle. Source: SAE J2012 / ISO 15031. This code is classified as Warning-level severity within the Powertrain category.,Powertrain,Generic,Warning
P0B3E,"Hybrid Battery Voltage Sense ""A"" Circuit High",System: Hybrid/Electric Vehicle. Source: SAE J2012 / ISO 15031. This code is classified as Warning-level severity within the Powertrain category.,Powertrain,Generic,Warning
P0B3F,"Hybrid Battery Voltage Sense ""A"" Circuit Intermittent/Erratic",System: Hybrid/Electric Vehicle. Source: SAE J2012 / ISO 15031. This code is classified as Warning-level severity within the Powertrain category.,Powertrain,Generic,Warning
P0B40,"Hybrid Battery Voltage Sense ""B"" Circuit",System: Hybrid/Electric Vehicle. Source: SAE J2012 / ISO 15031. This code is classified as Info-level severity within the Powertrain category.,Powertrain,Generic,Info
P0B41,"Hybrid Battery Voltage Sense ""B"" Circuit Range/Performance",System: Hybrid/Electric Vehicle. Source: SAE J2012 / ISO 15031. This code is classified as Warning-level severity within the Powertrain category.,Powertrain,Generic,Warning
P0B42,"Hybrid Battery Voltage Sense ""B"" Circuit Low",System: Hybrid/Electric Vehicle. Source: SAE J2012 / ISO 15031. This code is classified as Warning-level severity within the Powertrain category.,Powertrain,Generic,Warning
P0B43,"Hybrid Battery Voltage Sense ""B"" Circuit High",System: Hybrid/Electric Vehicle. Source: SAE J2012 / ISO 15031. This code is classified as Warning-level severity within the Powertrain category.,Powertrain,Generic,Warning
P0B44,"Hybrid Battery Voltage Sense ""B"" Circuit Intermittent/Erratic",System: Hybrid/Electric Vehicle. Source: SAE J2012 / ISO 15031. This code is classified as Warning-level severity within the Powertrain category.,Powertrain,Generic,Warning
P0B45,"Hybrid Battery Voltage Sense ""C"" Circuit",System: Hybrid/Electric Vehicle. Source: SAE J2012 / ISO 15031. This code is classified as Info-level severity within the Powertrain category.,Powertrain,Generic,Info
P0B46,"Hybrid Battery Voltage Sense ""C"" Circuit Range/Performance",System: Hybrid/Electric Vehicle. Source: SAE J2012 / ISO 15031. This code is classified as Warning-level severity within the Powertrain category.,Powertrain,Generic,Warning
P0B47,"Hybrid Battery Voltage Sense ""C"" Circuit Low",System: Hybrid/Electric Vehicle. Source: SAE J2012 / ISO 15031. This code is classified as Warning-level severity within the Powertrain category.,Powertrain,Generic,Warning
P0B48,"Hybrid Battery Voltage Sense ""C"" Circuit High",System: Hybrid/Electric Vehicle. Source: SAE J2012 / ISO 15031. This code is classified as Warning-level severity within the Powertrain category.,Powertrain,Generic,Warning
P0B49,"Hybrid Battery Voltage Sense ""C"" Circuit Intermittent/Erratic",System: Hybrid/Electric Vehicle. Source: SAE J2012 / ISO 15031. This code is classified as Warning-level severity within the Powertrain category.,Powertrain,Generic,Warning
P0B4A,"Hybrid Battery Voltage Sense ""D"" Circuit",System: Hybrid/Electric Vehicle. Source: SAE J2012 / ISO 15031. This code is classified as Info-level severity within the Powertrain category.,Powertrain,Generic,Info
P0B4B,"Hybrid Battery Voltage Sense ""D"" Circuit Range/Performance",System: Hybrid/Electric Vehicle. Source: SAE J2012 / ISO 15031. This code is classified as Warning-level severity within the Powertrain category.,Powertrain,Generic,Warning
P0B4C,"Hybrid Battery Voltage Sense ""D"" Circuit Low",System: Hybrid/Electric Vehicle. Source: SAE J2012 / ISO 15031. This code is classified as Warning-level severity within the Powertrain category.,Powertrain,Generic,Warning
P0B4D,"Hybrid Battery Voltage Sense ""D"" Circuit High",System: Hybrid/Electric Vehicle. Source: SAE J2012 / ISO 15031. This code is classified as Warning-level severity within the Powertrain category.,Powertrain,Generic,Warning
P0B4E,"Hybrid Battery Voltage Sense ""D"" Circuit Intermittent/Erratic",System: Hybrid/Electric Vehicle. Source: SAE J2012 / ISO 15031. This code is classified as Warning-level severity within the Powertrain category.,Powertrain,Generic,Warning
P0B4F,"Hybrid Battery Voltage Sense ""E"" Circuit",System: Hybrid/Electric Vehicle. Source: SAE J2012 / ISO 15031. This code is classified as Info-level severity within the Powertrain category.,Powertrain,Generic,Info
P0B50,"Hybrid Battery Voltage Sense ""E"" Circuit Range/Performance",System: Hybrid/Electric Vehicle. Source: SAE J2012 / ISO 15031. This code is classified as Warning-level severity within the Powertrain category.,Powertrain,Generic,Warning
P0B51,"Hybrid Battery Voltage Sense ""E"" Circuit Low",System: Hybrid/Electric Vehicle. Source: SAE J2012 / ISO 15031. This code is classified as Warning-level severity within the Powertrain category.,Powertrain,Generic,Warning
P0B52,"Hybrid Battery Voltage Sense ""E"" Circuit High",System: Hybrid/Electric Vehicle. Source: SAE J2012 / ISO 15031. This code is classified as Warning-level severity within the Powertrain category.,Powertrain,Generic,Warning
P0B53,"Hybrid Battery Voltage Sense ""E"" Circuit Intermittent/Erratic",System: Hybrid/Electric Vehicle. Source: SAE J2012 / ISO 15031. This code is classified as Warning-level severity within the Powertrain category.,Powertrain,Generic,Warning
P0B54,"Hybrid Battery Voltage Sense ""F"" Circuit",System: Hybrid/Electric Vehicle. Source: SAE J2012 / ISO 15031. This code is classified as Info-level severity within the Powertrain category.,Powertrain,Generic,Info
P0B55,"Hybrid Battery Voltage Sense ""F"" Circuit Range/Performance",System: Hybrid/Electric Vehicle. Source: SAE J2012 / ISO 15031. This code is classified as Warning-level severity within the Powertrain category.,Powertrain,Generic,Warning
P0B56,"Hybrid Battery Voltage Sense ""F"" Circuit Low",System: Hybrid/Electric Vehicle. Source: SAE J2012 / ISO 15031. This code is classified as Warning-level severity within the Powertrain category.,Powertrain,Generic,Warning
P0B57,"Hybrid Battery Voltage Sense ""F"" Circuit High",System: Hybrid/Electric Vehicle. Source: SAE J2012 / ISO 15031. This code is classified as Warning-level severity within the Powertrain category.,Powertrain,Generic,Warning
P0B58,"Hybrid Battery Voltage Sense ""F"" Circuit Intermittent/Erratic",System: Hybrid/Electric Vehicle. Source: SAE J2012 / ISO 15031. This code is classified as Warning-level severity within the Powertrain category.,Powertrain,Generic,Warning
P0B59,"Hybrid Battery Voltage Sense ""G"" Circuit",System: Hybrid/Electric Vehicle. Source: SAE J2012 / ISO 15031. This code is classified as Info-level severity within the Powertrain category.,Powertrain,Generic,Info
P0B5A,"Hybrid Battery Voltage Sense ""G"" Circuit Range/Performance",System: Hybrid/Electric Vehicle. Source: SAE J2012 / ISO 15031. This code is classified as Warning-level severity within the Powertrain category.,Powertrain,Generic,Warning
P0B5B,"Hybrid Battery Voltage Sense ""G"" Circuit Low",System: Hybrid/Electric Vehicle. Source: SAE J2012 / ISO 15031. This code is classified as Warning-level severity within the Powertrain category.,Powertrain,Generic,Warning
P0B5C,"Hybrid Battery Voltage Sense ""G"" Circuit High",System: Hybrid/Electric Vehicle. Source: SAE J2012 / ISO 15031. This code is classified as Warning-level severity within the Powertrain category.,Powertrain,Generic,Warning
P0B5D,"Hybrid Battery Voltage Sense ""G"" Circuit Intermittent/Erratic",System: Hybrid/Electric Vehicle. Source: SAE J2012 / ISO 15031. This code is classified as Warning-level severity within the Powertrain category.,Powertrain,Generic,Warning
P0B5E,"Hybrid Battery Voltage Sense ""H"" Circuit",System: Hybrid/Electric Vehicle. Source: SAE J2012 / ISO 15031. This code is classified as Info-level severity within the Powertrain category.,Powertrain,Generic,Info
P0B5F,"Hybrid Battery Voltage Sense ""H"" Circuit Range/Performance",System: Hybrid/Electric Vehicle. Source: SAE J2012 / ISO 15031. This code is classified as Warning-level severity within the Powertrain category.,Powertrain,Generic,Warning
P0B60,"Hybrid Battery Voltage Sense ""H"" Circuit Low",System: Hybrid/Electric Vehicle. Source: SAE J2012 / ISO 15031. This code is classified as Warning-level severity within the Powertrain category.,Powertrain,Generic,Warning
P0B61,"Hybrid Battery Voltage Sense ""H"" Circuit High",System: Hybrid/Electric Vehicle. Source: SAE J2012 / ISO 15031. This code is classified as Warning-level severity within the Powertrain category.,Powertrain,Generic,Warning
P0B62,"Hybrid Battery Voltage Sense ""H"" Circuit Intermittent/Erratic",System: Hybrid/Electric Vehicle. Source: SAE J2012 / ISO 15031. This code is classified as Warning-level severity within the Powertrain category.,Powertrain,Generic,Warning
P0B63,"Hybrid Battery Voltage Sense ""I"" Circuit",System: Hybrid/Electric Vehicle. Source: SAE J2012 / ISO 15031. This code is classified as Info-level severity within the Powertrain category.,Powertrain,Generic,Info
P0B64,"Hybrid Battery Voltage Sense ""I"" Circuit Range/Performance",System: Hybrid/Electric Vehicle. Source: SAE J2012 / ISO 15031. This code is classified as Warning-level severity within the Powertrain category.,Powertrain,Generic,Warning
P0B65,"Hybrid Battery Voltage Sense ""I"" Circuit Low",System: Hybrid/Electric Vehicle. Source: SAE J2012 / ISO 15031. This code is classified as Warning-level severity within the Powertrain category.,Powertrain,Generic,Warning
P0B66,"Hybrid Battery Voltage Sense ""I"" Circuit High",System: Hybrid/Electric Vehicle. Source: SAE J2012 / ISO 15031. This code is classified as Warning-level severity within the Powertrain category.,Powertrain,Generic,Warning
P0B67,"Hybrid Battery Voltage Sense ""I"" Circuit Intermittent/Erratic",System: Hybrid/Electric Vehicle. Source: SAE J2012 / ISO 15031. This code is classified as Warning-level severity within the Powertrain category.,Powertrain,Generic,Warning
P0B68,"Hybrid Battery Voltage Sense ""J"" Circuit",System: Hybrid/Electric Vehicle. Source: SAE J2012 / ISO 15031. This code is classified as Info-level severity within the Powertrain category.,Powertrain,Generic,Info
P0B69,"Hybrid Battery Voltage Sense ""J"" Circuit Range/Performance",System: Hybrid/Electric Vehicle. Source: SAE J2012 / ISO 15031. This code is classified as Warning-level severity within the Powertrain category.,Powertrain,Generic,Warning
P0B6A,"Hybrid Battery Voltage Sense ""J"" Circuit Low",System: Hybrid/Electric Vehicle. Source: SAE J2012 / ISO 15031. This code is classified as Warning-level severity within the Powertrain category.,Powertrain,Generic,Warning
P0B6B,"Hybrid Battery Voltage Sense ""J"" Circuit High",System: Hybrid/Electric Vehicle. Source: SAE J2012 / ISO 15031. This code is classified as Warning-level severity within the Powertrain category.,Powertrain,Generic,Warning
P0B6C,"Hybrid Battery Voltage Sense ""J"" Circuit Intermittent/Erratic",System: Hybrid/Electric Vehicle. Source: SAE J2012 / ISO 15031. This code is classified as Warning-level severity within the Powertrain category.,Powertrain,Generic,Warning
P0B6D,"Hybrid Battery Voltage Sense ""K"" Circuit",System: Hybrid/Electric Vehicle. Source: SAE J2012 / ISO 15031. This code is classified as Info-level severity within the Powertrain category.,Powertrain,Generic,Info
P0B6E,"Hybrid Battery Voltage Sense ""K"" Circuit Range/Performance",System: Hybrid/Electric Vehicle. Source: SAE J2012 / ISO 15031. This code is classified as Warning-level severity within the Powertrain category.,Powertrain,Generic,Warning
P0B6F,"Hybrid Battery Voltage Sense ""K"" Circuit Low",System: Hybrid/Electric Vehicle. Source: SAE J2012 / ISO 15031. This code is classified as Warning-level severity within the Powertrain category.,Powertrain,Generic,Warning
P0B70,"Hybrid Battery Voltage Sense ""K"" Circuit High",System: Hybrid/Electric Vehicle. Source: SAE J2012 / ISO 15031. This code is classified as Warning-level severity within the Powertrain category.,Powertrain,Generic,Warning
P0B71,"Hybrid Battery Voltage Sense ""K"" Circuit Intermittent/Erratic",System: Hybrid/Electric Vehicle. Source: SAE J2012 / ISO 15031. This code is classified as Warning-level severity within the Powertrain category.,Powertrain,Generic,Warning
P0B72,"Hybrid Battery Voltage Sense ""L"" Circuit",System: Hybrid/Electric Vehicle. Source: SAE J2012 / ISO 15031. This code is classified as Info-level severity within the Powertrain category.,Powertrain,Generic,Info
P0B73,"Hybrid Battery Voltage Sense ""L"" Circuit Range/Performance",System: Hybrid/Electric Vehicle. Source: SAE J2012 / ISO 15031. This code is classified as Warning-level severity within the Powertrain category.,Powertrain,Generic,Warning
P0B74,"Hybrid Battery Voltage Sense ""L"" Circuit Low",System: Hybrid/Electric Vehicle. Source: SAE J2012 / ISO 15031. This code is classified as Warning-level severity within the Powertrain category.,Powertrain,Generic,Warning
P0B75,"Hybrid Battery Voltage Sense ""L"" Circuit High",System: Hybrid/Electric Vehicle. Source: SAE J2012 / ISO 15031. This code is classified as Warning-level severity within the Powertrain category.,Powertrain,Generic,Warning
P0B76,"Hybrid Battery Voltage Sense ""L"" Circuit Intermittent/Erratic",System: Hybrid/Electric Vehicle. Source: SAE J2012 / ISO 15031. This code is classified as Warning-level severity within the Powertrain category.,Powertrain,Generic,Warning
P0B77,"Hybrid Battery Voltage Sense ""M"" Circuit",System: Hybrid/Electric Vehicle. Source: SAE J2012 / ISO 15031. This code is classified as Info-level severity within the Powertrain category.,Powertrain,Generic,Info
P0B78,"Hybrid Battery Voltage Sense ""M"" Circuit Range/Performance",System: Hybrid/Electric Vehicle. Source: SAE J2012 / ISO 15031. This code is classified as Warning-level severity within the Powertrain category.,Powertrain,Generic,Warning
P0B79,"Hybrid Battery Voltage Sense ""M"" Circuit Low",System: Hybrid/Electric Vehicle. Source: SAE J2012 / ISO 15031. This code is classified as Warning-level severity within the Powertrain category.,Powertrain,Generic,Warning
P0B7A,"Hybrid Battery Voltage Sense ""M"" Circuit High",System: Hybrid/Electric Vehicle. Source: SAE J2012 / ISO 15031. This code is classified as Warning-level severity within the Powertrain category.,Powertrain,Generic,Warning
P0B7B,"Hybrid Battery Voltage Sense ""M"" Circuit Intermittent/Erratic",System: Hybrid/Electric Vehicle. Source: SAE J2012 / ISO 15031. This code is classified as Warning-level severity within the Powertrain category.,Powertrain,Generic,Warning
P0B7C,"Hybrid Battery Voltage Sense ""N"" Circuit",System: Hybrid/Electric Vehicle. Source: SAE J2012 / ISO 15031. This code is classified as Info-level severity within the Powertrain category.,Powertrain,Generic,Info
P0B7D,"Hybrid Battery Voltage Sense ""N"" Circuit Range/Performance",System: Hybrid/Electric Vehicle. Source: SAE J2012 / ISO 15031. This code is classified as Warning-level severity within the Powertrain category.,Powertrain,Generic,Warning
P0B7E,"Hybrid Battery Voltage Sense ""N"" Circuit Low",System: Hybrid/Electric Vehicle. Source: SAE J2012 / ISO 15031. This code is classified as Warning-level severity within the Powertrain category.,Powertrain,Generic,Warning
P0B7F,"Hybrid Battery Voltage Sense ""N"" Circuit High",System: Hybrid/Electric Vehicle. Source: SAE J2012 / ISO 15031. This code is classified as Warning-level severity within the Powertrain category.,Powertrain,Generic,Warning
P0B80,"Hybrid Battery Voltage Sense ""N"" Circuit Intermittent/Erratic",System: Hybrid/Electric Vehicle. Source: SAE J2012 / ISO 15031. This code is classified as Warning-level severity within the Powertrain category.,Powertrain,Generic,Warning
P0B81,"Hybrid Battery Voltage Sense ""O"" Circuit",System: Hybrid/Electric Vehicle. Source: SAE J2012 / ISO 15031. This code is classified as Info-level severity within the Powertrain category.,Powertrain,Generic,Info
P0B82,"Hybrid Battery Voltage Sense ""O"" Circuit Range/Performance",System: Hybrid/Electric Vehicle. Source: SAE J2012 / ISO 15031. This code is classified as Warning-level severity within the Powertrain category.,Powertrain,Generic,Warning
P0B83,"Hybrid Battery Voltage Sense ""O"" Circuit Low",System: Hybrid/Electric Vehicle. Source: SAE J2012 / ISO 15031. This code is classified as Warning-level severity within the Powertrain category.,Powertrain,Generic,Warning
P0B84,"Hybrid Battery Voltage Sense ""O"" Circuit High",System: Hybrid/Electric Vehicle. Source: SAE J2012 / ISO 15031. This code is classified as Warning-level severity within the Powertrain category.,Powertrain,Generic,Warning
P0B85,"Hybrid Battery Voltage Sense ""O"" Circuit Intermittent/Erratic",System: Hybrid/Electric Vehicle. Source: SAE J2012 / ISO 15031. This code is classified as Warning-level severity within the Powertrain category.,Powertrain,Generic,Warning
P0B86,"Hybrid Battery Voltage Sense ""P"" Circuit",System: Hybrid/Electric Vehicle. Source: SAE J2012 / ISO 15031. This code is classified as Info-level severity within the Powertrain category.,Powertrain,Generic,Info
P0B87,"Hybrid Battery Voltage Sense ""P"" Circuit Range/Performance",System: Hybrid/Electric Vehicle. Source: SAE J2012 / ISO 15031. This code is classified as Warning-level severity within the Powertrain category.,Powertrain,Generic,Warning
P0B88,"Hybrid Battery Voltage Sense ""P"" Circuit Low",System: Hybrid/Electric Vehicle. Source: SAE J2012 / ISO 15031. This code is classified as Warning-level severity within the Powertrain category.,Powertrain,Generic,Warning
P0B89,"Hybrid Battery Voltage Sense ""P"" Circuit High",System: Hybrid/Electric Vehicle. Source: SAE J2012 / ISO 15031. This code is classified as Warning-level severity within the Powertrain category.,Powertrain,Generic,Warning
P0B8A,"Hybrid Battery Voltage Sense ""P"" Circuit Intermittent/Erratic",System: Hybrid/Electric Vehicle. Source: SAE J2012 / ISO 15031. This code is classified as Warning-level severity within the Powertrain category.,Powertrain,Generic,Warning
P0B8B,"Hybrid Battery Voltage Sense ""Q"" Circuit",System: Hybrid/Electric Vehicle. Source: SAE J2012 / ISO 15031. This code is classified as Info-level severity within the Powertrain category.,Powertrain,Generic,Info
P0B8C,"Hybrid Battery Voltage Sense ""Q"" Circuit Range/Performance",System: Hybrid/Electric Vehicle. Source: SAE J2012 / ISO 15031. This code is classified as Warning-level severity within the Powertrain category.,Powertrain,Generic,Warning
P0B8D,"Hybrid Battery Voltage Sense ""Q"" Circuit Low",System: Hybrid/Electric Vehicle. Source: SAE J2012 / ISO 15031. This code is classified as Warning-level severity within the Powertrain category.,Powertrain,Generic,Warning
P0B8E,"Hybrid Battery Voltage Sense ""Q"" Circuit High",System: Hybrid/Electric Vehicle. Source: SAE J2012 / ISO 15031. This code is classified as Warning-level severity within the Powertrain category.,Powertrain,Generic,Warning
P0B8F,"Hybrid Battery Voltage Sense ""Q"" Circuit Intermittent/Erratic",System: Hybrid/Electric Vehicle. Source: SAE J2012 / ISO 15031. This code is classified as Warning-level severity within the Powertrain category.,Powertrain,Generic,Warning
P0B90,"Hybrid Battery Voltage Sense ""R"" Circuit",System: Hybrid/Electric Vehicle. Source: SAE J2012 / ISO 15031. This code is classified as Info-level severity within the Powertrain category.,Powertrain,Generic,Info
P0B91,"Hybrid Battery Voltage Sense ""R"" Circuit Range/Performance",System: Hybrid/Electric Vehicle. Source: SAE J2012 / ISO 15031. This code is classified as Warning-level severity within the Powertrain category.,Powertrain,Generic,Warning
P0B92,"Hybrid Battery Voltage Sense ""R"" Circuit Low",System: Hybrid/Electric Vehicle. Source: SAE J2012 / ISO 15031. This code is classified as Warning-level severity within the Powertrain category.,Powertrain,Generic,Warning
P0B93,"Hybrid Battery Voltage Sense ""R"" Circuit High",System: Hybrid/Electric Vehicle. Source: SAE J2012 / ISO 15031. This code is classified as Warning-level severity within the Powertrain category.,Powertrain,Generic,Warning
P0B94,"Hybrid Battery Voltage Sense ""R"" Circuit Intermittent/Erratic",System: Hybrid/Electric Vehicle. Source: SAE J2012 / ISO 15031. This code is classified as Warning-level severity within the Powertrain category.,Powertrain,Generic,Warning
P0B95,"Hybrid Battery Voltage Sense ""S"" Circuit",System: Hybrid/Electric Vehicle. Source: SAE J2012 / ISO 15031. This code is classified as Info-level severity within the Powertrain category.,Powertrain,Generic,Info
P0B96,"Hybrid Battery Voltage Sense ""S"" Circuit Range/Performance",System: Hybrid/Electric Vehicle. Source: SAE J2012 / ISO 15031. This code is classified as Warning-level severity within the Powertrain category.,Powertrain,Generic,Warning
P0B97,"Hybrid Battery Voltage Sense ""S"" Circuit Low",System: Hybrid/Electric Vehicle. Source: SAE J2012 / ISO 15031. This code is classified as Warning-level severity within the Powertrain category.,Powertrain,Generic,Warning
P0B98,"Hybrid Battery Voltage Sense ""S"" Circuit High",System: Hybrid/Electric Vehicle. Source: SAE J2012 / ISO 15031. This code is classified as Warning-level severity within the Powertrain category.,Powertrain,Generic,Warning
P0B99,"Hybrid Battery Voltage Sense ""S"" Circuit Intermittent/Erratic",System: Hybrid/Electric Vehicle. Source: SAE J2012 / ISO 15031. This code is classified as Warning-level severity within the Powertrain category.,Powertrain,Generic,Warning
P0B9A,"Hybrid Battery Voltage Sense ""T"" Circuit",System: Hybrid/Electric Vehicle. Source: SAE J2012 / ISO 15031. This code is classified as Info-level severity within the Powertrain category.,Powertrain,Generic,Info
P0B9B,"Hybrid Battery Voltage Sense ""T"" Circuit Range/Performance",System: Hybrid/Electric Vehicle. Source: SAE J2012 / ISO 15031. This code is classified as Warning-level severity within the Powertrain category.,Powertrain,Generic,Warning
P0B9C,"Hybrid Battery Voltage Sense ""T"" Circuit Low",System: Hybrid/Electric Vehicle. Source: SAE J2012 / ISO 15031. This code is classified as Warning-level severity within the Powertrain category.,Powertrain,Generic,Warning
P0B9D,"Hybrid Battery Voltage Sense ""T"" Circuit High",System: Hybrid/Electric Vehicle. Source: SAE J2012 / ISO 15031. This code is classified as Warning-level severity within the Powertrain category.,Powertrain,Generic,Warning
P0B9E,"Hybrid Battery Voltage Sense ""T"" Circuit Intermittent/Erratic",System: Hybrid/Electric Vehicle. Source: SAE J2012 / ISO 15031. This code is classified as Warning-level severity within the Powertrain category.,Powertrain,Generic,Warning
P0B9F,"Hybrid Battery Voltage Sense ""U"" Circuit",System: Hybrid/Electric Vehicle. Source: SAE J2012 / ISO 15031. This code is classified as Info-level severity within the Powertrain category.,Powertrain,Generic,Info
P0BA0,"Hybrid Battery Voltage Sense ""U"" Circuit Range/Performance",System: Hybrid/Electric Vehicle. Source: SAE J2012 / ISO 15031. This code is classified as Warning-level severity within the Powertrain category.,Powertrain,Generic,Warning
P0BA1,"Hybrid Battery Voltage Sense ""U"" Circuit Low",System: Hybrid/Electric Vehicle. Source: SAE J2012 / ISO 15031. This code is classified as Warning-level severity within the Powertrain category.,Powertrain,Generic,Warning
P0BA2,"Hybrid Battery Voltage Sense ""U"" Circuit High",System: Hybrid/Electric Vehicle. Source: SAE J2012 / ISO 15031. This code is classified as Warning-level severity within the Powertrain category.,Powertrain,Generic,Warning
P0BA3,"Hybrid Battery Voltage Sense ""U"" Circuit Intermittent/Erratic",System: Hybrid/Electric Vehicle. Source: SAE J2012 / ISO 15031. This code is classified as Warning-level severity within the Powertrain category.,Powertrain,Generic,Warning
P0BA4,"Hybrid Battery Voltage Sense ""V"" Circuit",System: Hybrid/Electric Vehicle. Source: SAE J2012 / ISO 15031. This code is classified as Info-level severity within the Powertrain category.,Powertrain,Generic,Info
P0BA5,"Hybrid Battery Voltage Sense ""V"" Circuit Range/Performance",System: Hybrid/Electric Vehicle. Source: SAE J2012 / ISO 15031. This code is classified as Warning-level severity within the Powertrain category.,Powertrain,Generic,Warning
P0BA6,"Hybrid Battery Voltage Sense ""V"" Circuit Low",System: Hybrid/Electric Vehicle. Source: SAE J2012 / ISO 15031. This code is classified as Warning-level severity within the Powertrain category.,Powertrain,Generic,Warning
P0BA7,"Hybrid Battery Voltage Sense ""V"" Circuit High",System: Hybrid/Electric Vehicle. Source: SAE J2012 / ISO 15031. This code is classified as Warning-level severity within the Powertrain category.,Powertrain,Generic,Warning
P0BA8,"Hybrid Battery Voltage Sense ""V"" Circuit Intermittent/Erratic",System: Hybrid/Electric Vehicle. Source: SAE J2012 / ISO 15031. This code is classified as Warning-level severity within the Powertrain category.,Powertrain,Generic,Warning
P0BA9,"Hybrid Battery Voltage Sense ""W"" Circuit",System: Hybrid/Electric Vehicle. Source: SAE J2012 / ISO 15031. This code is classified as Info-level severity within the Powertrain category.,Powertrain,Generic,Info
P0BAA,"Hybrid Battery Voltage Sense ""W"" Circuit Range/Performance",System: Hybrid/Electric Vehicle. Source: SAE J2012 / ISO 15031. This code is classified as Warning-level severity within the Powertrain category.,Powertrain,Generic,Warning
P0BAB,"Hybrid Battery Voltage Sense ""W"" Circuit Low",System: Hybrid/Electric Vehicle. Source: SAE J2012 / ISO 15031. This code is classified as Warning-level severity within the Powertrain category.,Powertrain,Generic,Warning
P0BAC,"Hybrid Battery Voltage Sense ""W"" Circuit High",System: Hybrid/Electric Vehicle. Source: SAE J2012 / ISO 15031. This code is classified as Warning-level severity within the Powertrain category.,Powertrain,Generic,Warning
P0BAD,"Hybrid Battery Voltage Sense ""W"" Circuit Intermittent/Erratic",System: Hybrid/Electric Vehicle. Source: SAE J2012 / ISO 15031. This code is classified as Warning-level severity within the Powertrain category.,Powertrain,Generic,Warning
P0BAE,"Hybrid Battery Voltage Sense ""X"" Circuit",System: Hybrid/Electric Vehicle. Source: SAE J2012 / ISO 15031. This code is classified as Info-level severity within the Powertrain category.,Powertrain,Generic,Info
P0BAF,"Hybrid Battery Voltage Sense ""X"" Circuit Range/Performance",System: Hybrid/Electric Vehicle. Source: SAE J2012 / ISO 15031. This code is classified as Warning-level severity within the Powertrain category.,Powertrain,Generic,Warning
P0BB0,"Hybrid Battery Voltage Sense ""X"" Circuit Low",System: Hybrid/Electric Vehicle. Source: SAE J2012 / ISO 15031. This code is classified as Warning-level severity within the Powertrain category.,Powertrain,Generic,Warning
P0BB1,"Hybrid Battery Voltage Sense ""X"" Circuit High",System: Hybrid/Electric Vehicle. Source: SAE J2012 / ISO 15031. This code is classified as Warning-level severity within the Powertrain category.,Powertrain,Generic,Warning
P0BB2,"Hybrid Battery Voltage Sense ""X"" Circuit Intermittent/Erratic",System: Hybrid/Electric Vehicle. Source: SAE J2012 / ISO 15031. This code is classified as Warning-level severity within the Powertrain category.,Powertrain,Generic,Warning
P0BB3,"Hybrid Battery Voltage Sense ""Y"" Circuit",System: Hybrid/Electric Vehicle. Source: SAE J2012 / ISO 15031. This code is classified as Info-level severity within the Powertrain category.,Powertrain,Generic,Info
P0BB4,"Hybrid Battery Voltage Sense ""Y"" Circuit Range/Performance",System: Hybrid/Electric Vehicle. Source: SAE J2012 / ISO 15031. This code is classified as Warning-level severity within the Powertrain category.,Powertrain,Generic,Warning
P0BB5,"Hybrid Battery Voltage Sense ""Y"" Circuit Low",System: Hybrid/Electric Vehicle. Source: SAE J2012 / ISO 15031. This code is classified as Warning-level severity within the Powertrain category.,Powertrain,Generic,Warning
P0BB6,"Hybrid Battery Voltage Sense ""Y"" Circuit High",System: Hybrid/Electric Vehicle. Source: SAE J2012 / ISO 15031. This code is classified as Warning-level severity within the Powertrain category.,Powertrain,Generic,Warning
P0BB7,"Hybrid Battery Voltage Sense ""Y"" Circuit Intermittent/Erratic",System: Hybrid/Electric Vehicle. Source: SAE J2012 / ISO 15031. This code is classified as Warning-level severity within the Powertrain category.,Powertrain,Generic,Warning
P0BB8,"Hybrid Battery Voltage Sense ""Z"" Circuit",System: Hybrid/Electric Vehicle. Source: SAE J2012 / ISO 15031. This code is classified as Info-level severity within the Powertrain category.,Powertrain,Generic,Info
P0BB9,"Hybrid Battery Voltage Sense ""Z"" Circuit Range/Performance",System: Hybrid/Electric Vehicle. Source: SAE J2012 / ISO 15031. This code is classified as Warning-level severity within the Powertrain category.,Powertrain,Generic,Warning
P0BBA,"Hybrid Battery Voltage Sense ""Z"" Circuit Low",System: Hybrid/Electric Vehicle. Source: SAE J2012 / ISO 15031. This code is classified as Warning-level severity within the Powertrain category.,Powertrain,Generic,Warning
P0BBB,"Hybrid Battery Voltage Sense ""Z"" Circuit High",System: Hybrid/Electric Vehicle. Source: SAE J2012 / ISO 15031. This code is classified as Warning-level severity within the Powertrain category.,Powertrain,Generic,Warning
P0BBC,"Hybrid Battery Voltage Sense ""Z"" Circuit Intermittent/Erratic",System: Hybrid/Electric Vehicle. Source: SAE J2012 / ISO 15031. This code is classified as Warning-level severity within the Powertrain category.,Powertrain,Generic,Warning
P0BBD,Hybrid Battery Pack Voltage Variation Exceeded Limit,System: Hybrid/Electric Vehicle. Source: SAE J2012 / ISO 15031. This code is classified as Warning-level severity within the Powertrain category.,Powertrain,Generic,Warning
P0BBE,Hybrid Battery Pack Voltage Variation,System: Hybrid/Electric Vehicle. Source: SAE J2012 / ISO 15031. This code is classified as Info-level severity within the Powertrain category.,Powertrain,Generic,Info
P0BBF,Hybrid Battery Pack Cooling Fan Supply Voltage Circuit/Open,System: Hybrid/Electric Vehicle. Source: SAE J2012 / ISO 15031. This code is classified as Critical-level severity within the Powertrain category.,Powertrain,Generic,Critical
P0BC0,Hybrid Battery Pack Cooling Fan Supply Voltage Circuit Low,System: Hybrid/Electric Vehicle. Source: SAE J2012 / ISO 15031. This code is classified as Warning-level severity within the Powertrain category.,Powertrain,Generic,Warning
P0BC1,Hybrid Battery Pack Cooling Fan Supply Voltage Circuit High,System: Hybrid/Electric Vehicle. Source: SAE J2012 / ISO 15031. This code is classified as Warning-level severity within the Powertrain category.,Powertrain,Generic,Warning
P0BC2,"Hybrid Battery Temperature Sensor ""E"" Circuit",System: Hybrid/Electric Vehicle. Source: SAE J2012 / ISO 15031. This code is classified as Info-level severity within the Powertrain category.,Powertrain,Generic,Info
P0BC3,"Hybrid Battery Temperature Sensor ""E"" Range/Performance",System: Hybrid/Electric Vehicle. Source: SAE J2012 / ISO 15031. This code is classified as Warning-level severity within the Powertrain category.,Powertrain,Generic,Warning
P0BC4,"Hybrid Battery Temperature Sensor ""E"" Circuit Low",System: Hybrid/Electric Vehicle. Source: SAE J2012 / ISO 15031. This code is classified as Warning-level severity within the Powertrain category.,Powertrain,Generic,Warning
P0BC5,"Hybrid Battery Temperature Sensor ""E"" Circuit High",System: Hybrid/Electric Vehicle. Source: SAE J2012 / ISO 15031. This code is classified as Warning-level severity within the Powertrain category.,Powertrain,Generic,Warning
P0BC6,"Hybrid Battery Temperature Sensor ""E"" Circuit Intermittent/Erratic",System: Hybrid/Electric Vehicle. Source: SAE J2012 / ISO 15031. This code is classified as Warning-level severity within the Powertrain category.,Powertrain,Generic,Warning
P0BC7,Hybrid Battery Pack Cooling Fan Sense Circuit/Open,System: Hybrid/Electric Vehicle. Source: SAE J2012 / ISO 15031. This code is classified as Critical-level severity within the Powertrain category.,Powertrain,Generic,Critical
P0BC8,Hybrid Battery Pack Cooling Fan Sense Range/Performance,System: Hybrid/Electric Vehicle. Source: SAE J2012 / ISO 15031. This code is classified as Warning-level severity within the Powertrain category.,Powertrain,Generic,Warning
P0BC9,Hybrid Battery Pack Cooling Fan Sense Circuit Low,System: Hybrid/Electric Vehicle. Source: SAE J2012 / ISO 15031. This code is classified as Warning-level severity within the Powertrain category.,Powertrain,Generic,Warning
P0BCA,Hybrid Battery Pack Cooling Fan Sense Circuit High,System: Hybrid/Electric Vehicle. Source: SAE J2012 / ISO 15031. This code is classified as Warning-level severity within the Powertrain category.,Powertrain,Generic,Warning
P0BCB,Hybrid Battery Pack Cooling Fan Sense Circuit Intermittent/Erratic,System: Hybrid/Electric Vehicle. Source: SAE J2012 / ISO 15031. This code is classified as Warning-level severity within the Powertrain category.,Powertrain,Generic,Warning
P0BCC,Generator Inverter Temperature Sensor Circuit,System: Hybrid/Electric Vehicle. Source: SAE J2012 / ISO 15031. This code is classified as Info-level severity within the Powertrain category.,Powertrain,Generic,Info
P0BCD,Generator Inverter Temperature Sensor Circuit Range/Performance,System: Hybrid/Electric Vehicle. Source: SAE J2012 / ISO 15031. This code is classified as Warning-level severity within the Powertrain category.,Powertrain,Generic,Warning
P0BCE,Generator Inverter Temperature Sensor Circuit Low,System: Hybrid/Electric Vehicle. Source: SAE J2012 / ISO 15031. This code is classified as Warning-level severity within the Powertrain category.,Powertrain,Generic,Warning
P0BCF,Generator Inverter Temperature Sensor Circuit High,System: Hybrid/Electric Vehicle. Source: SAE J2012 / ISO 15031. This code is classified as Warning-level severity within the Powertrain category.,Powertrain,Generic,Warning
P0BD0,Generator Inverter Temperature Sensor Circuit Intermittent/Erratic,System: Hybrid/Electric Vehicle. Source: SAE J2012 / ISO 15031. This code is classified as Warning-level severity within the Powertrain category.,Powertrain,Generic,Warning
P0BD1,"Drive Motor Inverter Temperature Sensor ""C"" Circuit",System: Hybrid/Electric Vehicle. Source: SAE J2012 / ISO 15031. This code is classified as Info-level severity within the Powertrain category.,Powertrain,Generic,Info
P0BD2,"Drive Motor Inverter Temperature Sensor ""C"" Circuit",System: Hybrid/Electric Vehicle. Source: SAE J2012 / ISO 15031. This code is classified as Info-level severity within the Powertrain category.,Powertrain,Generic,Info
P0BD3,"Drive Motor Inverter Temperature Sensor ""C"" Circuit Low",System: Hybrid/Electric Vehicle. Source: SAE J2012 / ISO 15031. This code is classified as Warning-level severity within the Powertrain category.,Powertrain,Generic,Warning
P0BD4,"Drive Motor Inverter Temperature Sensor ""C"" Circuit High",System: Hybrid/Electric Vehicle. Source: SAE J2012 / ISO 15031. This code is classified as Warning-level severity within the Powertrain category.,Powertrain,Generic,Warning
P0BD5,"Drive Motor Inverter Temperature Sensor ""C"" Circuit",System: Hybrid/Electric Vehicle. Source: SAE J2012 / ISO 15031. This code is classified as Info-level severity within the Powertrain category.,Powertrain,Generic,Info
P0BD6,"Drive Motor Inverter Temperature Sensor ""D"" Circuit",System: Hybrid/Electric Vehicle. Source: SAE J2012 / ISO 15031. This code is classified as Info-level severity within the Powertrain category.,Powertrain,Generic,Info
P0BD7,"Drive Motor Inverter Temperature Sensor ""D"" Circuit",System: Hybrid/Electric Vehicle. Source: SAE J2012 / ISO 15031. This code is classified as Info-level severity within the Powertrain category.,Powertrain,Generic,Info
P0BD8,"Drive Motor Inverter Temperature Sensor ""D"" Circuit Low",System: Hybrid/Electric Vehicle. Source: SAE J2012 / ISO 15031. This code is classified as Warning-level severity within the Powertrain category.,Powertrain,Generic,Warning
P0BD9,"Drive Motor Inverter Temperature Sensor ""D"" Circuit High",System: Hybrid/Electric Vehicle. Source: SAE J2012 / ISO 15031. This code is classified as Warning-level severity within the Powertrain category.,Powertrain,Generic,Warning
P0BDA,"Drive Motor Inverter Temperature Sensor ""D"" Circuit",System: Hybrid/Electric Vehicle. Source: SAE J2012 / ISO 15031. This code is classified as Info-level severity within the Powertrain category.,Powertrain,Generic,Info
P0BDB,"Drive Motor Inverter Temperature Sensor ""E"" Circuit",System: Hybrid/Electric Vehicle. Source: SAE J2012 / ISO 15031. This code is classified as Info-level severity within the Powertrain category.,Powertrain,Generic,Info
P0BDC,"Drive Motor Inverter Temperature Sensor ""E"" Circuit",System: Hybrid/Electric Vehicle. Source: SAE J2012 / ISO 15031. This code is classified as Info-level severity within the Powertrain category.,Powertrain,Generic,Info
P0BDD,"Drive Motor Inverter Temperature Sensor ""E"" Circuit Low",System: Hybrid/Electric Vehicle. Source: SAE J2012 / ISO 15031. This code is classified as Warning-level severity within the Powertrain category.,Powertrain,Generic,Warning
P0BDE,"Drive Motor Inverter Temperature Sensor ""E"" Circuit High",System: Hybrid/Electric Vehicle. Source: SAE J2012 / ISO 15031. This code is classified as Warning-level severity within the Powertrain category.,Powertrain,Generic,Warning
P0BDF,"Drive Motor Inverter Temperature Sensor ""E"" Circuit",System: Hybrid/Electric Vehicle. Source: SAE J2012 / ISO 15031. This code is classified as Info-level severity within the Powertrain category.,Powertrain,Generic,Info
P0BE0,"Drive Motor Inverter Temperature Sensor ""F"" Circuit",System: Hybrid/Electric Vehicle. Source: SAE J2012 / ISO 15031. This code is classified as Info-level severity within the Powertrain category.,Powertrain,Generic,Info
P0BE1,"Drive Motor Inverter Temperature Sensor ""F"" Circuit",System: Hybrid/Electric Vehicle. Source: SAE J2012 / ISO 15031. This code is classified as Info-level severity within the Powertrain category.,Powertrain,Generic,Info
P0BE2,"Drive Motor Inverter Temperature Sensor ""F"" Circuit Low",System: Hybrid/Electric Vehicle. Source: SAE J2012 / ISO 15031. This code is classified as Warning-level severity within the Powertrain category.,Powertrain,Generic,Warning
P0BE3,"Drive Motor Inverter Temperature Sensor ""F"" Circuit High",System: Hybrid/Electric Vehicle. Source: SAE J2012 / ISO 15031. This code is classified as Warning-level severity within the Powertrain category.,Powertrain,Generic,Warning
P0BE4,"Drive Motor Inverter Temperature Sensor ""F"" Circuit",System: Hybrid/Electric Vehicle. Source: SAE J2012 / ISO 15031. This code is classified as Info-level severity within the Powertrain category.,Powertrain,Generic,Info
P0BE5,"Drive Motor ""A"" Phase U Current Sensor Circuit",System: Hybrid/Electric Vehicle. Source: SAE J2012 / ISO 15031. This code is classified as Info-level severity within the Powertrain category.,Powertrain,Generic,Info
P0BE6,"Drive Motor ""A"" Phase U Current Sensor Circuit",System: Hybrid/Electric Vehicle. Source: SAE J2012 / ISO 15031. This code is classified as Info-level severity within the Powertrain category.,Powertrain,Generic,Info
P0BE7,"Drive Motor ""A"" Phase U Current Sensor Circuit Low",System: Hybrid/Electric Vehicle. Source: SAE J2012 / ISO 15031. This code is classified as Warning-level severity within the Powertrain category.,Powertrain,Generic,Warning
P0BE8,"Drive Motor ""A"" Phase U Current Sensor Circuit High",System: Hybrid/Electric Vehicle. Source: SAE J2012 / ISO 15031. This code is classified as Warning-level severity within the Powertrain category.,Powertrain,Generic,Warning
P0BE9,"Drive Motor ""A"" Phase V Current Sensor Circuit",System: Hybrid/Electric Vehicle. Source: SAE J2012 / ISO 15031. This code is classified as Info-level severity within the Powertrain category.,Powertrain,Generic,Info
P0BEA,"Drive Motor ""A"" Phase V Current Sensor Circuit",System: Hybrid/Electric Vehicle. Source: SAE J2012 / ISO 15031. This code is classified as Info-level severity within the Powertrain category.,Powertrain,Generic,Info
P0BEB,"Drive Motor ""A"" Phase V Current Sensor Circuit Low",System: Hybrid/Electric Vehicle. Source: SAE J2012 / ISO 15031. This code is classified as Warning-level severity within the Powertrain category.,Powertrain,Generic,Warning
P0BEC,"Drive Motor ""A"" Phase V Current Sensor Circuit High",System: Hybrid/Electric Vehicle. Source: SAE J2012 / ISO 15031. This code is classified as Warning-level severity within the Powertrain category.,Powertrain,Generic,Warning
P0BED,"Drive Motor ""A"" Phase W Current Sensor Circuit",System: Hybrid/Electric Vehicle. Source: SAE J2012 / ISO 15031. This code is classified as Info-level severity within the Powertrain category.,Powertrain,Generic,Info
P0BEE,"Drive Motor ""A"" Phase W Current Sensor Circuit",System: Hybrid/Electric Vehicle. Source: SAE J2012 / ISO 15031. This code is classified as Info-level severity within the Powertrain category.,Powertrain,Generic,Info
P0BEF,"Drive Motor ""A"" Phase W Current Sensor Circuit Low",System: Hybrid/Electric Vehicle. Source: SAE J2012 / ISO 15031. This code is classified as Warning-level severity within the Powertrain category.,Powertrain,Generic,Warning
P0BF0,"Drive Motor ""A"" Phase W Current Sensor Circuit High",System: Hybrid/Electric Vehicle. Source: SAE J2012 / ISO 15031. This code is classified as Warning-level severity within the Powertrain category.,Powertrain,Generic,Warning
P0BF1,"Drive Motor ""B"" Phase U Current Sensor Circuit",System: Hybrid/Electric Vehicle. Source: SAE J2012 / ISO 15031. This code is classified as Info-level severity within the Powertrain category.,Powertrain,Generic,Info
P0BF2,"Drive Motor ""B"" Phase U Current Sensor Circuit",System: Hybrid/Electric Vehicle. Source: SAE J2012 / ISO 15031. This code is classified as Info-level severity within the Powertrain category.,Powertrain,Generic,Info
P0BF3,"Drive Motor ""B"" Phase U Current Sensor Circuit Low",System: Hybrid/Electric Vehicle. Source: SAE J2012 / ISO 15031. This code is classified as Warning-level severity within the Powertrain category.,Powertrain,Generic,Warning
P0BF4,"Drive Motor ""B"" Phase U Current Sensor Circuit High",System: Hybrid/Electric Vehicle. Source: SAE J2012 / ISO 15031. This code is classified as Warning-level severity within the Powertrain category.,Powertrain,Generic,Warning
P0BF5,"Drive Motor ""B"" Phase V Current Sensor Circuit",System: Hybrid/Electric Vehicle. Source: SAE J2012 / ISO 15031. This code is classified as Info-level severity within the Powertrain category.,Powertrain,Generic,Info
P0BF6,"Drive Motor ""B"" Phase V Current Sensor Circuit",System: Hybrid/Electric Vehicle. Source: SAE J2012 / ISO 15031. This code is classified as Info-level severity within the Powertrain category.,Powertrain,Generic,Info
P0BF7,"Drive Motor ""B"" Phase V Current Sensor Circuit Low",System: Hybrid/Electric Vehicle. Source: SAE J2012 / ISO 15031. This code is classified as Warning-level severity within the Powertrain category.,Powertrain,Generic,Warning
P0BF8,"Drive Motor ""B"" Phase V Current Sensor Circuit High",System: Hybrid/Electric Vehicle. Source: SAE J2012 / ISO 15031. This code is classified as Warning-level severity within the Powertrain category.,Powertrain,Generic,Warning
P0BF9,"Drive Motor ""B"" Phase W Current Sensor Circuit",System: Hybrid/Electric Vehicle. Source: SAE J2012 / ISO 15031. This code is classified as Info-level severity within the Powertrain category.,Powertrain,Generic,Info
P0BFA,"Drive Motor ""B"" Phase W Current Sensor Circuit",System: Hybrid/Electric Vehicle. Source: SAE J2012 / ISO 15031. This code is classified as Info-level severity within the Powertrain category.,Powertrain,Generic,Info
P0BFB,"Drive Motor ""B"" Phase W Current Sensor Circuit Low",System: Hybrid/Electric Vehicle. Source: SAE J2012 / ISO 15031. This code is classified as Warning-level severity within the Powertrain category.,Powertrain,Generic,Warning
P0BFC,"Drive Motor ""B"" Phase W Current Sensor Circuit High",System: Hybrid/Electric Vehicle. Source: SAE J2012 / ISO 15031. This code is classified as Warning-level severity within the Powertrain category.,Powertrain,Generic,Warning
P0BFD,"Drive Motor ""A"" Phase U-V-W Current Sensor Correlation",System: Hybrid/Electric Vehicle. Source: SAE J2012 / ISO 15031. This code is classified as Warning-level severity within the Powertrain category.,Powertrain,Generic,Warning
P0BFE,"Drive Motor ""B"" Phase U-V-W Current Sensor Correlation",System: Hybrid/Electric Vehicle. Source: SAE J2012 / ISO 15031. This code is classified as Warning-level severity within the Powertrain category.,Powertrain,Generic,Warning
P0BFF,"Drive Motor ""A"" Current",System: Hybrid/Electric Vehicle. Source: SAE J2012 / ISO 15031. This code is classified as Info-level severity within the Powertrain category.,Powertrain,Generic,Info
P0C00,"Drive Motor ""A"" Current Low",System: Hybrid/Electric Vehicle. Source: SAE J2012 / ISO 15031. This code is classified as Warning-level severity within the Powertrain category.,Powertrain,Generic,Warning
P0C01,"Drive Motor ""A"" Current High",System: Hybrid/Electric Vehicle. Source: SAE J2012 / ISO 15031. This code is classified as Warning-level severity within the Powertrain category.,Powertrain,Generic,Warning
P0C02,"Drive Motor ""B"" Current",System: Hybrid/Electric Vehicle. Source: SAE J2012 / ISO 15031. This code is classified as Info-level severity within the Powertrain category.,Powertrain,Generic,Info
P0C03,"Drive Motor ""B"" Current Low",System: Hybrid/Electric Vehicle. Source: SAE J2012 / ISO 15031. This code is classified as Warning-level severity within the Powertrain category.,Powertrain,Generic,Warning
P0C04,"Drive Motor ""B"" Current High",System: Hybrid/Electric Vehicle. Source: SAE J2012 / ISO 15031. This code is classified as Warning-level severity within the Powertrain category.,Powertrain,Generic,Warning
P0C05,"Drive Motor ""A"" Phase U-V-W Circuit/Open",System: Hybrid/Electric Vehicle. Source: SAE J2012 / ISO 15031. This code is classified as Critical-level severity within the Powertrain category.,Powertrain,Generic,Critical
P0C06,"Drive Motor ""A"" Phase U-V-W Circuit Low",System: Hybrid/Electric Vehicle. Source: SAE J2012 / ISO 15031. This code is classified as Warning-level severity within the Powertrain category.,Powertrain,Generic,Warning
P0C07,"Drive Motor ""A"" Phase U-V-W Circuit High",System: Hybrid/Electric Vehicle. Source: SAE J2012 / ISO 15031. This code is classified as Warning-level severity within the Powertrain category.,Powertrain,Generic,Warning
P0C08,"Drive Motor ""B"" Phase U-V-W Circuit/Open",System: Hybrid/Electric Vehicle. Source: SAE J2012 / ISO 15031. This code is classified as Critical-level severity within the Powertrain category.,Powertrain,Generic,Critical
P0C09,"Drive Motor ""B"" Phase U-V-W Circuit Low",System: Hybrid/Electric Vehicle. Source: SAE J2012 / ISO 15031. This code is classified as Warning-level severity within the Powertrain category.,Powertrain,Generic,Warning
P0C0A,"Drive Motor ""B"" Phase U-V-W Circuit High",System: Hybrid/Electric Vehicle. Source: SAE J2012 / ISO 15031. This code is classified as Warning-level severity within the Powertrain category.,Powertrain,Generic,Warning
P0C0B,"Drive Motor ""A"" Inverter Power Supply Circuit/Open",System: Hybrid/Electric Vehicle. Source: SAE J2012 / ISO 15031. This code is classified as Critical-level severity within the Powertrain category.,Powertrain,Generic,Critical
P0C0C,"Drive Motor ""A"" Inverter Power Supply Circuit Low",System: Hybrid/Electric Vehicle. Source: SAE J2012 / ISO 15031. This code is classified as Warning-level severity within the Powertrain category.,Powertrain,Generic,Warning
P0C0D,"Drive Motor ""A"" Inverter Power Supply Circuit High",System: Hybrid/Electric Vehicle. Source: SAE J2012 / ISO 15031. This code is classified as Warning-level severity within the Powertrain category.,Powertrain,Generic,Warning
P0C0E,"Drive Motor ""B"" Inverter Power Supply Circuit/Open",System: Hybrid/Electric Vehicle. Source: SAE J2012 / ISO 15031. This code is classified as Critical-level severity within the Powertrain category.,Powertrain,Generic,Critical
P0C0F,"Drive Motor ""B"" Inverter Power Supply Circuit Low",System: Hybrid/Electric Vehicle. Source: SAE J2012 / ISO 15031. This code is classified as Warning-level severity within the Powertrain category.,Powertrain,Generic,Warning
P0C10,"Drive Motor ""B"" Inverter Power Supply Circuit High",System: Hybrid/Electric Vehicle. Source: SAE J2012 / ISO 15031. This code is classified as Warning-level severity within the Powertrain category.,Powertrain,Generic,Warning
P0C11,"Drive Motor ""A"" Inverter Phase U Over Temperature",System: Hybrid/Electric Vehicle. Source: SAE J2012 / ISO 15031. This code is classified as Critical-level severity within the Powertrain category.,Powertrain,Generic,Critical
P0C12,"Drive Motor ""A"" Inverter Phase V Over Temperature",System: Hybrid/Electric Vehicle. Source: SAE J2012 / ISO 15031. This code is classified as Critical-level severity within the Powertrain category.,Powertrain,Generic,Critical
P0C13,"Drive Motor ""A"" Inverter Phase W Over Temperature",System: Hybrid/Electric Vehicle. Source: SAE J2012 / ISO 15031. This code is classified as Critical-level severity within the Powertrain category.,Powertrain,Generic,Critical
P0C14,"Drive Motor ""B"" Inverter Phase U Over Temperature",System: Hybrid/Electric Vehicle. Source: SAE J2012 / ISO 15031. This code is classified as Critical-level severity within the Powertrain category.,Powertrain,Generic,Critical
P0C15,"Drive Motor ""B"" Inverter Phase V Over Temperature",System: Hybrid/Electric Vehicle. Source: SAE J2012 / ISO 15031. This code is classified as Critical-level severity within the Powertrain category.,Powertrain,Generic,Critical
P0C16,"Drive Motor ""B"" Inverter Phase W Over Temperature",System: Hybrid/Electric Vehicle. Source: SAE J2012 / ISO 15031. This code is classified as Critical-level severity within the Powertrain category.,Powertrain,Generic,Critical
P0C17,"Drive Motor ""A"" Position Sensor not Learned",System: Hybrid/Electric Vehicle. Source: SAE J2012 / ISO 15031. This code is classified as Info-level severity within the Powertrain category.,Powertrain,Generic,Info
P0C18,"Drive Motor ""B"" Position Sensor not Learned",System: Hybrid/Electric Vehicle. Source: SAE J2012 / ISO 15031. This code is classified as Info-level severity within the Powertrain category.,Powertrain,Generic,Info
P0C19,"Drive Motor ""A"" Torque Delivered Performance",System: Hybrid/Electric Vehicle. Source: SAE J2012 / ISO 15031. This code is classified as Warning-level severity within the Powertrain category.,Powertrain,Generic,Warning
P0C1A,"Drive Motor ""B"" Torque Delivered Performance",System: Hybrid/Electric Vehicle. Source: SAE J2012 / ISO 15031. This code is classified as Warning-level severity within the Powertrain category.,Powertrain,Generic,Warning
P0C1B,AUXILIARY Transmission Fluid Pump Control Module Internal,System: Hybrid/Electric Vehicle. Source: SAE J2012 / ISO 15031. This code is classified as Info-level severity within the Powertrain category.,Powertrain,Generic,Info
P0C1C,AUXILIARY Transmission Fluid Pump Control Module Internal,System: Hybrid/Electric Vehicle. Source: SAE J2012 / ISO 15031. This code is classified as Info-level severity within the Powertrain category.,Powertrain,Generic,Info
P0C1D,AUXILIARY Transmission Fluid Pump Control Module Internal,System: Hybrid/Electric Vehicle. Source: SAE J2012 / ISO 15031. This code is classified as Info-level severity within the Powertrain category.,Powertrain,Generic,Info
P0C1E,AUXILIARY Transmission Fluid Pump Control Module Internal,System: Hybrid/Electric Vehicle. Source: SAE J2012 / ISO 15031. This code is classified as Info-level severity within the Powertrain category.,Powertrain,Generic,Info
P0C1F,AUXILIARY Transmission Fluid Pump Control Module Internal,System: Hybrid/Electric Vehicle. Source: SAE J2012 / ISO 15031. This code is classified as Info-level severity within the Powertrain category.,Powertrain,Generic,Info
P0C20,AUXILIARY Transmission Fluid Pump Phase U-V-W Circuit/Open,System: Hybrid/Electric Vehicle. Source: SAE J2012 / ISO 15031. This code is classified as Critical-level severity within the Powertrain category.,Powertrain,Generic,Critical
P0C21,AUXILIARY Transmission Fluid Pump Phase U-V-W Circuit Low,System: Hybrid/Electric Vehicle. Source: SAE J2012 / ISO 15031. This code is classified as Warning-level severity within the Powertrain category.,Powertrain,Generic,Warning
P0C22,AUXILIARY Transmission Fluid Pump Phase U-V-W Circuit High,System: Hybrid/Electric Vehicle. Source: SAE J2012 / ISO 15031. This code is classified as Warning-level severity within the Powertrain category.,Powertrain,Generic,Warning
P0C23,AUXILIARY Transmission Fluid Pump Control Module Circuit/Open,System: Hybrid/Electric Vehicle. Source: SAE J2012 / ISO 15031. This code is classified as Critical-level severity within the Powertrain category.,Powertrain,Generic,Critical
P0C24,AUXILIARY Transmission Fluid Pump Control Module Circuit Low,System: Hybrid/Electric Vehicle. Source: SAE J2012 / ISO 15031. This code is classified as Warning-level severity within the Powertrain category.,Powertrain,Generic,Warning
P0C25,AUXILIARY Transmission Fluid Pump Control Module Circuit High,System: Hybrid/Electric Vehicle. Source: SAE J2012 / ISO 15031. This code is classified as Warning-level severity within the Powertrain category.,Powertrain,Generic,Warning
P0C26,AUXILIARY Transmission Fluid Pump Motor Current,System: Hybrid/Electric Vehicle. Source: SAE J2012 / ISO 15031. This code is classified as Info-level severity within the Powertrain category.,Powertrain,Generic,Info
P0C27,AUXILIARY Transmission Fluid Pump Motor Current Low,System: Hybrid/Electric Vehicle. Source: SAE J2012 / ISO 15031. This code is classified as Warning-level severity within the Powertrain category.,Powertrain,Generic,Warning
P0C28,AUXILIARY Transmission Fluid Pump Motor Current High,System: Hybrid/Electric Vehicle. Source: SAE J2012 / ISO 15031. This code is classified as Warning-level severity within the Powertrain category.,Powertrain,Generic,Warning
P0C29,AUXILIARY Transmission Fluid Pump Driver Circuit Performance,System: Hybrid/Electric Vehicle. Source: SAE J2012 / ISO 15031. This code is classified as Warning-level severity within the Powertrain category.,Powertrain,Generic,Warning
P0C2A,AUXILIARY Transmission Fluid Pump Motor Stalled,System: Hybrid/Electric Vehicle. Source: SAE J2012 / ISO 15031. This code is classified as Info-level severity within the Powertrain category.,Powertrain,Generic,Info
P0C2B,AUXILIARY Transmission Fluid Pump Control Module Feedback,System: Hybrid/Electric Vehicle. Source: SAE J2012 / ISO 15031. This code is classified as Info-level severity within the Powertrain category.,Powertrain,Generic,Info
P0C2C,AUXILIARY Transmission Fluid Pump Control Module Feedback,System: Hybrid/Electric Vehicle. Source: SAE J2012 / ISO 15031. This code is classified as Info-level severity within the Powertrain category.,Powertrain,Generic,Info
P0C2D,AUXILIARY Transmission Fluid Pump Control Module Feedback,System: Hybrid/Electric Vehicle. Source: SAE J2012 / ISO 15031. This code is classified as Info-level severity within the Powertrain category.,Powertrain,Generic,Info
P0C2E,AUXILIARY Transmission Fluid Pump Control Module Feedback,System: Hybrid/Electric Vehicle. Source: SAE J2012 / ISO 15031. This code is classified as Info-level severity within the Powertrain category.,Powertrain,Generic,Info
P0C2F,Internal Control Module Drive Motor/Generator - Engine Speed,System: Hybrid/Electric Vehicle. Source: SAE J2012 / ISO 15031. This code is classified as Info-level severity within the Powertrain category.,Powertrain,Generic,Info
P0C30,Hybrid Battery Pack State of Charge High,System: Hybrid/Electric Vehicle. Source: SAE J2012 / ISO 15031. This code is classified as Warning-level severity within the Powertrain category.,Powertrain,Generic,Warning
P0C31,"Inverter ""B"" Cooling System Performance",System: Hybrid/Electric Vehicle. Source: SAE J2012 / ISO 15031. This code is classified as Warning-level severity within the Powertrain category.,Powertrain,Generic,Warning
P0C32,Hybrid Battery Cooling System Performance,System: Hybrid/Electric Vehicle. Source: SAE J2012 / ISO 15031. This code is classified as Warning-level severity within the Powertrain category.,Powertrain,Generic,Warning
P0C33,"Hybrid Battery Temperature Sensor ""F"" Circuit",System: Hybrid/Electric Vehicle. Source: SAE J2012 / ISO 15031. This code is classified as Info-level severity within the Powertrain category.,Powertrain,Generic,Info
P0C34,"Hybrid Battery Temperature Sensor ""F"" Circuit Range/Performance",System: Hybrid/Electric Vehicle. Source: SAE J2012 / ISO 15031. This code is classified as Warning-level severity within the Powertrain category.,Powertrain,Generic,Warning
P0C35,"Hybrid Battery Temperature Sensor ""F"" Circuit Low",System: Hybrid/Electric Vehicle. Source: SAE J2012 / ISO 15031. This code is classified as Warning-level severity within the Powertrain category.,Powertrain,Generic,Warning
P0C36,"Hybrid Battery Temperature Sensor ""F"" Circuit High",System: Hybrid/Electric Vehicle. Source: SAE J2012 / ISO 15031. This code is classified as Warning-level severity within the Powertrain category.,Powertrain,Generic,Warning
P0C37,"Hybrid Battery Temperature Sensor ""F"" Circuit Intermittent/Erratic",System: Hybrid/Electric Vehicle. Source: SAE J2012 / ISO 15031. This code is classified as Warning-level severity within the Powertrain category.,Powertrain,Generic,Warning
P0C38,"DC/DC Converter Temperature Sensor ""A"" Circuit",System: Hybrid/Electric Vehicle. Source: SAE J2012 / ISO 15031. This code is classified as Info-level severity within the Powertrain category.,Powertrain,Generic,Info
P0C39,"DC/DC Converter Temperature Sensor ""A"" Range/Performance",System: Hybrid/Electric Vehicle. Source: SAE J2012 / ISO 15031. This code is classified as Warning-level severity within the Powertrain category.,Powertrain,Generic,Warning
P0C3A,"DC/DC Converter Temperature Sensor ""A"" Low",System: Hybrid/Electric Vehicle. Source: SAE J2012 / ISO 15031. This code is classified as Warning-level severity within the Powertrain category.,Powertrain,Generic,Warning
P0C3B,"DC/DC Converter Temperature Sensor ""A"" High",System: Hybrid/Electric Vehicle. Source: SAE J2012 / ISO 15031. This code is classified as Warning-level severity within the Powertrain category.,Powertrain,Generic,Warning
P0C3C,"DC/DC Converter Temperature Sensor ""A"" Intermittent/Erratic",System: Hybrid/Electric Vehicle. Source: SAE J2012 / ISO 15031. This code is classified as Warning-level severity within the Powertrain category.,Powertrain,Generic,Warning
P0C3D,"DC/DC Converter Temperature Sensor ""B"" Circuit",System: Hybrid/Electric Vehicle. Source: SAE J2012 / ISO 15031. This code is classified as Info-level severity within the Powertrain category.,Powertrain,Generic,Info
P0C3E,"DC/DC Converter Temperature Sensor ""B"" Range/Performance",System: Hybrid/Electric Vehicle. Source: SAE J2012 / ISO 15031. This code is classified as Warning-level severity within the Powertrain category.,Powertrain,Generic,Warning
P0C3F,"DC/DC Converter Temperature Sensor ""B"" Low",System: Hybrid/Electric Vehicle. Source: SAE J2012 / ISO 15031. This code is classified as Warning-level severity within the Powertrain category.,Powertrain,Generic,Warning
P0C40,"DC/DC Converter Temperature Sensor ""B"" High",System: Hybrid/Electric Vehicle. Source: SAE J2012 / ISO 15031. This code is classified as Warning-level severity within the Powertrain category.,Powertrain,Generic,Warning
P0C41,"DC/DC Converter Temperature Sensor ""B"" Intermittent/Erratic",System: Hybrid/Electric Vehicle. Source: SAE J2012 / ISO 15031. This code is classified as Warning-level severity within the Powertrain category.,Powertrain,Generic,Warning
P0C42,Hybrid Battery Pack Coolant Temperature Sensor Circuit,System: Hybrid/Electric Vehicle. Source: SAE J2012 / ISO 15031. This code is classified as Info-level severity within the Powertrain category.,Powertrain,Generic,Info
P0C43,Hybrid Battery Pack Coolant Temperature Sensor Circuit,System: Hybrid/Electric Vehicle. Source: SAE J2012 / ISO 15031. This code is classified as Info-level severity within the Powertrain category.,Powertrain,Generic,Info
P0C44,Hybrid Battery Pack Coolant Temperature Sensor Circuit Low,System: Hybrid/Electric Vehicle. Source: SAE J2012 / ISO 15031. This code is classified as Warning-level severity within the Powertrain category.,Powertrain,Generic,Warning
P0C45,Hybrid Battery Pack Coolant Temperature Sensor Circuit High,System: Hybrid/Electric Vehicle. Source: SAE J2012 / ISO 15031. This code is classified as Warning-level severity within the Powertrain category.,Powertrain,Generic,Warning
P0C46,Hybrid Battery Pack Coolant Temperature Sensor Circuit,System: Hybrid/Electric Vehicle. Source: SAE J2012 / ISO 15031. This code is classified as Info-level severity within the Powertrain category.,Powertrain,Generic,Info
P0C47,Hybrid Battery Pack Coolant Pump Control Circuit/Open,System: Hybrid/Electric Vehicle. Source: SAE J2012 / ISO 15031. This code is classified as Critical-level severity within the Powertrain category.,Powertrain,Generic,Critical
P0C48,Hybrid Battery Pack Coolant Pump Control Circuit Low,System: Hybrid/Electric Vehicle. Source: SAE J2012 / ISO 15031. This code is classified as Warning-level severity within the Powertrain category.,Powertrain,Generic,Warning
P0C49,Hybrid Battery Pack Coolant Pump Control Circuit High,System: Hybrid/Electric Vehicle. Source: SAE J2012 / ISO 15031. This code is classified as Warning-level severity within the Powertrain category.,Powertrain,Generic,Warning
P0C4A,Hybrid Battery Pack Coolant Pump Control Performance,System: Hybrid/Electric Vehicle. Source: SAE J2012 / ISO 15031. This code is classified as Warning-level severity within the Powertrain category.,Powertrain,Generic,Warning
P0C4B,Hybrid Battery Pack Coolant Pump Supply Voltage Circuit/Open,System: Hybrid/Electric Vehicle. Source: SAE J2012 / ISO 15031. This code is classified as Critical-level severity within the Powertrain category.,Powertrain,Generic,Critical
P0C4C,Hybrid Battery Pack Coolant Pump Supply Voltage Circuit Low,System: Hybrid/Electric Vehicle. Source: SAE J2012 / ISO 15031. This code is classified as Warning-level severity within the Powertrain category.,Powertrain,Generic,Warning
P0C4D,Hybrid Battery Pack Coolant Pump Supply Voltage Circuit High,System: Hybrid/Electric Vehicle. Source: SAE J2012 / ISO 15031. This code is classified as Warning-level severity within the Powertrain category.,Powertrain,Generic,Warning
P0C4E,"Drive Motor ""A"" Position Exceeded Learning Limit",System: Hybrid/Electric Vehicle. Source: SAE J2012 / ISO 15031. This code is classified as Warning-level severity within the Powertrain category.,Powertrain,Generic,Warning
P0C4F,"Drive Motor ""B"" Position Exceeded Learning Limit",System: Hybrid/Electric Vehicle. Source: SAE J2012 / ISO 15031. This code is classified as Warning-level severity within the Powertrain category.,Powertrain,Generic,Warning
P0C50,"Drive Motor ""A"" Position Sensor Circuit ""A""",System: Hybrid/Electric Vehicle. Source: SAE J2012 / ISO 15031. This code is classified as Info-level severity within the Powertrain category.,Powertrain,Generic,Info
P0C51,"Drive Motor ""A"" Position Sensor Circuit ""A"" Range/Performance",System: Hybrid/Electric Vehicle. Source: SAE J2012 / ISO 15031. This code is classified as Warning-level severity within the Powertrain category.,Powertrain,Generic,Warning
P0C52,"Drive Motor ""A"" Position Sensor Circuit ""A"" Low",System: Hybrid/Electric Vehicle. Source: SAE J2012 / ISO 15031. This code is classified as Warning-level severity within the Powertrain category.,Powertrain,Generic,Warning
P0C53,"Drive Motor ""A"" Position Sensor Circuit ""A"" High",System: Hybrid/Electric Vehicle. Source: SAE J2012 / ISO 15031. This code is classified as Warning-level severity within the Powertrain category.,Powertrain,Generic,Warning
P0C54,"Drive Motor ""A"" Position Sensor Circuit ""A"" Intermittent/Erratic",System: Hybrid/Electric Vehicle. Source: SAE J2012 / ISO 15031. This code is classified as Warning-level severity within the Powertrain category.,Powertrain,Generic,Warning
P0C55,"Drive Motor ""B"" Position Sensor Circuit ""A""",System: Hybrid/Electric Vehicle. Source: SAE J2012 / ISO 15031. This code is classified as Info-level severity within the Powertrain category.,Powertrain,Generic,Info
P0C56,"Drive Motor ""B"" Position Sensor Circuit ""A"" Range/Performance",System: Hybrid/Electric Vehicle. Source: SAE J2012 / ISO 15031. This code is classified as Warning-level severity within the Powertrain category.,Powertrain,Generic,Warning
P0C57,"Drive Motor ""B"" Position Sensor Circuit ""A"" Low",System: Hybrid/Electric Vehicle. Source: SAE J2012 / ISO 15031. This code is classified as Warning-level severity within the Powertrain category.,Powertrain,Generic,Warning
P0C58,"Drive Motor ""B"" Position Sensor Circuit ""A"" High",System: Hybrid/Electric Vehicle. Source: SAE J2012 / ISO 15031. This code is classified as Warning-level severity within the Powertrain category.,Powertrain,Generic,Warning
P0C59,"Drive Motor ""B"" Position Sensor Circuit ""A"" Intermittent/Erratic",System: Hybrid/Electric Vehicle. Source: SAE J2012 / ISO 15031. This code is classified as Warning-level severity within the Powertrain category.,Powertrain,Generic,Warning
P0C5A,"Drive Motor ""A"" Position Sensor Circuit ""B""",System: Hybrid/Electric Vehicle. Source: SAE J2012 / ISO 15031. This code is classified as Info-level severity within the Powertrain category.,Powertrain,Generic,Info
P0C5B,"Drive Motor ""A"" Position Sensor Circuit ""B"" Range/Performance",System: Hybrid/Electric Vehicle. Source: SAE J2012 / ISO 15031. This code is classified as Warning-level severity within the Powertrain category.,Powertrain,Generic,Warning
P0C5C,"Drive Motor ""A"" Position Sensor Circuit ""B"" Low",System: Hybrid/Electric Vehicle. Source: SAE J2012 / ISO 15031. This code is classified as Warning-level severity within the Powertrain category.,Powertrain,Generic,Warning
P0C5D,"Drive Motor ""A"" Position Sensor Circuit ""B"" High",System: Hybrid/Electric Vehicle. Source: SAE J2012 / ISO 15031. This code is classified as Warning-level severity within the Powertrain category.,Powertrain,Generic,Warning
P0C5E,"Drive Motor ""A"" Position Sensor Circuit ""B"" Intermittent/Erratic",System: Hybrid/Electric Vehicle. Source: SAE J2012 / ISO 15031. This code is classified as Warning-level severity within the Powertrain category.,Powertrain,Generic,Warning
P0C5F,"Drive Motor ""B"" Position Sensor Circuit ""B""",System: Hybrid/Electric Vehicle. Source: SAE J2012 / ISO 15031. This code is classified as Info-level severity within the Powertrain category.,Powertrain,Generic,Info
P0C60,"Drive Motor ""B"" Position Sensor Circuit ""B"" Range/Performance",System: Hybrid/Electric Vehicle. Source: SAE J2012 / ISO 15031. This code is classified as Warning-level severity within the Powertrain category.,Powertrain,Generic,Warning
P0C61,"Drive Motor ""B"" Position Sensor Circuit ""B"" Low",System: Hybrid/Electric Vehicle. Source: SAE J2012 / ISO 15031. This code is classified as Warning-level severity within the Powertrain category.,Powertrain,Generic,Warning
P0C62,"Drive Motor ""B"" Position Sensor Circuit ""B"" High",System: Hybrid/Electric Vehicle. Source: SAE J2012 / ISO 15031. This code is classified as Warning-level severity within the Powertrain category.,Powertrain,Generic,Warning
P0C63,"Drive Motor ""B"" Position Sensor Circuit ""B"" Intermittent/Erratic",System: Hybrid/Electric Vehicle. Source: SAE J2012 / ISO 15031. This code is classified as Warning-level severity within the Powertrain category.,Powertrain,Generic,Warning
P0C64,"Generator Position Sensor Circuit ""A""",System: Hybrid/Electric Vehicle. Source: SAE J2012 / ISO 15031. This code is classified as Info-level severity within the Powertrain category.,Powertrain,Generic,Info
P0C65,"Generator Position Sensor Circuit ""A"" Range/Performance",System: Hybrid/Electric Vehicle. Source: SAE J2012 / ISO 15031. This code is classified as Warning-level severity within the Powertrain category.,Powertrain,Generic,Warning
P0C66,"Generator Position Sensor Circuit ""A"" Low",System: Hybrid/Electric Vehicle. Source: SAE J2012 / ISO 15031. This code is classified as Warning-level severity within the Powertrain category.,Powertrain,Generic,Warning
P0C67,"Generator Position Sensor Circuit ""A"" High",System: Hybrid/Electric Vehicle. Source: SAE J2012 / ISO 15031. This code is classified as Warning-level severity within the Powertrain category.,Powertrain,Generic,Warning
P0C68,"Generator Position Sensor Circuit ""A"" Intermittent/Erratic",System: Hybrid/Electric Vehicle. Source: SAE J2012 / ISO 15031. This code is classified as Warning-level severity within the Powertrain category.,Powertrain,Generic,Warning
P0C69,"Generator Position Sensor Circuit ""B""",System: Hybrid/Electric Vehicle. Source: SAE J2012 / ISO 15031. This code is classified as Info-level severity within the Powertrain category.,Powertrain,Generic,Info
P0C6A,"Generator Position Sensor Circuit ""B"" Range/Performance",System: Hybrid/Electric Vehicle. Source: SAE J2012 / ISO 15031. This code is classified as Warning-level severity within the Powertrain category.,Powertrain,Generic,Warning
P0C6B,"Generator Position Sensor Circuit ""B"" Low",System: Hybrid/Electric Vehicle. Source: SAE J2012 / ISO 15031. This code is classified as Warning-level severity within the Powertrain category.,Powertrain,Generic,Warning
P0C6C,"Generator Position Sensor Circuit ""B"" High",System: Hybrid/Electric Vehicle. Source: SAE J2012 / ISO 15031. This code is classified as Warning-level severity within the Powertrain category.,Powertrain,Generic,Warning
P0C6D,"Generator Position Sensor Circuit ""B"" Intermittent/Erratic",System: Hybrid/Electric Vehicle. Source: SAE J2012 / ISO 15031. This code is classified as Warning-level severity within the Powertrain category.,Powertrain,Generic,Warning
P0C6E,"Hybrid Battery Temperature Sensor ""A""/""B"" Correlation",System: Hybrid/Electric Vehicle. Source: SAE J2012 / ISO 15031. This code is classified as Warning-level severity within the Powertrain category.,Powertrain,Generic,Warning
P0C6F,"Hybrid Battery Temperature Sensor ""B""/""C"" Correlation",System: Hybrid/Electric Vehicle. Source: SAE J2012 / ISO 15031. This code is classified as Warning-level severity within the Powertrain category.,Powertrain,Generic,Warning
P0C70,"Hybrid Battery Temperature Sensor ""C""/""D"" Correlation",System: Hybrid/Electric Vehicle. Source: SAE J2012 / ISO 15031. This code is classified as Warning-level severity within the Powertrain category.,Powertrain,Generic,Warning
P0C71,"Hybrid Battery Temperature Sensor ""D""/""E"" Correlation",System: Hybrid/Electric Vehicle. Source: SAE J2012 / ISO 15031. This code is classified as Warning-level severity within the Powertrain category.,Powertrain,Generic,Warning
P0C72,"Hybrid Battery Temperature Sensor ""E""/""F"" Correlation",System: Hybrid/Electric Vehicle. Source: SAE J2012 / ISO 15031. This code is classified as Warning-level severity within the Powertrain category.,Powertrain,Generic,Warning
P0C73,"Motor Electronics Coolant Pump ""A"" Control Performance",System: Hybrid/Electric Vehicle. Source: SAE J2012 / ISO 15031. This code is classified as Warning-level severity within the Powertrain category.,Powertrain,Generic,Warning
P0C74,"Motor Electronics Coolant Pump ""B"" Control Performance",System: Hybrid/Electric Vehicle. Source: SAE J2012 / ISO 15031. This code is classified as Warning-level severity within the Powertrain category.,Powertrain,Generic,Warning
P0C75,Hybrid Battery System Discharge Time Too Short,System: Hybrid/Electric Vehicle. Source: SAE J2012 / ISO 15031. This code is classified as Critical-level severity within the Powertrain category.,Powertrain,Generic,Critical
P0C76,Hybrid Battery System Discharge Time Too Long,System: Hybrid/Electric Vehicle. Source: SAE J2012 / ISO 15031. This code is classified as Info-level severity within the Powertrain category.,Powertrain,Generic,Info
P0C77,Hybrid Battery System Precharge Time Too Short,System: Hybrid/Electric Vehicle. Source: SAE J2012 / ISO 15031. This code is classified as Critical-level severity within the Powertrain category.,Powertrain,Generic,Critical
P0C78,Hybrid Battery System Precharge Time Too Long,System: Hybrid/Electric Vehicle. Source: SAE J2012 / ISO 15031. This code is classified as Info-level severity within the Powertrain category.,Powertrain,Generic,Info
P0C79,"Drive Motor ""A"" Inverter Voltage Too High",System: Hybrid/Electric Vehicle. Source: SAE J2012 / ISO 15031. This code is classified as Warning-level severity within the Powertrain category.,Powertrain,Generic,Warning
P0C7A,"Drive Motor ""B"" Inverter Voltage Too High",System: Hybrid/Electric Vehicle. Source: SAE J2012 / ISO 15031. This code is classified as Warning-level severity within the Powertrain category.,Powertrain,Generic,Warning
P0C7B,Generator Inverter Voltage Too High,System: Hybrid/Electric Vehicle. Source: SAE J2012 / ISO 15031. This code is classified as Warning-level severity within the Powertrain category.,Powertrain,Generic,Warning
P0C7C,"Hybrid Battery Temperature Sensor ""G"" Circuit",System: Hybrid/Electric Vehicle. Source: SAE J2012 / ISO 15031. This code is classified as Info-level severity within the Powertrain category.,Powertrain,Generic,Info
P0C7D,"Hybrid Battery Temperature Sensor ""G"" Range/Performance",System: Hybrid/Electric Vehicle. Source: SAE J2012 / ISO 15031. This code is classified as Warning-level severity within the Powertrain category.,Powertrain,Generic,Warning
P0C7E,"Hybrid Battery Temperature Sensor ""G"" Circuit Low",System: Hybrid/Electric Vehicle. Source: SAE J2012 / ISO 15031. This code is classified as Warning-level severity within the Powertrain category.,Powertrain,Generic,Warning
P0C7F,"Hybrid Battery Temperature Sensor ""G"" Circuit High",System: Hybrid/Electric Vehicle. Source: SAE J2012 / ISO 15031. This code is classified as Warning-level severity within the Powertrain category.,Powertrain,Generic,Warning
P0C80,"Hybrid Battery Temperature Sensor ""G"" Circuit Intermittent/Erratic",System: Hybrid/Electric Vehicle. Source: SAE J2012 / ISO 15031. This code is classified as Warning-level severity within the Powertrain category.,Powertrain,Generic,Warning
P0C81,"Hybrid Battery Temperature Sensor ""H"" Circuit",System: Hybrid/Electric Vehicle. Source: SAE J2012 / ISO 15031. This code is classified as Info-level severity within the Powertrain category.,Powertrain,Generic,Info
P0C82,"Hybrid Battery Temperature Sensor ""H"" Range/Performance",System: Hybrid/Electric Vehicle. Source: SAE J2012 / ISO 15031. This code is classified as Warning-level severity within the Powertrain category.,Powertrain,Generic,Warning
P0C83,"Hybrid Battery Temperature Sensor ""H"" Circuit Low",System: Hybrid/Electric Vehicle. Source: SAE J2012 / ISO 15031. This code is classified as Warning-level severity within the Powertrain category.,Powertrain,Generic,Warning
P0C84,"Hybrid Battery Temperature Sensor ""H"" Circuit High",System: Hybrid/Electric Vehicle. Source: SAE J2012 / ISO 15031. This code is classified as Warning-level severity within the Powertrain category.,Powertrain,Generic,Warning
P0C85,"Hybrid Battery Temperature Sensor ""H"" Circuit Intermittent/Erratic",System: Hybrid/Electric Vehicle. Source: SAE J2012 / ISO 15031. This code is classified as Warning-level severity within the Powertrain category.,Powertrain,Generic,Warning
P0C86,"Hybrid Battery Temperature Sensor ""F""/""G"" Correlation",System: Hybrid/Electric Vehicle. Source: SAE J2012 / ISO 15031. This code is classified as Warning-level severity within the Powertrain category.,Powertrain,Generic,Warning
P0C87,"Hybrid Battery Temperature Sensor ""G""/""H"" Correlation",System: Hybrid/Electric Vehicle. Source: SAE J2012 / ISO 15031. This code is classified as Warning-level severity within the Powertrain category.,Powertrain,Generic,Warning
P1000,Manufacturer Controlled DTC,System: General. Source: SAE J2012 / ISO 15031. This code is classified as Info-level severity within the Powertrain category.,Powertrain,Manufacturer,Info
P2000,nox Adsorber Efficiency Below Threshold,System: Emissions System. Source: SAE J2012 / ISO 15031. This code is classified as Warning-level severity within the Powertrain category.,Powertrain,Manufacturer,Warning
P2001,nox Adsorber Efficiency Below Threshold,System: Emissions System. Source: SAE J2012 / ISO 15031. This code is classified as Warning-level severity within the Powertrain category.,Powertrain,Manufacturer,Warning
P2002,Diesel Particulate Filter Efficiency Below Threshold,System: Emissions System. Source: SAE J2012 / ISO 15031. This code is classified as Warning-level severity within the Powertrain category.,Powertrain,Manufacturer,Warning
P2004,Intake Manifold Runner Control Stuck Open,System: Emissions System. Source: SAE J2012 / ISO 15031. This code is classified as Critical-level severity within the Powertrain category.,Powertrain,Manufacturer,Critical
P2005,Intake Manifold Runner Control Stuck Open,System: Emissions System. Source: SAE J2012 / ISO 15031. This code is classified as Critical-level severity within the Powertrain category.,Powertrain,Manufacturer,Critical
P2006,Intake Manifold Runner Control Stuck Closed,System: Emissions System. Source: SAE J2012 / ISO 15031. This code is classified as Critical-level severity within the Powertrain category.,Powertrain,Manufacturer,Critical
P2007,Intake Manifold Runner Control Stuck Closed,System: Emissions System. Source: SAE J2012 / ISO 15031. This code is classified as Critical-level severity within the Powertrain category.,Powertrain,Manufacturer,Critical
P2008,Intake Manifold Runner Control Circuit/Open,System: Emissions System. Source: SAE J2012 / ISO 15031. This code is classified as Critical-level severity within the Powertrain category.,Powertrain,Manufacturer,Critical
P2009,Intake Manifold Runner Control Circuit Low,System: Emissions System. Source: SAE J2012 / ISO 15031. This code is classified as Warning-level severity within the Powertrain category.,Powertrain,Manufacturer,Warning
P200A,Intake Manifold Runner Performance,System: Emissions System. Source: SAE J2012 / ISO 15031. This code is classified as Warning-level severity within the Powertrain category.,Powertrain,Manufacturer,Warning
P200B,Intake Manifold Runner Performance,System: Emissions System. Source: SAE J2012 / ISO 15031. This code is classified as Warning-level severity within the Powertrain category.,Powertrain,Manufacturer,Warning
P200C,Diesel Particulate Filter Over Temperature,System: Emissions System. Source: SAE J2012 / ISO 15031. This code is classified as Critical-level severity within the Powertrain category.,Powertrain,Manufacturer,Critical
P200D,Diesel Particulate Filter Over Temperature,System: Emissions System. Source: SAE J2012 / ISO 15031. This code is classified as Critical-level severity within the Powertrain category.,Powertrain,Manufacturer,Critical
P200E,Catalyst System Over Temperature,System: Emissions System. Source: SAE J2012 / ISO 15031. This code is classified as Critical-level severity within the Powertrain category.,Powertrain,Manufacturer,Critical
P200F,Catalyst System Over Temperature,System: Emissions System. Source: SAE J2012 / ISO 15031. This code is classified as Critical-level severity within the Powertrain category.,Powertrain,Manufacturer,Critical
P2010,Intake Manifold Runner Control Circuit High,System: Emissions System. Source: SAE J2012 / ISO 15031. This code is classified as Warning-level severity within the Powertrain category.,Powertrain,Manufacturer,Warning
P2011,Intake Manifold Runner Control Circuit/Open,System: Emissions System. Source: SAE J2012 / ISO 15031. This code is classified as Critical-level severity within the Powertrain category.,Powertrain,Manufacturer,Critical
P2012,Intake Manifold Runner Control Circuit Low,System: Emissions System. Source: SAE J2012 / ISO 15031. This code is classified as Warning-level severity within the Powertrain category.,Powertrain,Manufacturer,Warning
P2013,Intake Manifold Runner Control Circuit High,System: Emissions System. Source: SAE J2012 / ISO 15031. This code is classified as Warning-level severity within the Powertrain category.,Powertrain,Manufacturer,Warning
P2014,Intake Manifold Runner Position Sensor/Switch Circuit,System: Emissions System. Source: SAE J2012 / ISO 15031. This code is classified as Info-level severity within the Powertrain category.,Powertrain,Manufacturer,Info
P2015,Intake Manifold Runner Position Sensor/Switch Circuit,System: Emissions System. Source: SAE J2012 / ISO 15031. This code is classified as Info-level severity within the Powertrain category.,Powertrain,Manufacturer,Info
P2016,Intake Manifold Runner Position Sensor/Switch Circuit Low,System: Emissions System. Source: SAE J2012 / ISO 15031. This code is classified as Warning-level severity within the Powertrain category.,Powertrain,Manufacturer,Warning
P2017,Intake Manifold Runner Position Sensor/Switch Circuit High,System: Emissions System. Source: SAE J2012 / ISO 15031. This code is classified as Warning-level severity within the Powertrain category.,Powertrain,Manufacturer,Warning
P2018,Intake Manifold Runner Position Sensor/Switch Circuit Intermittent,System: Emissions System. Source: SAE J2012 / ISO 15031. This code is classified as Warning-level severity within the Powertrain category.,Powertrain,Manufacturer,Warning
P2019,Intake Manifold Runner Position Sensor/Switch Circuit,System: Emissions System. Source: SAE J2012 / ISO 15031. This code is classified as Info-level severity within the Powertrain category.,Powertrain,Manufacturer,Info
P201A,Reductant Injection Valve Circuit Range/Performance,System: Emissions System. Source: SAE J2012 / ISO 15031. This code is classified as Warning-level severity within the Powertrain category.,Powertrain,Manufacturer,Warning
P2020,Intake Manifold Runner Position Sensor/Switch Circuit,System: Emissions System. Source: SAE J2012 / ISO 15031. This code is classified as Info-level severity within the Powertrain category.,Powertrain,Manufacturer,Info
P2021,Intake Manifold Runner Position Sensor/Switch Circuit Low,System: Emissions System. Source: SAE J2012 / ISO 15031. This code is classified as Warning-level severity within the Powertrain category.,Powertrain,Manufacturer,Warning
P2022,Intake Manifold Runner Position Sensor/Switch Circuit High,System: Emissions System. Source: SAE J2012 / ISO 15031. This code is classified as Warning-level severity within the Powertrain category.,Powertrain,Manufacturer,Warning
P2023,Intake Manifold Runner Position Sensor/Switch Circuit Intermittent,System: Emissions System. Source: SAE J2012 / ISO 15031. This code is classified as Warning-level severity within the Powertrain category.,Powertrain,Manufacturer,Warning
P2024,Evaporative Emissions (EVAP) Fuel Vapor Temperature Sensor,System: Emissions System. Source: SAE J2012 / ISO 15031. This code is classified as Info-level severity within the Powertrain category.,Powertrain,Manufacturer,Info
P2025,Evaporative Emissions (EVAP) Fuel Vapor Temperature Sensor,System: Emissions System. Source: SAE J2012 / ISO 15031. This code is classified as Info-level severity within the Powertrain category.,Powertrain,Manufacturer,Info
P2026,Evaporative Emissions (EVAP) Fuel Vapor Temperature Sensor,System: Emissions System. Source: SAE J2012 / ISO 15031. This code is classified as Info-level severity within the Powertrain category.,Powertrain,Manufacturer,Info
P2027,Evaporative Emissions (EVAP) Fuel Vapor Temperature Sensor,System: Emissions System. Source: SAE J2012 / ISO 15031. This code is classified as Info-level severity within the Powertrain category.,Powertrain,Manufacturer,Info
P2028,Evaporative Emissions (EVAP) Fuel Vapor Temperature Sensor,System: Emissions System. Source: SAE J2012 / ISO 15031. This code is classified as Info-level severity within the Powertrain category.,Powertrain,Manufacturer,Info
P2029,Fuel Fired Heater Disabled,System: Emissions System. Source: SAE J2012 / ISO 15031. This code is classified as Info-level severity within the Powertrain category.,Powertrain,Manufacturer,Info
P202A,Reductant Tank Heater Control Circuit/Open,System: Emissions System. Source: SAE J2012 / ISO 15031. This code is classified as Critical-level severity within the Powertrain category.,Powertrain,Manufacturer,Critical
P202B,Reductant Tank Heater Control Circuit Low,System: Emissions System. Source: SAE J2012 / ISO 15031. This code is classified as Warning-level severity within the Powertrain category.,Powertrain,Manufacturer,Warning
P202C,Reductant Tank Heater Control Circuit High,System: Emissions System. Source: SAE J2012 / ISO 15031. This code is classified as Warning-level severity within the Powertrain category.,Powertrain,Manufacturer,Warning
P202D,Reductant Leakage,System: Emissions System. Source: SAE J2012 / ISO 15031. This code is classified as Critical-level severity within the Powertrain category.,Powertrain,Manufacturer,Critical
P202E,Reductant Injection Valve Circuit Range/Performance,System: Emissions System. Source: SAE J2012 / ISO 15031. This code is classified as Warning-level severity within the Powertrain category.,Powertrain,Manufacturer,Warning
P202F,Reductant/Regeneration Supply Control Circuit Range/Performance,System: Emissions System. Source: SAE J2012 / ISO 15031. This code is classified as Warning-level severity within the Powertrain category.,Powertrain,Manufacturer,Warning
P2030,Fuel Fired Heater Performance,System: Emissions System. Source: SAE J2012 / ISO 15031. This code is classified as Warning-level severity within the Powertrain category.,Powertrain,Manufacturer,Warning
P2031,Exhaust Gas Temperature Sensor Circuit,System: Emissions System. Source: SAE J2012 / ISO 15031. This code is classified as Info-level severity within the Powertrain category.,Powertrain,Manufacturer,Info
P2032,Exhaust Gas Temperature Sensor Circuit Low,System: Emissions System. Source: SAE J2012 / ISO 15031. This code is classified as Warning-level severity within the Powertrain category.,Powertrain,Manufacturer,Warning
P2033,Exhaust Gas Temperature Sensor Circuit High,System: Emissions System. Source: SAE J2012 / ISO 15031. This code is classified as Warning-level severity within the Powertrain category.,Powertrain,Manufacturer,Warning
P2034,Exhaust Gas Temperature Sensor Circuit,System: Emissions System. Source: SAE J2012 / ISO 15031. This code is classified as Info-level severity within the Powertrain category.,Powertrain,Manufacturer,Info
P2035,Exhaust Gas Temperature Sensor Circuit Low,System: Emissions System. Source: SAE J2012 / ISO 15031. This code is classified as Warning-level severity within the Powertrain category.,Powertrain,Manufacturer,Warning
P2036,Exhaust Gas Temperature Sensor Circuit High,System: Emissions System. Source: SAE J2012 / ISO 15031. This code is classified as Warning-level severity within the Powertrain category.,Powertrain,Manufacturer,Warning
P2037,"Reductant Injection Air Pressure Sensor ""A"" Circuit",System: Emissions System. Source: SAE J2012 / ISO 15031. This code is classified as Info-level severity within the Powertrain category.,Powertrain,Manufacturer,Info
P2038,"Reductant Injection Air Pressure Sensor ""A"" Circuit",System: Emissions System. Source: SAE J2012 / ISO 15031. This code is classified as Info-level severity within the Powertrain category.,Powertrain,Manufacturer,Info
P2039,"Reductant Injection Air Pressure Sensor ""A"" Circuit Low",System: Emissions System. Source: SAE J2012 / ISO 15031. This code is classified as Warning-level severity within the Powertrain category.,Powertrain,Manufacturer,Warning
P203A,Reductant Level Sensor Circuit,System: Emissions System. Source: SAE J2012 / ISO 15031. This code is classified as Info-level severity within the Powertrain category.,Powertrain,Manufacturer,Info
P203B,Reductant Level Sensor Circuit Range/Performance,System: Emissions System. Source: SAE J2012 / ISO 15031. This code is classified as Warning-level severity within the Powertrain category.,Powertrain,Manufacturer,Warning
P203C,Reductant Level Sensor Circuit Low,System: Emissions System. Source: SAE J2012 / ISO 15031. This code is classified as Warning-level severity within the Powertrain category.,Powertrain,Manufacturer,Warning
P203D,Reductant Level Sensor Circuit High,System: Emissions System. Source: SAE J2012 / ISO 15031. This code is classified as Warning-level severity within the Powertrain category.,Powertrain,Manufacturer,Warning
P203E,Reductant Level Sensor Circuit Intermittent/Erratic,System: Emissions System. Source: SAE J2012 / ISO 15031. This code is classified as Warning-level severity within the Powertrain category.,Powertrain,Manufacturer,Warning
P203F,Reductant Level Too Low,System: Emissions System. Source: SAE J2012 / ISO 15031. This code is classified as Warning-level severity within the Powertrain category.,Powertrain,Manufacturer,Warning
P2040,"Reductant Injection Air Pressure Sensor ""A"" Circuit High",System: Emissions System. Source: SAE J2012 / ISO 15031. This code is classified as Warning-level severity within the Powertrain category.,Powertrain,Manufacturer,Warning
P2041,"Reductant Injection Air Pressure Sensor ""A"" Circuit Intermittent",System: Emissions System. Source: SAE J2012 / ISO 15031. This code is classified as Warning-level severity within the Powertrain category.,Powertrain,Manufacturer,Warning
P2042,Reductant Temperature Sensor Circuit,System: Emissions System. Source: SAE J2012 / ISO 15031. This code is classified as Info-level severity within the Powertrain category.,Powertrain,Manufacturer,Info
P2043,Reductant Temperature Sensor Circuit Range/Performance,System: Emissions System. Source: SAE J2012 / ISO 15031. This code is classified as Warning-level severity within the Powertrain category.,Powertrain,Manufacturer,Warning
P2044,Reductant Temperature Sensor Circuit Low,System: Emissions System. Source: SAE J2012 / ISO 15031. This code is classified as Warning-level severity within the Powertrain category.,Powertrain,Manufacturer,Warning
P2045,Reductant Temperature Sensor Circuit High,System: Emissions System. Source: SAE J2012 / ISO 15031. This code is classified as Warning-level severity within the Powertrain category.,Powertrain,Manufacturer,Warning
P2046,Reductant Temperature Sensor Circuit Intermittent,System: Emissions System. Source: SAE J2012 / ISO 15031. This code is classified as Warning-level severity within the Powertrain category.,Powertrain,Manufacturer,Warning
P2047,Reductant Injection Valve Circuit/Open,System: Emissions System. Source: SAE J2012 / ISO 15031. This code is classified as Critical-level severity within the Powertrain category.,Powertrain,Manufacturer,Critical
P2048,Reductant Injection Valve Circuit Low,System: Emissions System. Source: SAE J2012 / ISO 15031. This code is classified as Warning-level severity within the Powertrain category.,Powertrain,Manufacturer,Warning
P2049,Reductant Injection Valve Circuit High,System: Emissions System. Source: SAE J2012 / ISO 15031. This code is classified as Warning-level severity within the Powertrain category.,Powertrain,Manufacturer,Warning
P204A,Reductant Pressure Sensor Circuit,System: Emissions System. Source: SAE J2012 / ISO 15031. This code is classified as Info-level severity within the Powertrain category.,Powertrain,Manufacturer,Info
P204B,Reductant Pressure Sensor Circuit Range/Performance,System: Emissions System. Source: SAE J2012 / ISO 15031. This code is classified as Warning-level severity within the Powertrain category.,Powertrain,Manufacturer,Warning
P204C,Reductant Pressure Sensor Circuit Low,System: Emissions System. Source: SAE J2012 / ISO 15031. This code is classified as Warning-level severity within the Powertrain category.,Powertrain,Manufacturer,Warning
P204D,Reductant Pressure Sensor Circuit High,System: Emissions System. Source: SAE J2012 / ISO 15031. This code is classified as Warning-level severity within the Powertrain category.,Powertrain,Manufacturer,Warning
P204E,Reductant Pressure Sensor Circuit Intermittent/Erratic,System: Emissions System. Source: SAE J2012 / ISO 15031. This code is classified as Warning-level severity within the Powertrain category.,Powertrain,Manufacturer,Warning
P204F,Reductant System Performance,System: Emissions System. Source: SAE J2012 / ISO 15031. This code is classified as Warning-level severity within the Powertrain category.,Powertrain,Manufacturer,Warning
P2050,Reductant Injection Valve Circuit/Open,System: Emissions System. Source: SAE J2012 / ISO 15031. This code is classified as Critical-level severity within the Powertrain category.,Powertrain,Manufacturer,Critical
P2051,Reductant Injection Valve Circuit Low,System: Emissions System. Source: SAE J2012 / ISO 15031. This code is classified as Warning-level severity within the Powertrain category.,Powertrain,Manufacturer,Warning
P2052,Reductant Injection Valve Circuit High,System: Emissions System. Source: SAE J2012 / ISO 15031. This code is classified as Warning-level severity within the Powertrain category.,Powertrain,Manufacturer,Warning
P2053,Reductant Injection Valve Circuit/Open,System: Emissions System. Source: SAE J2012 / ISO 15031. This code is classified as Critical-level severity within the Powertrain category.,Powertrain,Manufacturer,Critical
P2054,Reductant Injection Valve Circuit Low,System: Emissions System. Source: SAE J2012 / ISO 15031. This code is classified as Warning-level severity within the Powertrain category.,Powertrain,Manufacturer,Warning
P2055,Reductant Injection Valve Circuit High,System: Emissions System. Source: SAE J2012 / ISO 15031. This code is classified as Warning-level severity within the Powertrain category.,Powertrain,Manufacturer,Warning
P2056,Reductant Injection Valve Circuit/Open,System: Emissions System. Source: SAE J2012 / ISO 15031. This code is classified as Critical-level severity within the Powertrain category.,Powertrain,Manufacturer,Critical
P2057,Reductant Injection Valve Circuit Low,System: Emissions System. Source: SAE J2012 / ISO 15031. This code is classified as Warning-level severity within the Powertrain category.,Powertrain,Manufacturer,Warning
P2058,Reductant Injection Valve Circuit High,System: Emissions System. Source: SAE J2012 / ISO 15031. This code is classified as Warning-level severity within the Powertrain category.,Powertrain,Manufacturer,Warning
P2059,Reductant Injection Air Pump Control Circuit/Open,System: Emissions System. Source: SAE J2012 / ISO 15031. This code is classified as Critical-level severity within the Powertrain category.,Powertrain,Manufacturer,Critical
P205A,Reductant Tank Temperature Sensor Circuit,System: Emissions System. Source: SAE J2012 / ISO 15031. This code is classified as Info-level severity within the Powertrain category.,Powertrain,Manufacturer,Info
P205B,Reductant Tank Temperature Sensor Circuit Range/Performance,System: Emissions System. Source: SAE J2012 / ISO 15031. This code is classified as Warning-level severity within the Powertrain category.,Powertrain,Manufacturer,Warning
P205C,Reductant Tank Temperature Sensor Circuit Low,System: Emissions System. Source: SAE J2012 / ISO 15031. This code is classified as Warning-level severity within the Powertrain category.,Powertrain,Manufacturer,Warning
P205D,Reductant Tank Temperature Sensor Circuit High,System: Emissions System. Source: SAE J2012 / ISO 15031. This code is classified as Warning-level severity within the Powertrain category.,Powertrain,Manufacturer,Warning
P205E,Reductant Tank Temperature Sensor Circuit Intermittent/Erratic,System: Emissions System. Source: SAE J2012 / ISO 15031. This code is classified as Warning-level severity within the Powertrain category.,Powertrain,Manufacturer,Warning
P205F,Reductant System Performance,System: Emissions System. Source: SAE J2012 / ISO 15031. This code is classified as Warning-level severity within the Powertrain category.,Powertrain,Manufacturer,Warning
P2060,Reductant Injection Air Pump Control Circuit Low,System: Emissions System. Source: SAE J2012 / ISO 15031. This code is classified as Warning-level severity within the Powertrain category.,Powertrain,Manufacturer,Warning
P2061,Reductant Injection Air Pump Control Circuit High,System: Emissions System. Source: SAE J2012 / ISO 15031. This code is classified as Warning-level severity within the Powertrain category.,Powertrain,Manufacturer,Warning
P2062,Reductant/Regeneration Supply Control Circuit/Open,System: Emissions System. Source: SAE J2012 / ISO 15031. This code is classified as Critical-level severity within the Powertrain category.,Powertrain,Manufacturer,Critical
P2063,Reductant/Regeneration Supply Control Circuit Low,System: Emissions System. Source: SAE J2012 / ISO 15031. This code is classified as Warning-level severity within the Powertrain category.,Powertrain,Manufacturer,Warning
P2064,Reductant/Regeneration Supply Control Circuit High,System: Emissions System. Source: SAE J2012 / ISO 15031. This code is classified as Warning-level severity within the Powertrain category.,Powertrain,Manufacturer,Warning
P2065,"Fuel Level Sensor ""B"" Circuit",System: Emissions System. Source: SAE J2012 / ISO 15031. This code is classified as Info-level severity within the Powertrain category.,Powertrain,Manufacturer,Info
P2066,"Fuel Level Sensor ""B"" Performance",System: Emissions System. Source: SAE J2012 / ISO 15031. This code is classified as Warning-level severity within the Powertrain category.,Powertrain,Manufacturer,Warning
P2067,"Fuel Level Sensor ""B"" Circuit Low",System: Emissions System. Source: SAE J2012 / ISO 15031. This code is classified as Warning-level severity within the Powertrain category.,Powertrain,Manufacturer,Warning
P2068,"Fuel Level Sensor ""B"" Circuit High",System: Emissions System. Source: SAE J2012 / ISO 15031. This code is classified as Warning-level severity within the Powertrain category.,Powertrain,Manufacturer,Warning
P2069,"Fuel Level Sensor ""B"" Circuit Intermittent",System: Emissions System. Source: SAE J2012 / ISO 15031. This code is classified as Warning-level severity within the Powertrain category.,Powertrain,Manufacturer,Warning
P206A,Reductant Quality Sensor Circuit,System: Emissions System. Source: SAE J2012 / ISO 15031. This code is classified as Info-level severity within the Powertrain category.,Powertrain,Manufacturer,Info
P206B,Reductant Quality Sensor Circuit Range/Performance,System: Emissions System. Source: SAE J2012 / ISO 15031. This code is classified as Warning-level severity within the Powertrain category.,Powertrain,Manufacturer,Warning
P206C,Reductant Quality Sensor Circuit Low,System: Emissions System. Source: SAE J2012 / ISO 15031. This code is classified as Warning-level severity within the Powertrain category.,Powertrain,Manufacturer,Warning
P206D,Reductant Quality Sensor Circuit High,System: Emissions System. Source: SAE J2012 / ISO 15031. This code is classified as Warning-level severity within the Powertrain category.,Powertrain,Manufacturer,Warning
P206E,Intake Manifold Tuning (IMT) Valve Stuck Open,System: Emissions System. Source: SAE J2012 / ISO 15031. This code is classified as Critical-level severity within the Powertrain category.,Powertrain,Manufacturer,Critical
P206F,Intake Manifold Tuning (IMT) Valve Stuck Closed,System: Emissions System. Source: SAE J2012 / ISO 15031. This code is classified as Critical-level severity within the Powertrain category.,Powertrain,Manufacturer,Critical
P2070,Intake Manifold Tuning (IMT) Valve Stuck Open,System: Emissions System. Source: SAE J2012 / ISO 15031. This code is classified as Critical-level severity within the Powertrain category.,Powertrain,Manufacturer,Critical
P2071,Intake Manifold Tuning (IMT) Valve Stuck Closed,System: Emissions System. Source: SAE J2012 / ISO 15031. This code is classified as Critical-level severity within the Powertrain category.,Powertrain,Manufacturer,Critical
P2072,Throttle Actuator Control System - Ice Blockage,System: Emissions System. Source: SAE J2012 / ISO 15031. This code is classified as Info-level severity within the Powertrain category.,Powertrain,Manufacturer,Info
P2073,Manifold Absolute Pressure/Mass Air Flow - Throttle Position,System: Emissions System. Source: SAE J2012 / ISO 15031. This code is classified as Warning-level severity within the Powertrain category.,Powertrain,Manufacturer,Warning
P2074,Manifold Absolute Pressure/Mass Air Flow - Throttle Position,System: Emissions System. Source: SAE J2012 / ISO 15031. This code is classified as Warning-level severity within the Powertrain category.,Powertrain,Manufacturer,Warning
P2075,Intake Manifold Tuning (IMT) Valve Position Sensor/Switch Circuit,System: Emissions System. Source: SAE J2012 / ISO 15031. This code is classified as Info-level severity within the Powertrain category.,Powertrain,Manufacturer,Info
P2076,Intake Manifold Tuning (IMT) Valve Position Sensor/Switch Circuit,System: Emissions System. Source: SAE J2012 / ISO 15031. This code is classified as Info-level severity within the Powertrain category.,Powertrain,Manufacturer,Info
P2077,Intake Manifold Tuning (IMT) Valve Position Sensor/Switch Circuit,System: Emissions System. Source: SAE J2012 / ISO 15031. This code is classified as Info-level severity within the Powertrain category.,Powertrain,Manufacturer,Info
P2078,Intake Manifold Tuning (IMT) Valve Position Sensor/Switch Circuit,System: Emissions System. Source: SAE J2012 / ISO 15031. This code is classified as Info-level severity within the Powertrain category.,Powertrain,Manufacturer,Info
P2079,Intake Manifold Tuning (IMT) Valve Position Sensor/Switch Circuit,System: Emissions System. Source: SAE J2012 / ISO 15031. This code is classified as Info-level severity within the Powertrain category.,Powertrain,Manufacturer,Info
P207A,Intake Manifold Tuning (IMT) Valve Position Sensor/Switch Circuit,System: Emissions System. Source: SAE J2012 / ISO 15031. This code is classified as Info-level severity within the Powertrain category.,Powertrain,Manufacturer,Info
P207B,Intake Manifold Tuning (IMT) Valve Position Sensor/Switch Circuit,System: Emissions System. Source: SAE J2012 / ISO 15031. This code is classified as Info-level severity within the Powertrain category.,Powertrain,Manufacturer,Info
P207C,Intake Manifold Tuning (IMT) Valve Position Sensor/Switch Circuit,System: Emissions System. Source: SAE J2012 / ISO 15031. This code is classified as Info-level severity within the Powertrain category.,Powertrain,Manufacturer,Info
P207D,Intake Manifold Tuning (IMT) Valve Position Sensor/Switch Circuit,System: Emissions System. Source: SAE J2012 / ISO 15031. This code is classified as Info-level severity within the Powertrain category.,Powertrain,Manufacturer,Info
P207E,Intake Manifold Tuning (IMT) Valve Position Sensor/Switch Circuit,System: Emissions System. Source: SAE J2012 / ISO 15031. This code is classified as Info-level severity within the Powertrain category.,Powertrain,Manufacturer,Info
P207F,Reductant Quality Performance,System: Emissions System. Source: SAE J2012 / ISO 15031. This code is classified as Warning-level severity within the Powertrain category.,Powertrain,Manufacturer,Warning
P2080,Exhaust Gas Temperature Sensor Circuit Range/Performance,System: Emissions System. Source: SAE J2012 / ISO 15031. This code is classified as Warning-level severity within the Powertrain category.,Powertrain,Manufacturer,Warning
P2081,Exhaust Gas Temperature Sensor Circuit Intermittent,System: Emissions System. Source: SAE J2012 / ISO 15031. This code is classified as Warning-level severity within the Powertrain category.,Powertrain,Manufacturer,Warning
P2082,Exhaust Gas Temperature Sensor Circuit Range/Performance,System: Emissions System. Source: SAE J2012 / ISO 15031. This code is classified as Warning-level severity within the Powertrain category.,Powertrain,Manufacturer,Warning
P2083,Exhaust Gas Temperature Sensor Circuit Intermittent,System: Emissions System. Source: SAE J2012 / ISO 15031. This code is classified as Warning-level severity within the Powertrain category.,Powertrain,Manufacturer,Warning
P2084,Exhaust Gas Temperature Sensor Circuit Range/Performance,System: Emissions System. Source: SAE J2012 / ISO 15031. This code is classified as Warning-level severity within the Powertrain category.,Powertrain,Manufacturer,Warning
P2085,Exhaust Gas Temperature Sensor Circuit Intermittent,System: Emissions System. Source: SAE J2012 / ISO 15031. This code is classified as Warning-level severity within the Powertrain category.,Powertrain,Manufacturer,Warning
P2086,Exhaust Gas Temperature Sensor Circuit Range/Performance,System: Emissions System. Source: SAE J2012 / ISO 15031. This code is classified as Warning-level severity within the Powertrain category.,Powertrain,Manufacturer,Warning
P2087,Exhaust Gas Temperature Sensor Circuit Intermittent,System: Emissions System. Source: SAE J2012 / ISO 15031. This code is classified as Warning-level severity within the Powertrain category.,Powertrain,Manufacturer,Warning
P2088,"""A"" Camshaft Position Actuator Control Circuit Low",System: Emissions System. Source: SAE J2012 / ISO 15031. This code is classified as Warning-level severity within the Powertrain category.,Powertrain,Manufacturer,Warning
P2089,"""A"" Camshaft Position Actuator Control Circuit High",System: Emissions System. Source: SAE J2012 / ISO 15031. This code is classified as Warning-level severity within the Powertrain category.,Powertrain,Manufacturer,Warning
P208A,Reductant Pump Control Circuit/Open,System: Emissions System. Source: SAE J2012 / ISO 15031. This code is classified as Critical-level severity within the Powertrain category.,Powertrain,Manufacturer,Critical
P208B,Reductant Pump Control Range/Performance,System: Emissions System. Source: SAE J2012 / ISO 15031. This code is classified as Warning-level severity within the Powertrain category.,Powertrain,Manufacturer,Warning
P208C,Reductant Pump Control Circuit Low,System: Emissions System. Source: SAE J2012 / ISO 15031. This code is classified as Warning-level severity within the Powertrain category.,Powertrain,Manufacturer,Warning
P208D,Reductant Pump Control Circuit High,System: Emissions System. Source: SAE J2012 / ISO 15031. This code is classified as Warning-level severity within the Powertrain category.,Powertrain,Manufacturer,Warning
P208E,Reductant Injection Valve Stuck Closed,System: Emissions System. Source: SAE J2012 / ISO 15031. This code is classified as Critical-level severity within the Powertrain category.,Powertrain,Manufacturer,Critical
P208F,Reductant Injection Valve Stuck Closed,System: Emissions System. Source: SAE J2012 / ISO 15031. This code is classified as Critical-level severity within the Powertrain category.,Powertrain,Manufacturer,Critical
P2090,"""B"" Camshaft Position Actuator Control Circuit Low",System: Emissions System. Source: SAE J2012 / ISO 15031. This code is classified as Warning-level severity within the Powertrain category.,Powertrain,Manufacturer,Warning
P2091,"""B"" Camshaft Position Actuator Control Circuit High",System: Emissions System. Source: SAE J2012 / ISO 15031. This code is classified as Warning-level severity within the Powertrain category.,Powertrain,Manufacturer,Warning
P2092,"""A"" Camshaft Position Actuator Control Circuit Low",System: Emissions System. Source: SAE J2012 / ISO 15031. This code is classified as Warning-level severity within the Powertrain category.,Powertrain,Manufacturer,Warning
P2093,"""A"" Camshaft Position Actuator Control Circuit High",System: Emissions System. Source: SAE J2012 / ISO 15031. This code is classified as Warning-level severity within the Powertrain category.,Powertrain,Manufacturer,Warning
P2094,"""B"" Camshaft Position Actuator Control Circuit Low",System: Emissions System. Source: SAE J2012 / ISO 15031. This code is classified as Warning-level severity within the Powertrain category.,Powertrain,Manufacturer,Warning
P2095,"""B"" Camshaft Position Actuator Control Circuit High",System: Emissions System. Source: SAE J2012 / ISO 15031. This code is classified as Warning-level severity within the Powertrain category.,Powertrain,Manufacturer,Warning
P2096,Post Catalyst Fuel Trim System Too Lean,System: Emissions System. Source: SAE J2012 / ISO 15031. This code is classified as Info-level severity within the Powertrain category.,Powertrain,Manufacturer,Info
P2097,Post Catalyst Fuel Trim System Too Rich Bank 1,System: Emissions System. Source: SAE J2012 / ISO 15031. This code is classified as Info-level severity within the Powertrain category.,Powertrain,Manufacturer,Info
P2098,Post Catalyst Fuel Trim System Too Lean,System: Emissions System. Source: SAE J2012 / ISO 15031. This code is classified as Info-level severity within the Powertrain category.,Powertrain,Manufacturer,Info
P2099,Post Catalyst Fuel Trim System Too Rich,System: Emissions System. Source: SAE J2012 / ISO 15031. This code is classified as Info-level severity within the Powertrain category.,Powertrain,Manufacturer,Info
P209A,"Reductant Injection Air Pressure Sensor ""B"" Circuit",System: Emissions System. Source: SAE J2012 / ISO 15031. This code is classified as Info-level severity within the Powertrain category.,Powertrain,Manufacturer,Info
P209B,"Reductant Injection Air Pressure Sensor ""B"" Circuit",System: Emissions System. Source: SAE J2012 / ISO 15031. This code is classified as Info-level severity within the Powertrain category.,Powertrain,Manufacturer,Info
P209C,"Reductant Injection Air Pressure Sensor ""B"" Circuit Low",System: Emissions System. Source: SAE J2012 / ISO 15031. This code is classified as Warning-level severity within the Powertrain category.,Powertrain,Manufacturer,Warning
P209D,"Reductant Injection Air Pressure Sensor ""B"" Circuit High",System: Emissions System. Source: SAE J2012 / ISO 15031. This code is classified as Warning-level severity within the Powertrain category.,Powertrain,Manufacturer,Warning
P209E,"Reductant Injection Air Pressure Sensor ""A""/""B"" Correlation",System: Emissions System. Source: SAE J2012 / ISO 15031. This code is classified as Warning-level severity within the Powertrain category.,Powertrain,Manufacturer,Warning
P209F,Reductant Tank Heater Control Circuit Performance,System: Emissions System. Source: SAE J2012 / ISO 15031. This code is classified as Warning-level severity within the Powertrain category.,Powertrain,Manufacturer,Warning
P20A0,Reductant Purge Control Valve Circuit /Open,System: Emissions System. Source: SAE J2012 / ISO 15031. This code is classified as Critical-level severity within the Powertrain category.,Powertrain,Manufacturer,Critical
P20A1,Reductant Purge Control Valve Performance,System: Emissions System. Source: SAE J2012 / ISO 15031. This code is classified as Warning-level severity within the Powertrain category.,Powertrain,Manufacturer,Warning
P20A2,Reductant Purge Control Valve Circuit Low,System: Emissions System. Source: SAE J2012 / ISO 15031. This code is classified as Warning-level severity within the Powertrain category.,Powertrain,Manufacturer,Warning
P20A3,Reductant Purge Control Valve Circuit High,System: Emissions System. Source: SAE J2012 / ISO 15031. This code is classified as Warning-level severity within the Powertrain category.,Powertrain,Manufacturer,Warning
P20A4,Reductant Purge Control Valve Stuck Open,System: Emissions System. Source: SAE J2012 / ISO 15031. This code is classified as Critical-level severity within the Powertrain category.,Powertrain,Manufacturer,Critical
P20A5,Reductant Purge Control Valve Stuck Closed,System: Emissions System. Source: SAE J2012 / ISO 15031. This code is classified as Critical-level severity within the Powertrain category.,Powertrain,Manufacturer,Critical
P20A6,Reductant Injection Air Pressure Control Valve Circuit/Open,System: Emissions System. Source: SAE J2012 / ISO 15031. This code is classified as Critical-level severity within the Powertrain category.,Powertrain,Manufacturer,Critical
P20A7,Reductant Injection Air Pressure Control Valve Performance,System: Emissions System. Source: SAE J2012 / ISO 15031. This code is classified as Warning-level severity within the Powertrain category.,Powertrain,Manufacturer,Warning
P20A8,Reductant Injection Air Pressure Control Valve Circuit Low,System: Emissions System. Source: SAE J2012 / ISO 15031. This code is classified as Warning-level severity within the Powertrain category.,Powertrain,Manufacturer,Warning
P20A9,Reductant Injection Air Pressure Control Valve Circuit High,System: Emissions System. Source: SAE J2012 / ISO 15031. This code is classified as Warning-level severity within the Powertrain category.,Powertrain,Manufacturer,Warning
P20AA,Reductant Injection Air Pressure Control Valve Stuck Open,System: Emissions System. Source: SAE J2012 / ISO 15031. This code is classified as Critical-level severity within the Powertrain category.,Powertrain,Manufacturer,Critical
P20AB,Reductant Injection Air Pressure Control Valve Stuck Closed,System: Emissions System. Source: SAE J2012 / ISO 15031. This code is classified as Critical-level severity within the Powertrain category.,Powertrain,Manufacturer,Critical
P20AC,Reductant Metering Unit Temperature Sensor Circuit,System: Emissions System. Source: SAE J2012 / ISO 15031. This code is classified as Info-level severity within the Powertrain category.,Powertrain,Manufacturer,Info
P20AD,Reductant Metering Unit Temperature Sensor Circuit,System: Emissions System. Source: SAE J2012 / ISO 15031. This code is classified as Info-level severity within the Powertrain category.,Powertrain,Manufacturer,Info
P20AE,Reductant Metering Unit Temperature Sensor Circuit Low,System: Emissions System. Source: SAE J2012 / ISO 15031. This code is classified as Warning-level severity within the Powertrain category.,Powertrain,Manufacturer,Warning
P20AF,Reductant Metering Unit Temperature Sensor Circuit High,System: Emissions System. Source: SAE J2012 / ISO 15031. This code is classified as Warning-level severity within the Powertrain category.,Powertrain,Manufacturer,Warning
P20B0,Reductant Metering Unit Temperature Sensor Circuit,System: Emissions System. Source: SAE J2012 / ISO 15031. This code is classified as Info-level severity within the Powertrain category.,Powertrain,Manufacturer,Info
P20B1,Reductant Heater Coolant Control Valve Circuit/Open,System: Emissions System. Source: SAE J2012 / ISO 15031. This code is classified as Critical-level severity within the Powertrain category.,Powertrain,Manufacturer,Critical
P20B2,Reductant Heater Coolant Control Valve Performance,System: Emissions System. Source: SAE J2012 / ISO 15031. This code is classified as Warning-level severity within the Powertrain category.,Powertrain,Manufacturer,Warning
P20B3,Reductant Heater Coolant Control Valve Circuit Low,System: Emissions System. Source: SAE J2012 / ISO 15031. This code is classified as Warning-level severity within the Powertrain category.,Powertrain,Manufacturer,Warning
P20B4,Reductant Heater Coolant Control Valve Circuit High,System: Emissions System. Source: SAE J2012 / ISO 15031. This code is classified as Warning-level severity within the Powertrain category.,Powertrain,Manufacturer,Warning
P20B5,Reductant Metering Unit Heater Control Circuit/Open,System: Emissions System. Source: SAE J2012 / ISO 15031. This code is classified as Critical-level severity within the Powertrain category.,Powertrain,Manufacturer,Critical
P20B6,Reductant Metering Unit Heater Control Circuit Performance,System: Emissions System. Source: SAE J2012 / ISO 15031. This code is classified as Warning-level severity within the Powertrain category.,Powertrain,Manufacturer,Warning
P20B7,Reductant Metering Unit Heater Control Circuit Low,System: Emissions System. Source: SAE J2012 / ISO 15031. This code is classified as Warning-level severity within the Powertrain category.,Powertrain,Manufacturer,Warning
P20B8,Reductant Metering Unit Heater Control Circuit High,System: Emissions System. Source: SAE J2012 / ISO 15031. This code is classified as Warning-level severity within the Powertrain category.,Powertrain,Manufacturer,Warning
P20B9,"Reductant Heater ""A"" Control Circuit/Open",System: Emissions System. Source: SAE J2012 / ISO 15031. This code is classified as Critical-level severity within the Powertrain category.,Powertrain,Manufacturer,Critical
P20BA,"Reductant Heater ""A"" Control Circuit Performance",System: Emissions System. Source: SAE J2012 / ISO 15031. This code is classified as Warning-level severity within the Powertrain category.,Powertrain,Manufacturer,Warning
P20BB,"Reductant Heater ""A"" Control Circuit Low",System: Emissions System. Source: SAE J2012 / ISO 15031. This code is classified as Warning-level severity within the Powertrain category.,Powertrain,Manufacturer,Warning
P20BC,"Reductant Heater ""A"" Control Circuit High",System: Emissions System. Source: SAE J2012 / ISO 15031. This code is classified as Warning-level severity within the Powertrain category.,Powertrain,Manufacturer,Warning
P20BD,"Reductant Heater ""B"" Control Circuit/Open",System: Emissions System. Source: SAE J2012 / ISO 15031. This code is classified as Critical-level severity within the Powertrain category.,Powertrain,Manufacturer,Critical
P20BE,"Reductant Heater ""B"" Control Circuit Performance",System: Emissions System. Source: SAE J2012 / ISO 15031. This code is classified as Warning-level severity within the Powertrain category.,Powertrain,Manufacturer,Warning
P20BF,"Reductant Heater ""B"" Control Circuit Low",System: Emissions System. Source: SAE J2012 / ISO 15031. This code is classified as Warning-level severity within the Powertrain category.,Powertrain,Manufacturer,Warning
P20C0,"Reductant Heater ""B"" Control Circuit High",System: Emissions System. Source: SAE J2012 / ISO 15031. This code is classified as Warning-level severity within the Powertrain category.,Powertrain,Manufacturer,Warning
P20C1,"Reductant Heater ""C"" Control Circuit/Open",System: Emissions System. Source: SAE J2012 / ISO 15031. This code is classified as Critical-level severity within the Powertrain category.,Powertrain,Manufacturer,Critical
P20C2,"Reductant Heater ""C"" Control Circuit Performance",System: Emissions System. Source: SAE J2012 / ISO 15031. This code is classified as Warning-level severity within the Powertrain category.,Powertrain,Manufacturer,Warning
P20C3,"Reductant Heater ""C"" Control Circuit Low",System: Emissions System. Source: SAE J2012 / ISO 15031. This code is classified as Warning-level severity within the Powertrain category.,Powertrain,Manufacturer,Warning
P20C4,"Reductant Heater ""C"" Control Circuit High",System: Emissions System. Source: SAE J2012 / ISO 15031. This code is classified as Warning-level severity within the Powertrain category.,Powertrain,Manufacturer,Warning
P20C5,"Reductant Heater ""D"" Control Circuit/Open",System: Emissions System. Source: SAE J2012 / ISO 15031. This code is classified as Critical-level severity within the Powertrain category.,Powertrain,Manufacturer,Critical
P20C6,"Reductant Heater ""D"" Control Circuit Performance",System: Emissions System. Source: SAE J2012 / ISO 15031. This code is classified as Warning-level severity within the Powertrain category.,Powertrain,Manufacturer,Warning
P20C7,"Reductant Heater ""D"" Control Circuit Low",System: Emissions System. Source: SAE J2012 / ISO 15031. This code is classified as Warning-level severity within the Powertrain category.,Powertrain,Manufacturer,Warning
P20C8,"Reductant Heater ""D"" Control Circuit High",System: Emissions System. Source: SAE J2012 / ISO 15031. This code is classified as Warning-level severity within the Powertrain category.,Powertrain,Manufacturer,Warning
P20C9,Reductant Control Module Requested MIL Illumination,System: Emissions System. Source: SAE J2012 / ISO 15031. This code is classified as Info-level severity within the Powertrain category.,Powertrain,Manufacturer,Info
P20CA,Reductant Injection Air Pressure Leakage,System: Emissions System. Source: SAE J2012 / ISO 15031. This code is classified as Critical-level severity within the Powertrain category.,Powertrain,Manufacturer,Critical
P20CB,"Exhaust Aftertreatment Fuel Injector ""A"" Control Circuit/Open",System: Emissions System. Source: SAE J2012 / ISO 15031. This code is classified as Critical-level severity within the Powertrain category.,Powertrain,Manufacturer,Critical
P20CC,"Exhaust Aftertreatment Fuel Injector ""A"" Control Performance",System: Emissions System. Source: SAE J2012 / ISO 15031. This code is classified as Warning-level severity within the Powertrain category.,Powertrain,Manufacturer,Warning
P20CD,"Exhaust Aftertreatment Fuel Injector ""A"" Control Circuit Low",System: Emissions System. Source: SAE J2012 / ISO 15031. This code is classified as Warning-level severity within the Powertrain category.,Powertrain,Manufacturer,Warning
P20CE,"Exhaust Aftertreatment Fuel Injector ""A"" Control Circuit High",System: Emissions System. Source: SAE J2012 / ISO 15031. This code is classified as Warning-level severity within the Powertrain category.,Powertrain,Manufacturer,Warning
P20CF,"Exhaust Aftertreatment Fuel Injector ""A"" Stuck Open",System: Emissions System. Source: SAE J2012 / ISO 15031. This code is classified as Critical-level severity within the Powertrain category.,Powertrain,Manufacturer,Critical
P20D0,"Exhaust Aftertreatment Fuel Injector ""A"" Stuck Closed",System: Emissions System. Source: SAE J2012 / ISO 15031. This code is classified as Critical-level severity within the Powertrain category.,Powertrain,Manufacturer,Critical
P20D1,"Exhaust Aftertreatment Fuel Injector ""B"" Control Circuit/Open",System: Emissions System. Source: SAE J2012 / ISO 15031. This code is classified as Critical-level severity within the Powertrain category.,Powertrain,Manufacturer,Critical
P20D2,"Exhaust Aftertreatment Fuel Injector ""B"" Control Performance",System: Emissions System. Source: SAE J2012 / ISO 15031. This code is classified as Warning-level severity within the Powertrain category.,Powertrain,Manufacturer,Warning
P20D3,"Exhaust Aftertreatment Fuel Injector ""B"" Control Circuit Low",System: Emissions System. Source: SAE J2012 / ISO 15031. This code is classified as Warning-level severity within the Powertrain category.,Powertrain,Manufacturer,Warning
P20D4,"Exhaust Aftertreatment Fuel Injector ""B"" Control Circuit High",System: Emissions System. Source: SAE J2012 / ISO 15031. This code is classified as Warning-level severity within the Powertrain category.,Powertrain,Manufacturer,Warning
P20D5,"Exhaust Aftertreatment Fuel Injector ""B"" Stuck Open",System: Emissions System. Source: SAE J2012 / ISO 15031. This code is classified as Critical-level severity within the Powertrain category.,Powertrain,Manufacturer,Critical
P20D6,"Exhaust Aftertreatment Fuel Injector ""B"" Stuck Closed",System: Emissions System. Source: SAE J2012 / ISO 15031. This code is classified as Critical-level severity within the Powertrain category.,Powertrain,Manufacturer,Critical
P20D7,Exhaust Aftertreatment Fuel Supply Control Circuit/Open,System: Emissions System. Source: SAE J2012 / ISO 15031. This code is classified as Critical-level severity within the Powertrain category.,Powertrain,Manufacturer,Critical
P20D8,Exhaust Aftertreatment Fuel Supply Control Performance,System: Emissions System. Source: SAE J2012 / ISO 15031. This code is classified as Warning-level severity within the Powertrain category.,Powertrain,Manufacturer,Warning
P20D9,Exhaust Aftertreatment Fuel Supply Control Circuit Low,System: Emissions System. Source: SAE J2012 / ISO 15031. This code is classified as Warning-level severity within the Powertrain category.,Powertrain,Manufacturer,Warning
P20DA,Exhaust Aftertreatment Fuel Supply Control Circuit High,System: Emissions System. Source: SAE J2012 / ISO 15031. This code is classified as Warning-level severity within the Powertrain category.,Powertrain,Manufacturer,Warning
P20DB,Exhaust Aftertreatment Fuel Supply Control Stuck Open,System: Emissions System. Source: SAE J2012 / ISO 15031. This code is classified as Critical-level severity within the Powertrain category.,Powertrain,Manufacturer,Critical
P20DC,Exhaust Aftertreatment Fuel Supply Control Stuck Closed,System: Emissions System. Source: SAE J2012 / ISO 15031. This code is classified as Critical-level severity within the Powertrain category.,Powertrain,Manufacturer,Critical
P20DD,Exhaust Aftertreatment Fuel Pressure Sensor Circuit,System: Emissions System. Source: SAE J2012 / ISO 15031. This code is classified as Info-level severity within the Powertrain category.,Powertrain,Manufacturer,Info
P20DE,Exhaust Aftertreatment Fuel Pressure Sensor Circuit,System: Emissions System. Source: SAE J2012 / ISO 15031. This code is classified as Info-level severity within the Powertrain category.,Powertrain,Manufacturer,Info
P20DF,Exhaust Aftertreatment Fuel Pressure Sensor Circuit Low,System: Emissions System. Source: SAE J2012 / ISO 15031. This code is classified as Warning-level severity within the Powertrain category.,Powertrain,Manufacturer,Warning
P20E0,Exhaust Aftertreatment Fuel Pressure Sensor Circuit High,System: Emissions System. Source: SAE J2012 / ISO 15031. This code is classified as Warning-level severity within the Powertrain category.,Powertrain,Manufacturer,Warning
P20E1,Exhaust Aftertreatment Fuel Pressure Sensor Circuit,System: Emissions System. Source: SAE J2012 / ISO 15031. This code is classified as Info-level severity within the Powertrain category.,Powertrain,Manufacturer,Info
P20E2,Exhaust Gas Temperature Sensor 1/2 Correlation,System: Emissions System. Source: SAE J2012 / ISO 15031. This code is classified as Warning-level severity within the Powertrain category.,Powertrain,Manufacturer,Warning
P20E3,Exhaust Gas Temperature Sensor 1/3 Correlation,System: Emissions System. Source: SAE J2012 / ISO 15031. This code is classified as Warning-level severity within the Powertrain category.,Powertrain,Manufacturer,Warning
P20E4,Exhaust Gas Temperature Sensor 2/3 Correlation,System: Emissions System. Source: SAE J2012 / ISO 15031. This code is classified as Warning-level severity within the Powertrain category.,Powertrain,Manufacturer,Warning
P20E5,Exhaust Gas Temperature Sensor 1/2 Correlation,System: Emissions System. Source: SAE J2012 / ISO 15031. This code is classified as Warning-level severity within the Powertrain category.,Powertrain,Manufacturer,Warning
P20E6,Reductant Injection Air Pressure Too Low,System: Emissions System. Source: SAE J2012 / ISO 15031. This code is classified as Warning-level severity within the Powertrain category.,Powertrain,Manufacturer,Warning
P20E7,Reductant Injection Air Pressure Too High,System: Emissions System. Source: SAE J2012 / ISO 15031. This code is classified as Warning-level severity within the Powertrain category.,Powertrain,Manufacturer,Warning
P20E8,Reductant Pressure Too Low,System: Emissions System. Source: SAE J2012 / ISO 15031. This code is classified as Warning-level severity within the Powertrain category.,Powertrain,Manufacturer,Warning
P20E9,Reductant Pressure Too High,System: Emissions System. Source: SAE J2012 / ISO 15031. This code is classified as Warning-level severity within the Powertrain category.,Powertrain,Manufacturer,Warning
P20EA,Reductant Control Module Power Relay De-Energized Performance,System: Emissions System. Source: SAE J2012 / ISO 15031. This code is classified as Warning-level severity within the Powertrain category.,Powertrain,Manufacturer,Warning
P20EB,Reductant Control Module Power Relay De-Energized Performance,System: Emissions System. Source: SAE J2012 / ISO 15031. This code is classified as Warning-level severity within the Powertrain category.,Powertrain,Manufacturer,Warning
P20EC,SCR nox Catalyst - Over Temperature,System: Emissions System. Source: SAE J2012 / ISO 15031. This code is classified as Critical-level severity within the Powertrain category.,Powertrain,Manufacturer,Critical
P20ED,SCR nox Pre-Catalyst - Over Temperature,System: Emissions System. Source: SAE J2012 / ISO 15031. This code is classified as Critical-level severity within the Powertrain category.,Powertrain,Manufacturer,Critical
P20EE,SCR nox Catalyst Efficiency Below Threshold,System: Emissions System. Source: SAE J2012 / ISO 15031. This code is classified as Warning-level severity within the Powertrain category.,Powertrain,Manufacturer,Warning
P20EF,SCR nox Pre- Catalyst Efficiency Below Threshold,System: Emissions System. Source: SAE J2012 / ISO 15031. This code is classified as Warning-level severity within the Powertrain category.,Powertrain,Manufacturer,Warning
P20F0,SCR nox Catalyst - Over Temperature,System: Emissions System. Source: SAE J2012 / ISO 15031. This code is classified as Critical-level severity within the Powertrain category.,Powertrain,Manufacturer,Critical
P20F1,SCR nox Pre-Catalyst - Over Temperature,System: Emissions System. Source: SAE J2012 / ISO 15031. This code is classified as Critical-level severity within the Powertrain category.,Powertrain,Manufacturer,Critical
P20F2,SCR nox Catalyst Efficiency Below Threshold,System: Emissions System. Source: SAE J2012 / ISO 15031. This code is classified as Warning-level severity within the Powertrain category.,Powertrain,Manufacturer,Warning
P20F3,SCR nox Pre- Catalyst Efficiency Below Threshold,System: Emissions System. Source: SAE J2012 / ISO 15031. This code is classified as Warning-level severity within the Powertrain category.,Powertrain,Manufacturer,Warning
P20F4,Reductant Consumption Too Low,System: Emissions System. Source: SAE J2012 / ISO 15031. This code is classified as Warning-level severity within the Powertrain category.,Powertrain,Manufacturer,Warning
P20F5,Reductant Consumption Too High,System: Emissions System. Source: SAE J2012 / ISO 15031. This code is classified as Warning-level severity within the Powertrain category.,Powertrain,Manufacturer,Warning
P20F6,Reductant Injection Valve Stuck Open,System: Emissions System. Source: SAE J2012 / ISO 15031. This code is classified as Critical-level severity within the Powertrain category.,Powertrain,Manufacturer,Critical
P20F7,Reductant Injection Valve Stuck Open,System: Emissions System. Source: SAE J2012 / ISO 15031. This code is classified as Critical-level severity within the Powertrain category.,Powertrain,Manufacturer,Critical
P2100,"Throttle Actuator ""A"" Control Motor Circuit/Open",System: Emissions System. Source: SAE J2012 / ISO 15031. This code is classified as Critical-level severity within the Powertrain category.,Powertrain,Manufacturer,Critical
P2101,"Throttle Actuator ""A"" Control Motor Circuit Range/Performance",System: Emissions System. Source: SAE J2012 / ISO 15031. This code is classified as Warning-level severity within the Powertrain category.,Powertrain,Manufacturer,Warning
P2102,"Throttle Actuator ""A"" Control Motor Circuit Low",System: Emissions System. Source: SAE J2012 / ISO 15031. This code is classified as Warning-level severity within the Powertrain category.,Powertrain,Manufacturer,Warning
P2103,"Throttle Actuator ""A"" Control Motor Circuit High",System: Emissions System. Source: SAE J2012 / ISO 15031. This code is classified as Warning-level severity within the Powertrain category.,Powertrain,Manufacturer,Warning
P2104,Throttle Actuator Control System - Forced Idle,System: Emissions System. Source: SAE J2012 / ISO 15031. This code is classified as Critical-level severity within the Powertrain category.,Powertrain,Manufacturer,Critical
P2105,Throttle Actuator Control System - Forced Engine Shutdown,System: Emissions System. Source: SAE J2012 / ISO 15031. This code is classified as Critical-level severity within the Powertrain category.,Powertrain,Manufacturer,Critical
P2106,Throttle Actuator Control System - Forced Limited Power,System: Emissions System. Source: SAE J2012 / ISO 15031. This code is classified as Critical-level severity within the Powertrain category.,Powertrain,Manufacturer,Critical
P2107,Throttle Actuator Control Module Processor,System: Emissions System. Source: SAE J2012 / ISO 15031. This code is classified as Info-level severity within the Powertrain category.,Powertrain,Manufacturer,Info
P2108,Throttle Actuator Control Module Performance,System: Emissions System. Source: SAE J2012 / ISO 15031. This code is classified as Warning-level severity within the Powertrain category.,Powertrain,Manufacturer,Warning
P2109,"Throttle/Pedal Position Sensor ""A"" Minimum Stop Performance",System: Emissions System. Source: SAE J2012 / ISO 15031. This code is classified as Warning-level severity within the Powertrain category.,Powertrain,Manufacturer,Warning
P210A,"Throttle Actuator ""B"" Control Motor Circuit/Open",System: Emissions System. Source: SAE J2012 / ISO 15031. This code is classified as Critical-level severity within the Powertrain category.,Powertrain,Manufacturer,Critical
P210B,"Throttle Actuator ""B"" Control Motor Circuit Range/Performance",System: Emissions System. Source: SAE J2012 / ISO 15031. This code is classified as Warning-level severity within the Powertrain category.,Powertrain,Manufacturer,Warning
P210C,"Throttle Actuator ""B"" Control Motor Circuit Low",System: Emissions System. Source: SAE J2012 / ISO 15031. This code is classified as Warning-level severity within the Powertrain category.,Powertrain,Manufacturer,Warning
P210D,"Throttle Actuator ""B"" Control Motor Circuit High",System: Emissions System. Source: SAE J2012 / ISO 15031. This code is classified as Warning-level severity within the Powertrain category.,Powertrain,Manufacturer,Warning
P210E,"Throttle/Pedal Position Sensor/Switch ""C""/""F"" Voltage Correlation",System: Emissions System. Source: SAE J2012 / ISO 15031. This code is classified as Warning-level severity within the Powertrain category.,Powertrain,Manufacturer,Warning
P2110,Throttle Actuator Control System - Forced Limited RPM,System: Emissions System. Source: SAE J2012 / ISO 15031. This code is classified as Critical-level severity within the Powertrain category.,Powertrain,Manufacturer,Critical
P2111,Throttle Actuator Control System - Stuck Open,System: Emissions System. Source: SAE J2012 / ISO 15031. This code is classified as Critical-level severity within the Powertrain category.,Powertrain,Manufacturer,Critical
P2112,Throttle Actuator Control System - Stuck Closed,System: Emissions System. Source: SAE J2012 / ISO 15031. This code is classified as Critical-level severity within the Powertrain category.,Powertrain,Manufacturer,Critical
P2113,"Throttle/Pedal Position Sensor ""B"" Minimum Stop Performance",System: Emissions System. Source: SAE J2012 / ISO 15031. This code is classified as Warning-level severity within the Powertrain category.,Powertrain,Manufacturer,Warning
P2114,"Throttle/Pedal Position Sensor ""C"" Minimum Stop Performance",System: Emissions System. Source: SAE J2012 / ISO 15031. This code is classified as Warning-level severity within the Powertrain category.,Powertrain,Manufacturer,Warning
P2115,"Throttle/Pedal Position Sensor ""D"" Minimum Stop Performance",System: Emissions System. Source: SAE J2012 / ISO 15031. This code is classified as Warning-level severity within the Powertrain category.,Powertrain,Manufacturer,Warning
P2116,"Throttle/Pedal Position Sensor ""E"" Minimum Stop Performance",System: Emissions System. Source: SAE J2012 / ISO 15031. This code is classified as Warning-level severity within the Powertrain category.,Powertrain,Manufacturer,Warning
P2117,"Throttle/Pedal Position Sensor ""F"" Minimum Stop Performance",System: Emissions System. Source: SAE J2012 / ISO 15031. This code is classified as Warning-level severity within the Powertrain category.,Powertrain,Manufacturer,Warning
P2118,Throttle Actuator Control Motor Current Range/Performance,System: Emissions System. Source: SAE J2012 / ISO 15031. This code is classified as Warning-level severity within the Powertrain category.,Powertrain,Manufacturer,Warning
P2119,Throttle Actuator Control Throttle Body Range/Performance,System: Emissions System. Source: SAE J2012 / ISO 15031. This code is classified as Warning-level severity within the Powertrain category.,Powertrain,Manufacturer,Warning
P2120,"Throttle/Pedal Position Sensor/Switch ""D"" Circuit",System: Emissions System. Source: SAE J2012 / ISO 15031. This code is classified as Info-level severity within the Powertrain category.,Powertrain,Manufacturer,Info
P2121,"Throttle/Pedal Position Sensor/Switch ""D"" Circuit",System: Emissions System. Source: SAE J2012 / ISO 15031. This code is classified as Info-level severity within the Powertrain category.,Powertrain,Manufacturer,Info
P2122,"Throttle/Pedal Position Sensor/Switch ""D"" Circuit Low",System: Emissions System. Source: SAE J2012 / ISO 15031. This code is classified as Warning-level severity within the Powertrain category.,Powertrain,Manufacturer,Warning
P2123,"Throttle/Pedal Position Sensor/Switch ""D"" Circuit High",System: Emissions System. Source: SAE J2012 / ISO 15031. This code is classified as Warning-level severity within the Powertrain category.,Powertrain,Manufacturer,Warning
P2124,"Throttle/Pedal Position Sensor/Switch ""D"" Circuit Intermittent",System: Emissions System. Source: SAE J2012 / ISO 15031. This code is classified as Warning-level severity within the Powertrain category.,Powertrain,Manufacturer,Warning
P2125,"Throttle/Pedal Position Sensor/Switch ""E"" Circuit",System: Emissions System. Source: SAE J2012 / ISO 15031. This code is classified as Info-level severity within the Powertrain category.,Powertrain,Manufacturer,Info
P2126,"Throttle/Pedal Position Sensor/Switch ""E"" Circuit",System: Emissions System. Source: SAE J2012 / ISO 15031. This code is classified as Info-level severity within the Powertrain category.,Powertrain,Manufacturer,Info
P2127,"Throttle/Pedal Position Sensor/Switch ""E"" Circuit Low",System: Emissions System. Source: SAE J2012 / ISO 15031. This code is classified as Warning-level severity within the Powertrain category.,Powertrain,Manufacturer,Warning
P2128,"Throttle/Pedal Position Sensor/Switch ""E"" Circuit High",System: Emissions System. Source: SAE J2012 / ISO 15031. This code is classified as Warning-level severity within the Powertrain category.,Powertrain,Manufacturer,Warning
P2129,"Throttle/Pedal Position Sensor/Switch ""E"" Circuit Intermittent",System: Emissions System. Source: SAE J2012 / ISO 15031. This code is classified as Warning-level severity within the Powertrain category.,Powertrain,Manufacturer,Warning
P212A,"Throttle Position Sensor/Switch ""G"" Circuit",System: Emissions System. Source: SAE J2012 / ISO 15031. This code is classified as Info-level severity within the Powertrain category.,Powertrain,Manufacturer,Info
P212B,"Throttle Position Sensor/Switch ""G"" Circuit Range/Performance",System: Emissions System. Source: SAE J2012 / ISO 15031. This code is classified as Warning-level severity within the Powertrain category.,Powertrain,Manufacturer,Warning
P212C,"Throttle Position Sensor/Switch ""G"" Circuit Low",System: Emissions System. Source: SAE J2012 / ISO 15031. This code is classified as Warning-level severity within the Powertrain category.,Powertrain,Manufacturer,Warning
P212D,"Throttle Position Sensor/Switch ""G"" Circuit High",System: Emissions System. Source: SAE J2012 / ISO 15031. This code is classified as Warning-level severity within the Powertrain category.,Powertrain,Manufacturer,Warning
P212E,"Throttle Position Sensor/Switch ""G"" Circuit Intermittent",System: Emissions System. Source: SAE J2012 / ISO 15031. This code is classified as Warning-level severity within the Powertrain category.,Powertrain,Manufacturer,Warning
P2130,"Throttle/Pedal Position Sensor/Switch ""F"" Circuit",System: Emissions System. Source: SAE J2012 / ISO 15031. This code is classified as Info-level severity within the Powertrain category.,Powertrain,Manufacturer,Info
P2131,"Throttle/Pedal Position Sensor/Switch ""F"" Circuit",System: Emissions System. Source: SAE J2012 / ISO 15031. This code is classified as Info-level severity within the Powertrain category.,Powertrain,Manufacturer,Info
P2132,"Throttle/Pedal Position Sensor/Switch ""F"" Circuit Low",System: Emissions System. Source: SAE J2012 / ISO 15031. This code is classified as Warning-level severity within the Powertrain category.,Powertrain,Manufacturer,Warning
P2133,"Throttle/Pedal Position Sensor/Switch ""F"" Circuit High",System: Emissions System. Source: SAE J2012 / ISO 15031. This code is classified as Warning-level severity within the Powertrain category.,Powertrain,Manufacturer,Warning
P2134,"Throttle/Pedal Position Sensor/Switch ""F"" Circuit Intermittent",System: Emissions System. Source: SAE J2012 / ISO 15031. This code is classified as Warning-level severity within the Powertrain category.,Powertrain,Manufacturer,Warning
P2135,Throttle/Pedal Pos Sensor/Switch A/B Voltage Correlation,System: Emissions System. Source: SAE J2012 / ISO 15031. This code is classified as Warning-level severity within the Powertrain category.,Powertrain,Manufacturer,Warning
P2136,"Throttle/Pedal Position Sensor/Switch ""A""/""C"" Voltage Correlation",System: Emissions System. Source: SAE J2012 / ISO 15031. This code is classified as Warning-level severity within the Powertrain category.,Powertrain,Manufacturer,Warning
P2137,"Throttle/Pedal Position Sensor/Switch ""B""/""C"" Voltage Correlation",System: Emissions System. Source: SAE J2012 / ISO 15031. This code is classified as Warning-level severity within the Powertrain category.,Powertrain,Manufacturer,Warning
P2138,Throttle/Pedal Pos Sensor/Switch D / E Voltage Correlation,System: Emissions System. Source: SAE J2012 / ISO 15031. This code is classified as Warning-level severity within the Powertrain category.,Powertrain,Manufacturer,Warning
P2139,"Throttle/Pedal Position Sensor/Switch ""D""/""F"" Voltage Correlation",System: Emissions System. Source: SAE J2012 / ISO 15031. This code is classified as Warning-level severity within the Powertrain category.,Powertrain,Manufacturer,Warning
P213A,"Exhaust Gas Recirculation Throttle Control Circuit ""B"" /Open",System: Emissions System. Source: SAE J2012 / ISO 15031. This code is classified as Critical-level severity within the Powertrain category.,Powertrain,Manufacturer,Critical
P213B,"Exhaust Gas Recirculation Throttle Control Circuit ""B""",System: Emissions System. Source: SAE J2012 / ISO 15031. This code is classified as Info-level severity within the Powertrain category.,Powertrain,Manufacturer,Info
P213C,"Exhaust Gas Recirculation Throttle Control Circuit ""B"" Low",System: Emissions System. Source: SAE J2012 / ISO 15031. This code is classified as Warning-level severity within the Powertrain category.,Powertrain,Manufacturer,Warning
P213D,"Exhaust Gas Recirculation Throttle Control Circuit ""B"" High",System: Emissions System. Source: SAE J2012 / ISO 15031. This code is classified as Warning-level severity within the Powertrain category.,Powertrain,Manufacturer,Warning
P213E,Fuel Injection System Fault - Forced Engine Shutdown,System: Emissions System. Source: SAE J2012 / ISO 15031. This code is classified as Critical-level severity within the Powertrain category.,Powertrain,Manufacturer,Critical
P213F,Fuel Pump System Fault - Forced Engine Shutdown,System: Emissions System. Source: SAE J2012 / ISO 15031. This code is classified as Critical-level severity within the Powertrain category.,Powertrain,Manufacturer,Critical
P2140,"Throttle/Pedal Position Sensor/Switch ""E""/""F"" Voltage Correlation",System: Emissions System. Source: SAE J2012 / ISO 15031. This code is classified as Warning-level severity within the Powertrain category.,Powertrain,Manufacturer,Warning
P2141,"Exhaust Gas Recirculation Throttle Control Circuit ""A"" Low",System: Emissions System. Source: SAE J2012 / ISO 15031. This code is classified as Warning-level severity within the Powertrain category.,Powertrain,Manufacturer,Warning
P2142,"Exhaust Gas Recirculation Throttle Control Circuit ""A"" High",System: Emissions System. Source: SAE J2012 / ISO 15031. This code is classified as Warning-level severity within the Powertrain category.,Powertrain,Manufacturer,Warning
P2143,Exhaust Gas Recirculation Vent Control Circuit/Open,System: Emissions System. Source: SAE J2012 / ISO 15031. This code is classified as Critical-level severity within the Powertrain category.,Powertrain,Manufacturer,Critical
P2144,Exhaust Gas Recirculation Vent Control Circuit Low,System: Emissions System. Source: SAE J2012 / ISO 15031. This code is classified as Warning-level severity within the Powertrain category.,Powertrain,Manufacturer,Warning
P2145,Exhaust Gas Recirculation Vent Control Circuit High,System: Emissions System. Source: SAE J2012 / ISO 15031. This code is classified as Warning-level severity within the Powertrain category.,Powertrain,Manufacturer,Warning
P2146,"Fuel Injector Group ""A"" Supply Voltage Circuit/Open",System: Emissions System. Source: SAE J2012 / ISO 15031. This code is classified as Critical-level severity within the Powertrain category.,Powertrain,Manufacturer,Critical
P2147,"Fuel Injector Group ""A"" Supply Voltage Circuit Low",System: Emissions System. Source: SAE J2012 / ISO 15031. This code is classified as Warning-level severity within the Powertrain category.,Powertrain,Manufacturer,Warning
P2148,"Fuel Injector Group ""A"" Supply Voltage Circuit High",System: Emissions System. Source: SAE J2012 / ISO 15031. This code is classified as Warning-level severity within the Powertrain category.,Powertrain,Manufacturer,Warning
P2149,"Fuel Injector Group ""B"" Supply Voltage Circuit/Open",System: Emissions System. Source: SAE J2012 / ISO 15031. This code is classified as Critical-level severity within the Powertrain category.,Powertrain,Manufacturer,Critical
P2150,"Fuel Injector Group ""B"" Supply Voltage Circuit Low",System: Emissions System. Source: SAE J2012 / ISO 15031. This code is classified as Warning-level severity within the Powertrain category.,Powertrain,Manufacturer,Warning
P2151,"Fuel Injector Group ""B"" Supply Voltage Circuit High",System: Emissions System. Source: SAE J2012 / ISO 15031. This code is classified as Warning-level severity within the Powertrain category.,Powertrain,Manufacturer,Warning
P2152,"Fuel Injector Group ""C"" Supply Voltage Circuit/Open",System: Emissions System. Source: SAE J2012 / ISO 15031. This code is classified as Critical-level severity within the Powertrain category.,Powertrain,Manufacturer,Critical
P2153,"Fuel Injector Group ""C"" Supply Voltage Circuit Low",System: Emissions System. Source: SAE J2012 / ISO 15031. This code is classified as Warning-level severity within the Powertrain category.,Powertrain,Manufacturer,Warning
P2154,"Fuel Injector Group ""C"" Supply Voltage Circuit High",System: Emissions System. Source: SAE J2012 / ISO 15031. This code is classified as Warning-level severity within the Powertrain category.,Powertrain,Manufacturer,Warning
P2155,"Fuel Injector Group ""D"" Supply Voltage Circuit/Open",System: Emissions System. Source: SAE J2012 / ISO 15031. This code is classified as Critical-level severity within the Powertrain category.,Powertrain,Manufacturer,Critical
P2156,"Fuel Injector Group ""D"" Supply Voltage Circuit Low",System: Emissions System. Source: SAE J2012 / ISO 15031. This code is classified as Warning-level severity within the Powertrain category.,Powertrain,Manufacturer,Warning
P2157,"Fuel Injector Group ""D"" Supply Voltage Circuit High",System: Emissions System. Source: SAE J2012 / ISO 15031. This code is classified as Warning-level severity within the Powertrain category.,Powertrain,Manufacturer,Warning
P2158,"Vehicle Speed Sensor ""B""",System: Emissions System. Source: SAE J2012 / ISO 15031. This code is classified as Info-level severity within the Powertrain category.,Powertrain,Manufacturer,Info
P2159,"Vehicle Speed Sensor ""B"" Range/Performance",System: Emissions System. Source: SAE J2012 / ISO 15031. This code is classified as Warning-level severity within the Powertrain category.,Powertrain,Manufacturer,Warning
P215A,Vehicle Speed - Wheel Speed Correlation,System: Emissions System. Source: SAE J2012 / ISO 15031. This code is classified as Warning-level severity within the Powertrain category.,Powertrain,Manufacturer,Warning
P215B,Vehicle Speed - Output Shaft Speed Correlation,System: Emissions System. Source: SAE J2012 / ISO 15031. This code is classified as Warning-level severity within the Powertrain category.,Powertrain,Manufacturer,Warning
P215C,Output Shaft Speed - Wheel Speed Correlation,System: Emissions System. Source: SAE J2012 / ISO 15031. This code is classified as Warning-level severity within the Powertrain category.,Powertrain,Manufacturer,Warning
P2160,"Vehicle Speed Sensor ""B"" Circuit Low",System: Emissions System. Source: SAE J2012 / ISO 15031. This code is classified as Warning-level severity within the Powertrain category.,Powertrain,Manufacturer,Warning
P2161,"Vehicle Speed Sensor ""B"" Intermittent/Erratic/High",System: Emissions System. Source: SAE J2012 / ISO 15031. This code is classified as Warning-level severity within the Powertrain category.,Powertrain,Manufacturer,Warning
P2162,"Vehicle Speed Sensor ""A""/""B"" Correlation",System: Emissions System. Source: SAE J2012 / ISO 15031. This code is classified as Warning-level severity within the Powertrain category.,Powertrain,Manufacturer,Warning
P2163,"Throttle/Pedal Position Sensor ""A"" Maximum Stop Performance",System: Emissions System. Source: SAE J2012 / ISO 15031. This code is classified as Warning-level severity within the Powertrain category.,Powertrain,Manufacturer,Warning
P2164,"Throttle/Pedal Position Sensor ""B"" Maximum Stop Performance",System: Emissions System. Source: SAE J2012 / ISO 15031. This code is classified as Warning-level severity within the Powertrain category.,Powertrain,Manufacturer,Warning
P2165,"Throttle/Pedal Position Sensor ""C"" Maximum Stop Performance",System: Emissions System. Source: SAE J2012 / ISO 15031. This code is classified as Warning-level severity within the Powertrain category.,Powertrain,Manufacturer,Warning
P2166,"Throttle/Pedal Position Sensor ""D"" Maximum Stop Performance",System: Emissions System. Source: SAE J2012 / ISO 15031. This code is classified as Warning-level severity within the Powertrain category.,Powertrain,Manufacturer,Warning
P2167,"Throttle/Pedal Position Sensor ""E"" Maximum Stop Performance",System: Emissions System. Source: SAE J2012 / ISO 15031. This code is classified as Warning-level severity within the Powertrain category.,Powertrain,Manufacturer,Warning
P2168,"Throttle/Pedal Position Sensor ""F"" Maximum Stop Performance",System: Emissions System. Source: SAE J2012 / ISO 15031. This code is classified as Warning-level severity within the Powertrain category.,Powertrain,Manufacturer,Warning
P2169,Exhaust Pressure Regulator Vent Solenoid Control Circuit/Open,System: Emissions System. Source: SAE J2012 / ISO 15031. This code is classified as Critical-level severity within the Powertrain category.,Powertrain,Manufacturer,Critical
P216A,"Fuel Injector Group ""E"" Supply Voltage Circuit/Open",System: Emissions System. Source: SAE J2012 / ISO 15031. This code is classified as Critical-level severity within the Powertrain category.,Powertrain,Manufacturer,Critical
P216B,"Fuel Injector Group ""E"" Supply Voltage Circuit Low",System: Emissions System. Source: SAE J2012 / ISO 15031. This code is classified as Warning-level severity within the Powertrain category.,Powertrain,Manufacturer,Warning
P216C,"Fuel Injector Group ""E"" Supply Voltage Circuit High",System: Emissions System. Source: SAE J2012 / ISO 15031. This code is classified as Warning-level severity within the Powertrain category.,Powertrain,Manufacturer,Warning
P216D,"Fuel Injector Group ""F"" Supply Voltage Circuit/Open",System: Emissions System. Source: SAE J2012 / ISO 15031. This code is classified as Critical-level severity within the Powertrain category.,Powertrain,Manufacturer,Critical
P216E,"Fuel Injector Group ""F"" Supply Voltage Circuit Low",System: Emissions System. Source: SAE J2012 / ISO 15031. This code is classified as Warning-level severity within the Powertrain category.,Powertrain,Manufacturer,Warning
P216F,"Fuel Injector Group ""F"" Supply Voltage Circuit High",System: Emissions System. Source: SAE J2012 / ISO 15031. This code is classified as Warning-level severity within the Powertrain category.,Powertrain,Manufacturer,Warning
P2170,Exhaust Pressure Regulator Vent Solenoid Control Circuit Low,System: Emissions System. Source: SAE J2012 / ISO 15031. This code is classified as Warning-level severity within the Powertrain category.,Powertrain,Manufacturer,Warning
P2171,Exhaust Pressure Regulator Vent Solenoid Control Circuit High,System: Emissions System. Source: SAE J2012 / ISO 15031. This code is classified as Warning-level severity within the Powertrain category.,Powertrain,Manufacturer,Warning
P2172,Throttle Actuator Control System - Sudden High Air Flow Detected,System: Emissions System. Source: SAE J2012 / ISO 15031. This code is classified as Warning-level severity within the Powertrain category.,Powertrain,Manufacturer,Warning
P2173,Throttle Actuator Control System - High Air Flow Detected,System: Emissions System. Source: SAE J2012 / ISO 15031. This code is classified as Warning-level severity within the Powertrain category.,Powertrain,Manufacturer,Warning
P2174,Throttle Actuator Control System - Sudden Low Air Flow Detected,System: Emissions System. Source: SAE J2012 / ISO 15031. This code is classified as Warning-level severity within the Powertrain category.,Powertrain,Manufacturer,Warning
P2175,Throttle Actuator Control System - Low Air Flow Detected,System: Emissions System. Source: SAE J2012 / ISO 15031. This code is classified as Warning-level severity within the Powertrain category.,Powertrain,Manufacturer,Warning
P2176,Throttle Actuator Control System - Idle Position not Learned,System: Emissions System. Source: SAE J2012 / ISO 15031. This code is classified as Info-level severity within the Powertrain category.,Powertrain,Manufacturer,Info
P2177,System Too Lean Off Idle,System: Emissions System. Source: SAE J2012 / ISO 15031. This code is classified as Info-level severity within the Powertrain category.,Powertrain,Manufacturer,Info
P2178,System Too Rich Off Idle,System: Emissions System. Source: SAE J2012 / ISO 15031. This code is classified as Info-level severity within the Powertrain category.,Powertrain,Manufacturer,Info
P2179,System Too Lean Off Idle,System: Emissions System. Source: SAE J2012 / ISO 15031. This code is classified as Info-level severity within the Powertrain category.,Powertrain,Manufacturer,Info
P217A,"Fuel Injector Group ""G"" Supply Voltage Circuit/Open",System: Emissions System. Source: SAE J2012 / ISO 15031. This code is classified as Critical-level severity within the Powertrain category.,Powertrain,Manufacturer,Critical
P217B,"Fuel Injector Group ""G"" Supply Voltage Circuit Low",System: Emissions System. Source: SAE J2012 / ISO 15031. This code is classified as Warning-level severity within the Powertrain category.,Powertrain,Manufacturer,Warning
P217C,"Fuel Injector Group ""G"" Supply Voltage Circuit High",System: Emissions System. Source: SAE J2012 / ISO 15031. This code is classified as Warning-level severity within the Powertrain category.,Powertrain,Manufacturer,Warning
P217D,"Fuel Injector Group ""H"" Supply Voltage Circuit/Open",System: Emissions System. Source: SAE J2012 / ISO 15031. This code is classified as Critical-level severity within the Powertrain category.,Powertrain,Manufacturer,Critical
P217E,"Fuel Injector Group ""H"" Supply Voltage Circuit Low",System: Emissions System. Source: SAE J2012 / ISO 15031. This code is classified as Warning-level severity within the Powertrain category.,Powertrain,Manufacturer,Warning
P217F,"Fuel Injector Group ""H"" Supply Voltage Circuit High",System: Emissions System. Source: SAE J2012 / ISO 15031. This code is classified as Warning-level severity within the Powertrain category.,Powertrain,Manufacturer,Warning
P2180,System Too Rich Off Idle,System: Emissions System. Source: SAE J2012 / ISO 15031. This code is classified as Info-level severity within the Powertrain category.,Powertrain,Manufacturer,Info
P2181,Cooling System Performance,System: Emissions System. Source: SAE J2012 / ISO 15031. This code is classified as Warning-level severity within the Powertrain category.,Powertrain,Manufacturer,Warning
P2182,Engine Coolant Temperature Sensor 2 Circuit,System: Emissions System. Source: SAE J2012 / ISO 15031. This code is classified as Info-level severity within the Powertrain category.,Powertrain,Manufacturer,Info
P2183,Engine Coolant Temperature Sensor 2 Circuit Range/Performance,System: Emissions System. Source: SAE J2012 / ISO 15031. This code is classified as Warning-level severity within the Powertrain category.,Powertrain,Manufacturer,Warning
P2184,Engine Coolant Temperature Sensor 2 Circuit Low,System: Emissions System. Source: SAE J2012 / ISO 15031. This code is classified as Warning-level severity within the Powertrain category.,Powertrain,Manufacturer,Warning
P2185,Engine Coolant Temperature Sensor 2 Circuit High,System: Emissions System. Source: SAE J2012 / ISO 15031. This code is classified as Warning-level severity within the Powertrain category.,Powertrain,Manufacturer,Warning
P2186,Engine Coolant Temperature Sensor 2 Circuit Intermittent/Erratic,System: Emissions System. Source: SAE J2012 / ISO 15031. This code is classified as Warning-level severity within the Powertrain category.,Powertrain,Manufacturer,Warning
P2187,System Too Lean at Idle,System: Emissions System. Source: SAE J2012 / ISO 15031. This code is classified as Info-level severity within the Powertrain category.,Powertrain,Manufacturer,Info
P2188,System Too Rich at Idle,System: Emissions System. Source: SAE J2012 / ISO 15031. This code is classified as Info-level severity within the Powertrain category.,Powertrain,Manufacturer,Info
P2189,System Too Lean at Idle,System: Emissions System. Source: SAE J2012 / ISO 15031. This code is classified as Info-level severity within the Powertrain category.,Powertrain,Manufacturer,Info
P2190,System Too Rich at Idle,System: Emissions System. Source: SAE J2012 / ISO 15031. This code is classified as Info-level severity within the Powertrain category.,Powertrain,Manufacturer,Info
P2191,System Too Lean at Higher Load,System: Emissions System. Source: SAE J2012 / ISO 15031. This code is classified as Warning-level severity within the Powertrain category.,Powertrain,Manufacturer,Warning
P2192,System Too Rich at Higher Load,System: Emissions System. Source: SAE J2012 / ISO 15031. This code is classified as Warning-level severity within the Powertrain category.,Powertrain,Manufacturer,Warning
P2193,System Too Lean at Higher Load,System: Emissions System. Source: SAE J2012 / ISO 15031. This code is classified as Warning-level severity within the Powertrain category.,Powertrain,Manufacturer,Warning
P2194,System Too Rich at Higher Load,System: Emissions System. Source: SAE J2012 / ISO 15031. This code is classified as Warning-level severity within the Powertrain category.,Powertrain,Manufacturer,Warning
P2195,O2 Sensor Signal Stuck Lean Bank 1 Sensor 1,System: Emissions System. Source: SAE J2012 / ISO 15031. This code is classified as Critical-level severity within the Powertrain category.,Powertrain,Manufacturer,Critical
P2197,O2 Sensor Signal Biased/Stuck Lean,System: Emissions System. Source: SAE J2012 / ISO 15031. This code is classified as Critical-level severity within the Powertrain category.,Powertrain,Manufacturer,Critical
P2198,O2 Sensor Signal Biased/Stuck Rich,System: Emissions System. Source: SAE J2012 / ISO 15031. This code is classified as Critical-level severity within the Powertrain category.,Powertrain,Manufacturer,Critical
P2199,Intake Air Temperature Sensor 1/2 Correlation,System: Emissions System. Source: SAE J2012 / ISO 15031. This code is classified as Warning-level severity within the Powertrain category.,Powertrain,Manufacturer,Warning
P2200,nox Sensor Circuit,System: Emissions System. Source: SAE J2012 / ISO 15031. This code is classified as Info-level severity within the Powertrain category.,Powertrain,Manufacturer,Info
P2201,nox Sensor Circuit Range/Performance,System: Emissions System. Source: SAE J2012 / ISO 15031. This code is classified as Warning-level severity within the Powertrain category.,Powertrain,Manufacturer,Warning
P2202,nox Sensor Circuit Low,System: Emissions System. Source: SAE J2012 / ISO 15031. This code is classified as Warning-level severity within the Powertrain category.,Powertrain,Manufacturer,Warning
P2203,nox Sensor Circuit High,System: Emissions System. Source: SAE J2012 / ISO 15031. This code is classified as Warning-level severity within the Powertrain category.,Powertrain,Manufacturer,Warning
P2204,nox Sensor Circuit Intermittent,System: Emissions System. Source: SAE J2012 / ISO 15031. This code is classified as Warning-level severity within the Powertrain category.,Powertrain,Manufacturer,Warning
P2205,nox Sensor Heater Control Circuit/Open,System: Emissions System. Source: SAE J2012 / ISO 15031. This code is classified as Critical-level severity within the Powertrain category.,Powertrain,Manufacturer,Critical
P2206,nox Sensor Heater Control Circuit Low,System: Emissions System. Source: SAE J2012 / ISO 15031. This code is classified as Warning-level severity within the Powertrain category.,Powertrain,Manufacturer,Warning
P2207,nox Sensor Heater Control Circuit High,System: Emissions System. Source: SAE J2012 / ISO 15031. This code is classified as Warning-level severity within the Powertrain category.,Powertrain,Manufacturer,Warning
P2208,nox Sensor Heater Sense Circuit,System: Emissions System. Source: SAE J2012 / ISO 15031. This code is classified as Info-level severity within the Powertrain category.,Powertrain,Manufacturer,Info
P2209,nox Sensor Heater Sense Circuit Range/Performance,System: Emissions System. Source: SAE J2012 / ISO 15031. This code is classified as Warning-level severity within the Powertrain category.,Powertrain,Manufacturer,Warning
P2210,nox Sensor Heater Sense Circuit Low,System: Emissions System. Source: SAE J2012 / ISO 15031. This code is classified as Warning-level severity within the Powertrain category.,Powertrain,Manufacturer,Warning
P2211,nox Sensor Heater Sense Circuit High,System: Emissions System. Source: SAE J2012 / ISO 15031. This code is classified as Warning-level severity within the Powertrain category.,Powertrain,Manufacturer,Warning
P2212,nox Sensor Heater Sense Circuit Intermittent,System: Emissions System. Source: SAE J2012 / ISO 15031. This code is classified as Warning-level severity within the Powertrain category.,Powertrain,Manufacturer,Warning
P2213,nox Sensor Circuit,System: Emissions System. Source: SAE J2012 / ISO 15031. This code is classified as Info-level severity within the Powertrain category.,Powertrain,Manufacturer,Info
P2214,nox Sensor Circuit Range/Performance,System: Emissions System. Source: SAE J2012 / ISO 15031. This code is classified as Warning-level severity within the Powertrain category.,Powertrain,Manufacturer,Warning
P2215,nox Sensor Circuit Low,System: Emissions System. Source: SAE J2012 / ISO 15031. This code is classified as Warning-level severity within the Powertrain category.,Powertrain,Manufacturer,Warning
P2216,nox Sensor Circuit High,System: Emissions System. Source: SAE J2012 / ISO 15031. This code is classified as Warning-level severity within the Powertrain category.,Powertrain,Manufacturer,Warning
P2217,nox Sensor Circuit Intermittent,System: Emissions System. Source: SAE J2012 / ISO 15031. This code is classified as Warning-level severity within the Powertrain category.,Powertrain,Manufacturer,Warning
P2218,nox Sensor Heater Control Circuit/Open,System: Emissions System. Source: SAE J2012 / ISO 15031. This code is classified as Critical-level severity within the Powertrain category.,Powertrain,Manufacturer,Critical
P2219,nox Sensor Heater Control Circuit Low,System: Emissions System. Source: SAE J2012 / ISO 15031. This code is classified as Warning-level severity within the Powertrain category.,Powertrain,Manufacturer,Warning
P2220,nox Sensor Heater Control Circuit High,System: Emissions System. Source: SAE J2012 / ISO 15031. This code is classified as Warning-level severity within the Powertrain category.,Powertrain,Manufacturer,Warning
P2221,nox Sensor Heater Sense Circuit,System: Emissions System. Source: SAE J2012 / ISO 15031. This code is classified as Info-level severity within the Powertrain category.,Powertrain,Manufacturer,Info
P2222,nox Sensor Heater Sense Circuit Range/Performance,System: Emissions System. Source: SAE J2012 / ISO 15031. This code is classified as Warning-level severity within the Powertrain category.,Powertrain,Manufacturer,Warning
P2223,nox Sensor Heater Sense Circuit Low,System: Emissions System. Source: SAE J2012 / ISO 15031. This code is classified as Warning-level severity within the Powertrain category.,Powertrain,Manufacturer,Warning
P2224,nox Sensor Heater Sense Circuit High,System: Emissions System. Source: SAE J2012 / ISO 15031. This code is classified as Warning-level severity within the Powertrain category.,Powertrain,Manufacturer,Warning
P2225,nox Sensor Heater Sense Circuit Intermittent,System: Emissions System. Source: SAE J2012 / ISO 15031. This code is classified as Warning-level severity within the Powertrain category.,Powertrain,Manufacturer,Warning
P2226,"Barometric Pressure Sensor ""A"" Circuit",System: Emissions System. Source: SAE J2012 / ISO 15031. This code is classified as Info-level severity within the Powertrain category.,Powertrain,Manufacturer,Info
P2227,"Barometric Pressure Sensor ""A"" Circuit Range/Performance",System: Emissions System. Source: SAE J2012 / ISO 15031. This code is classified as Warning-level severity within the Powertrain category.,Powertrain,Manufacturer,Warning
P2228,"Barometric Pressure Sensor ""A"" Circuit Low",System: Emissions System. Source: SAE J2012 / ISO 15031. This code is classified as Warning-level severity within the Powertrain category.,Powertrain,Manufacturer,Warning
P2229,"Barometric Pressure Sensor ""A"" Circuit High",System: Emissions System. Source: SAE J2012 / ISO 15031. This code is classified as Warning-level severity within the Powertrain category.,Powertrain,Manufacturer,Warning
P222A,"Barometric Pressure Sensor ""B"" Circuit",System: Emissions System. Source: SAE J2012 / ISO 15031. This code is classified as Info-level severity within the Powertrain category.,Powertrain,Manufacturer,Info
P222B,"Barometric Pressure Sensor ""B"" Circuit Range/Performance",System: Emissions System. Source: SAE J2012 / ISO 15031. This code is classified as Warning-level severity within the Powertrain category.,Powertrain,Manufacturer,Warning
P222C,"Barometric Pressure Sensor ""B"" Circuit Low",System: Emissions System. Source: SAE J2012 / ISO 15031. This code is classified as Warning-level severity within the Powertrain category.,Powertrain,Manufacturer,Warning
P222D,"Barometric Pressure Sensor ""B"" Circuit High",System: Emissions System. Source: SAE J2012 / ISO 15031. This code is classified as Warning-level severity within the Powertrain category.,Powertrain,Manufacturer,Warning
P222E,"Barometric Pressure Sensor ""B"" Circuit Intermittent/Erratic",System: Emissions System. Source: SAE J2012 / ISO 15031. This code is classified as Warning-level severity within the Powertrain category.,Powertrain,Manufacturer,Warning
P222F,"Barometric Pressure Sensor ""A""/""B"" Correlation",System: Emissions System. Source: SAE J2012 / ISO 15031. This code is classified as Warning-level severity within the Powertrain category.,Powertrain,Manufacturer,Warning
P2230,"Barometric Pressure Sensor ""A"" Circuit Intermittent/Erratic",System: Emissions System. Source: SAE J2012 / ISO 15031. This code is classified as Warning-level severity within the Powertrain category.,Powertrain,Manufacturer,Warning
P2231,O2 Sensor Signal Circuit Shorted to Heater Circuit,System: Emissions System. Source: SAE J2012 / ISO 15031. This code is classified as Critical-level severity within the Powertrain category.,Powertrain,Manufacturer,Critical
P2232,O2 Sensor Signal Circuit Shorted to Heater Circuit,System: Emissions System. Source: SAE J2012 / ISO 15031. This code is classified as Critical-level severity within the Powertrain category.,Powertrain,Manufacturer,Critical
P2233,O2 Sensor Signal Circuit Shorted to Heater Circuit,System: Emissions System. Source: SAE J2012 / ISO 15031. This code is classified as Critical-level severity within the Powertrain category.,Powertrain,Manufacturer,Critical
P2234,O2 Sensor Signal Circuit Shorted to Heater Circuit,System: Emissions System. Source: SAE J2012 / ISO 15031. This code is classified as Critical-level severity within the Powertrain category.,Powertrain,Manufacturer,Critical
P2235,O2 Sensor Signal Circuit Shorted to Heater Circuit,System: Emissions System. Source: SAE J2012 / ISO 15031. This code is classified as Critical-level severity within the Powertrain category.,Powertrain,Manufacturer,Critical
P2236,O2 Sensor Signal Circuit Shorted to Heater Circuit,System: Emissions System. Source: SAE J2012 / ISO 15031. This code is classified as Critical-level severity within the Powertrain category.,Powertrain,Manufacturer,Critical
P2237,O2 Sensor Positive Current Control Circuit/Open,System: Emissions System. Source: SAE J2012 / ISO 15031. This code is classified as Critical-level severity within the Powertrain category.,Powertrain,Manufacturer,Critical
P2238,O2 Sensor Positive Current Control Circuit Low,System: Emissions System. Source: SAE J2012 / ISO 15031. This code is classified as Warning-level severity within the Powertrain category.,Powertrain,Manufacturer,Warning
P2239,O2 Sensor Positive Current Control Circuit High,System: Emissions System. Source: SAE J2012 / ISO 15031. This code is classified as Warning-level severity within the Powertrain category.,Powertrain,Manufacturer,Warning
P2240,O2 Sensor Positive Current Control Circuit/Open,System: Emissions System. Source: SAE J2012 / ISO 15031. This code is classified as Critical-level severity within the Powertrain category.,Powertrain,Manufacturer,Critical
P2241,O2 Sensor Positive Current Control Circuit Low,System: Emissions System. Source: SAE J2012 / ISO 15031. This code is classified as Warning-level severity within the Powertrain category.,Powertrain,Manufacturer,Warning
P2242,O2 Sensor Positive Current Control Circuit High,System: Emissions System. Source: SAE J2012 / ISO 15031. This code is classified as Warning-level severity within the Powertrain category.,Powertrain,Manufacturer,Warning
P2243,O2 Sensor Reference Voltage Circuit/Open,System: Emissions System. Source: SAE J2012 / ISO 15031. This code is classified as Critical-level severity within the Powertrain category.,Powertrain,Manufacturer,Critical
P2244,O2 Sensor Reference Voltage Performance,System: Emissions System. Source: SAE J2012 / ISO 15031. This code is classified as Warning-level severity within the Powertrain category.,Powertrain,Manufacturer,Warning
P2245,O2 Sensor Reference Voltage Circuit Low,System: Emissions System. Source: SAE J2012 / ISO 15031. This code is classified as Warning-level severity within the Powertrain category.,Powertrain,Manufacturer,Warning
P2246,O2 Sensor Reference Voltage Circuit High,System: Emissions System. Source: SAE J2012 / ISO 15031. This code is classified as Warning-level severity within the Powertrain category.,Powertrain,Manufacturer,Warning
P2247,O2 Sensor Reference Voltage Circuit/Open,System: Emissions System. Source: SAE J2012 / ISO 15031. This code is classified as Critical-level severity within the Powertrain category.,Powertrain,Manufacturer,Critical
P2248,O2 Sensor Reference Voltage Performance,System: Emissions System. Source: SAE J2012 / ISO 15031. This code is classified as Warning-level severity within the Powertrain category.,Powertrain,Manufacturer,Warning
P2249,O2 Sensor Reference Voltage Circuit Low,System: Emissions System. Source: SAE J2012 / ISO 15031. This code is classified as Warning-level severity within the Powertrain category.,Powertrain,Manufacturer,Warning
P2250,O2 Sensor Reference Voltage Circuit High,System: Emissions System. Source: SAE J2012 / ISO 15031. This code is classified as Warning-level severity within the Powertrain category.,Powertrain,Manufacturer,Warning
P2251,O2 Sensor Negative Current Control Circuit/Open,System: Emissions System. Source: SAE J2012 / ISO 15031. This code is classified as Critical-level severity within the Powertrain category.,Powertrain,Manufacturer,Critical
P2252,O2 Sensor Negative Current Control Circuit Low,System: Emissions System. Source: SAE J2012 / ISO 15031. This code is classified as Warning-level severity within the Powertrain category.,Powertrain,Manufacturer,Warning
P2253,O2 Sensor Negative Current Control Circuit High,System: Emissions System. Source: SAE J2012 / ISO 15031. This code is classified as Warning-level severity within the Powertrain category.,Powertrain,Manufacturer,Warning
P2254,O2 Sensor Negative Current Control Circuit/Open,System: Emissions System. Source: SAE J2012 / ISO 15031. This code is classified as Critical-level severity within the Powertrain category.,Powertrain,Manufacturer,Critical
P2255,O2 Sensor Negative Current Control Circuit Low,System: Emissions System. Source: SAE J2012 / ISO 15031. This code is classified as Warning-level severity within the Powertrain category.,Powertrain,Manufacturer,Warning
P2256,O2 Sensor Negative Current Control Circuit High,System: Emissions System. Source: SAE J2012 / ISO 15031. This code is classified as Warning-level severity within the Powertrain category.,Powertrain,Manufacturer,Warning
P2257,"Secondary Air Injection System Control ""A"" Circuit Low",System: Emissions System. Source: SAE J2012 / ISO 15031. This code is classified as Warning-level severity within the Powertrain category.,Powertrain,Manufacturer,Warning
P2258,"Secondary Air Injection System Control ""A"" Circuit High",System: Emissions System. Source: SAE J2012 / ISO 15031. This code is classified as Warning-level severity within the Powertrain category.,Powertrain,Manufacturer,Warning
P2259,"Secondary Air Injection System Control ""B"" Circuit Low",System: Emissions System. Source: SAE J2012 / ISO 15031. This code is classified as Warning-level severity within the Powertrain category.,Powertrain,Manufacturer,Warning
P2260,"Secondary Air Injection System Control ""B"" Circuit High",System: Emissions System. Source: SAE J2012 / ISO 15031. This code is classified as Warning-level severity within the Powertrain category.,Powertrain,Manufacturer,Warning
P2261,Turbocharger/Supercharger Bypass Valve - Mechanical,System: Emissions System. Source: SAE J2012 / ISO 15031. This code is classified as Info-level severity within the Powertrain category.,Powertrain,Manufacturer,Info
P2262,Turbocharger/Supercharger Boost Pressure not Detected -,System: Emissions System. Source: SAE J2012 / ISO 15031. This code is classified as Info-level severity within the Powertrain category.,Powertrain,Manufacturer,Info
P2263,Turbocharger/Supercharger Boost System Performance,System: Emissions System. Source: SAE J2012 / ISO 15031. This code is classified as Warning-level severity within the Powertrain category.,Powertrain,Manufacturer,Warning
P2264,Water in Fuel Sensor Circuit,System: Emissions System. Source: SAE J2012 / ISO 15031. This code is classified as Info-level severity within the Powertrain category.,Powertrain,Manufacturer,Info
P2265,Water in Fuel Sensor Circuit Range/Performance,System: Emissions System. Source: SAE J2012 / ISO 15031. This code is classified as Warning-level severity within the Powertrain category.,Powertrain,Manufacturer,Warning
P2266,Water in Fuel Sensor Circuit Low,System: Emissions System. Source: SAE J2012 / ISO 15031. This code is classified as Warning-level severity within the Powertrain category.,Powertrain,Manufacturer,Warning
P2267,Water in Fuel Sensor Circuit High,System: Emissions System. Source: SAE J2012 / ISO 15031. This code is classified as Warning-level severity within the Powertrain category.,Powertrain,Manufacturer,Warning
P2268,Water in Fuel Sensor Circuit Intermittent,System: Emissions System. Source: SAE J2012 / ISO 15031. This code is classified as Warning-level severity within the Powertrain category.,Powertrain,Manufacturer,Warning
P2269,Water in Fuel Condition,System: Emissions System. Source: SAE J2012 / ISO 15031. This code is classified as Info-level severity within the Powertrain category.,Powertrain,Manufacturer,Info
P226A,Water in Fuel Lamp Control Circuit,System: Emissions System. Source: SAE J2012 / ISO 15031. This code is classified as Info-level severity within the Powertrain category.,Powertrain,Manufacturer,Info
P226B,Turbocharger/Supercharger Boost Pressure Too High - Mechanical,System: Emissions System. Source: SAE J2012 / ISO 15031. This code is classified as Warning-level severity within the Powertrain category.,Powertrain,Manufacturer,Warning
P2270,O2 Sensor Signal Biased/Stuck Lean Bank 1 Sensor 2,System: Emissions System. Source: SAE J2012 / ISO 15031. This code is classified as Critical-level severity within the Powertrain category.,Powertrain,Manufacturer,Critical
P2271,O2 Sensor Signal Biased/Stuck Rich,System: Emissions System. Source: SAE J2012 / ISO 15031. This code is classified as Critical-level severity within the Powertrain category.,Powertrain,Manufacturer,Critical
P2272,O2 Sensor Signal Biased/Stuck Lean,System: Emissions System. Source: SAE J2012 / ISO 15031. This code is classified as Critical-level severity within the Powertrain category.,Powertrain,Manufacturer,Critical
P2273,O2 Sensor Signal Biased/Stuck Rich,System: Emissions System. Source: SAE J2012 / ISO 15031. This code is classified as Critical-level severity within the Powertrain category.,Powertrain,Manufacturer,Critical
P2274,O2 Sensor Signal Biased/Stuck Lean,System: Emissions System. Source: SAE J2012 / ISO 15031. This code is classified as Critical-level severity within the Powertrain category.,Powertrain,Manufacturer,Critical
P2275,O2 Sensor Signal Biased/Stuck Rich,System: Emissions System. Source: SAE J2012 / ISO 15031. This code is classified as Critical-level severity within the Powertrain category.,Powertrain,Manufacturer,Critical
P2276,O2 Sensor Signal Biased/Stuck Lean,System: Emissions System. Source: SAE J2012 / ISO 15031. This code is classified as Critical-level severity within the Powertrain category.,Powertrain,Manufacturer,Critical
P2277,O2 Sensor Signal Biased/Stuck Rich,System: Emissions System. Source: SAE J2012 / ISO 15031. This code is classified as Critical-level severity within the Powertrain category.,Powertrain,Manufacturer,Critical
P2278,O2 Sensor Signals Swapped Bank 1 Sensor 3/Bank 2 Sensor 3,System: Emissions System. Source: SAE J2012 / ISO 15031. This code is classified as Info-level severity within the Powertrain category.,Powertrain,Manufacturer,Info
P2279,Intake Air System Leak,System: Emissions System. Source: SAE J2012 / ISO 15031. This code is classified as Critical-level severity within the Powertrain category.,Powertrain,Manufacturer,Critical
P2280,Air Flow Restriction/Air Leak Between Air Filter and MAF,System: Emissions System. Source: SAE J2012 / ISO 15031. This code is classified as Critical-level severity within the Powertrain category.,Powertrain,Manufacturer,Critical
P2281,Air Leak Between MAF and Throttle Body,System: Emissions System. Source: SAE J2012 / ISO 15031. This code is classified as Critical-level severity within the Powertrain category.,Powertrain,Manufacturer,Critical
P2282,Air Leak Between Throttle Body and Intake Valves,System: Emissions System. Source: SAE J2012 / ISO 15031. This code is classified as Critical-level severity within the Powertrain category.,Powertrain,Manufacturer,Critical
P2283,Injector Control Pressure Sensor Circuit,System: Emissions System. Source: SAE J2012 / ISO 15031. This code is classified as Info-level severity within the Powertrain category.,Powertrain,Manufacturer,Info
P2284,Injector Control Pressure Sensor Circuit Range/Performance,System: Emissions System. Source: SAE J2012 / ISO 15031. This code is classified as Warning-level severity within the Powertrain category.,Powertrain,Manufacturer,Warning
P2285,Injector Control Pressure Sensor Circuit Low,System: Emissions System. Source: SAE J2012 / ISO 15031. This code is classified as Warning-level severity within the Powertrain category.,Powertrain,Manufacturer,Warning
P2286,Injector Control Pressure Sensor Circuit High,System: Emissions System. Source: SAE J2012 / ISO 15031. This code is classified as Warning-level severity within the Powertrain category.,Powertrain,Manufacturer,Warning
P2287,Injector Control Pressure Sensor Circuit Intermittent,System: Emissions System. Source: SAE J2012 / ISO 15031. This code is classified as Warning-level severity within the Powertrain category.,Powertrain,Manufacturer,Warning
P2288,Injector Control Pressure Too High,System: Emissions System. Source: SAE J2012 / ISO 15031. This code is classified as Warning-level severity within the Powertrain category.,Powertrain,Manufacturer,Warning
P2289,Injector Control Pressure Too High - Engine Off,System: Emissions System. Source: SAE J2012 / ISO 15031. This code is classified as Warning-level severity within the Powertrain category.,Powertrain,Manufacturer,Warning
P228A,Fuel Pressure Regulator 1 - Forced Engine Shutdown,System: Emissions System. Source: SAE J2012 / ISO 15031. This code is classified as Critical-level severity within the Powertrain category.,Powertrain,Manufacturer,Critical
P228B,Fuel Pressure Regulator 2 - Forced Engine Shutdown,System: Emissions System. Source: SAE J2012 / ISO 15031. This code is classified as Critical-level severity within the Powertrain category.,Powertrain,Manufacturer,Critical
P228C,Fuel Pressure Regulator 1 Exceeded Control Limits - Pressure Too,System: Emissions System. Source: SAE J2012 / ISO 15031. This code is classified as Warning-level severity within the Powertrain category.,Powertrain,Manufacturer,Warning
P228D,Fuel Pressure Regulator 1 Exceeded Control Limits - Pressure Too,System: Emissions System. Source: SAE J2012 / ISO 15031. This code is classified as Warning-level severity within the Powertrain category.,Powertrain,Manufacturer,Warning
P228E,Fuel Pressure Regulator 1 Exceeded Learning Limits - Too Low,System: Emissions System. Source: SAE J2012 / ISO 15031. This code is classified as Warning-level severity within the Powertrain category.,Powertrain,Manufacturer,Warning
P228F,Fuel Pressure Regulator 1 Exceeded Learning Limits - Too High,System: Emissions System. Source: SAE J2012 / ISO 15031. This code is classified as Warning-level severity within the Powertrain category.,Powertrain,Manufacturer,Warning
P2290,Injector Control Pressure Too Low,System: Emissions System. Source: SAE J2012 / ISO 15031. This code is classified as Warning-level severity within the Powertrain category.,Powertrain,Manufacturer,Warning
P2291,Injector Control Pressure Too Low - Engine Cranking,System: Emissions System. Source: SAE J2012 / ISO 15031. This code is classified as Warning-level severity within the Powertrain category.,Powertrain,Manufacturer,Warning
P2292,Injector Control Pressure Erratic,System: Emissions System. Source: SAE J2012 / ISO 15031. This code is classified as Warning-level severity within the Powertrain category.,Powertrain,Manufacturer,Warning
P2293,Fuel Pressure Regulator 2 Performance,System: Emissions System. Source: SAE J2012 / ISO 15031. This code is classified as Warning-level severity within the Powertrain category.,Powertrain,Manufacturer,Warning
P2294,Fuel Pressure Regulator 2 Control Circuit/Open,System: Emissions System. Source: SAE J2012 / ISO 15031. This code is classified as Critical-level severity within the Powertrain category.,Powertrain,Manufacturer,Critical
P2295,Fuel Pressure Regulator 2 Control Circuit Low,System: Emissions System. Source: SAE J2012 / ISO 15031. This code is classified as Warning-level severity within the Powertrain category.,Powertrain,Manufacturer,Warning
P2296,Fuel Pressure Regulator 2 Control Circuit High,System: Emissions System. Source: SAE J2012 / ISO 15031. This code is classified as Warning-level severity within the Powertrain category.,Powertrain,Manufacturer,Warning
P2297,O2 Sensor Out of Range During Deceleration,System: Emissions System. Source: SAE J2012 / ISO 15031. This code is classified as Warning-level severity within the Powertrain category.,Powertrain,Manufacturer,Warning
P2298,O2 Sensor Out of Range During Deceleration,System: Emissions System. Source: SAE J2012 / ISO 15031. This code is classified as Warning-level severity within the Powertrain category.,Powertrain,Manufacturer,Warning
P2299,Brake Pedal Position/Accelerator Pedal Position Incompatible,System: Emissions System. Source: SAE J2012 / ISO 15031. This code is classified as Info-level severity within the Powertrain category.,Powertrain,Manufacturer,Info
P229A,Fuel Pressure Regulator 2 Exceeded Control Limits - Pressure Too,System: Emissions System. Source: SAE J2012 / ISO 15031. This code is classified as Warning-level severity within the Powertrain category.,Powertrain,Manufacturer,Warning
P229B,Fuel Pressure Regulator 2 Exceeded Control Limits - Pressure Too,System: Emissions System. Source: SAE J2012 / ISO 15031. This code is classified as Warning-level severity within the Powertrain category.,Powertrain,Manufacturer,Warning
P229C,Fuel Pressure Regulator 2 Exceeded Learning Limits - Too Low,System: Emissions System. Source: SAE J2012 / ISO 15031. This code is classified as Warning-level severity within the Powertrain category.,Powertrain,Manufacturer,Warning
P229D,Fuel Pressure Regulator 2 Exceeded Learning Limits - Too High,System: Emissions System. Source: SAE J2012 / ISO 15031. This code is classified as Warning-level severity within the Powertrain category.,Powertrain,Manufacturer,Warning
P2300,"Ignition Coil ""A"" Primary Control Circuit Low",System: Emissions System. Source: SAE J2012 / ISO 15031. This code is classified as Warning-level severity within the Powertrain category.,Powertrain,Manufacturer,Warning
P2301,"Ignition Coil ""A"" Primary Control Circuit High",System: Emissions System. Source: SAE J2012 / ISO 15031. This code is classified as Warning-level severity within the Powertrain category.,Powertrain,Manufacturer,Warning
P2302,"Ignition Coil ""A"" Secondary Circuit",System: Emissions System. Source: SAE J2012 / ISO 15031. This code is classified as Info-level severity within the Powertrain category.,Powertrain,Manufacturer,Info
P2303,"Ignition Coil ""B"" Primary Control Circuit Low",System: Emissions System. Source: SAE J2012 / ISO 15031. This code is classified as Warning-level severity within the Powertrain category.,Powertrain,Manufacturer,Warning
P2304,"Ignition Coil ""B"" Primary Control Circuit High",System: Emissions System. Source: SAE J2012 / ISO 15031. This code is classified as Warning-level severity within the Powertrain category.,Powertrain,Manufacturer,Warning
P2305,"Ignition Coil ""B"" Secondary Circuit",System: Emissions System. Source: SAE J2012 / ISO 15031. This code is classified as Info-level severity within the Powertrain category.,Powertrain,Manufacturer,Info
P2306,"Ignition Coil ""C"" Primary Control Circuit Low",System: Emissions System. Source: SAE J2012 / ISO 15031. This code is classified as Warning-level severity within the Powertrain category.,Powertrain,Manufacturer,Warning
P2307,"Ignition Coil ""C"" Primary Control Circuit High",System: Emissions System. Source: SAE J2012 / ISO 15031. This code is classified as Warning-level severity within the Powertrain category.,Powertrain,Manufacturer,Warning
P2308,"Ignition Coil ""C"" Secondary Circuit",System: Emissions System. Source: SAE J2012 / ISO 15031. This code is classified as Info-level severity within the Powertrain category.,Powertrain,Manufacturer,Info
P2309,"Ignition Coil ""D"" Primary Control Circuit Low",System: Emissions System. Source: SAE J2012 / ISO 15031. This code is classified as Warning-level severity within the Powertrain category.,Powertrain,Manufacturer,Warning
P2310,"Ignition Coil ""D"" Primary Control Circuit High",System: Emissions System. Source: SAE J2012 / ISO 15031. This code is classified as Warning-level severity within the Powertrain category.,Powertrain,Manufacturer,Warning
P2311,"Ignition Coil ""D"" Secondary Circuit",System: Emissions System. Source: SAE J2012 / ISO 15031. This code is classified as Info-level severity within the Powertrain category.,Powertrain,Manufacturer,Info
P2312,"Ignition Coil ""E"" Primary Control Circuit Low",System: Emissions System. Source: SAE J2012 / ISO 15031. This code is classified as Warning-level severity within the Powertrain category.,Powertrain,Manufacturer,Warning
P2313,"Ignition Coil ""E"" Primary Control Circuit High",System: Emissions System. Source: SAE J2012 / ISO 15031. This code is classified as Warning-level severity within the Powertrain category.,Powertrain,Manufacturer,Warning
P2314,"Ignition Coil ""E"" Secondary Circuit",System: Emissions System. Source: SAE J2012 / ISO 15031. This code is classified as Info-level severity within the Powertrain category.,Powertrain,Manufacturer,Info
P2315,"Ignition Coil ""F"" Primary Control Circuit Low",System: Emissions System. Source: SAE J2012 / ISO 15031. This code is classified as Warning-level severity within the Powertrain category.,Powertrain,Manufacturer,Warning
P2316,"Ignition Coil ""F"" Primary Control Circuit High",System: Emissions System. Source: SAE J2012 / ISO 15031. This code is classified as Warning-level severity within the Powertrain category.,Powertrain,Manufacturer,Warning
P2317,"Ignition Coil ""F"" Secondary Circuit",System: Emissions System. Source: SAE J2012 / ISO 15031. This code is classified as Info-level severity within the Powertrain category.,Powertrain,Manufacturer,Info
P2318,"Ignition Coil ""G"" Primary Control Circuit Low",System: Emissions System. Source: SAE J2012 / ISO 15031. This code is classified as Warning-level severity within the Powertrain category.,Powertrain,Manufacturer,Warning
P2319,"Ignition Coil ""G"" Primary Control Circuit High",System: Emissions System. Source: SAE J2012 / ISO 15031. This code is classified as Warning-level severity within the Powertrain category.,Powertrain,Manufacturer,Warning
P2320,"Ignition Coil ""G"" Secondary Circuit",System: Emissions System. Source: SAE J2012 / ISO 15031. This code is classified as Info-level severity within the Powertrain category.,Powertrain,Manufacturer,Info
P2321,"Ignition Coil ""H"" Primary Control Circuit Low",System: Emissions System. Source: SAE J2012 / ISO 15031. This code is classified as Warning-level severity within the Powertrain category.,Powertrain,Manufacturer,Warning
P2322,"Ignition Coil ""H"" Primary Control Circuit High",System: Emissions System. Source: SAE J2012 / ISO 15031. This code is classified as Warning-level severity within the Powertrain category.,Powertrain,Manufacturer,Warning
P2323,"Ignition Coil ""H"" Secondary Circuit",System: Emissions System. Source: SAE J2012 / ISO 15031. This code is classified as Info-level severity within the Powertrain category.,Powertrain,Manufacturer,Info
P2324,"Ignition Coil ""I"" Primary Control Circuit Low",System: Emissions System. Source: SAE J2012 / ISO 15031. This code is classified as Warning-level severity within the Powertrain category.,Powertrain,Manufacturer,Warning
P2325,"Ignition Coil ""I"" Primary Control Circuit High",System: Emissions System. Source: SAE J2012 / ISO 15031. This code is classified as Warning-level severity within the Powertrain category.,Powertrain,Manufacturer,Warning
P2326,"Ignition Coil ""I"" Secondary Circuit",System: Emissions System. Source: SAE J2012 / ISO 15031. This code is classified as Info-level severity within the Powertrain category.,Powertrain,Manufacturer,Info
P2327,"Ignition Coil ""J"" Primary Control Circuit Low",System: Emissions System. Source: SAE J2012 / ISO 15031. This code is classified as Warning-level severity within the Powertrain category.,Powertrain,Manufacturer,Warning
P2328,"Ignition Coil ""J"" Primary Control Circuit High",System: Emissions System. Source: SAE J2012 / ISO 15031. This code is classified as Warning-level severity within the Powertrain category.,Powertrain,Manufacturer,Warning
P2329,"Ignition Coil ""J"" Secondary Circuit",System: Emissions System. Source: SAE J2012 / ISO 15031. This code is classified as Info-level severity within the Powertrain category.,Powertrain,Manufacturer,Info
P2330,"Ignition Coil ""K"" Primary Control Circuit Low",System: Emissions System. Source: SAE J2012 / ISO 15031. This code is classified as Warning-level severity within the Powertrain category.,Powertrain,Manufacturer,Warning
P2331,"Ignition Coil ""K"" Primary Control Circuit High",System: Emissions System. Source: SAE J2012 / ISO 15031. This code is classified as Warning-level severity within the Powertrain category.,Powertrain,Manufacturer,Warning
P2332,"Ignition Coil ""K"" Secondary Circuit",System: Emissions System. Source: SAE J2012 / ISO 15031. This code is classified as Info-level severity within the Powertrain category.,Powertrain,Manufacturer,Info
P2333,"Ignition Coil ""L"" Primary Control Circuit Low",System: Emissions System. Source: SAE J2012 / ISO 15031. This code is classified as Warning-level severity within the Powertrain category.,Powertrain,Manufacturer,Warning
P2334,"Ignition Coil ""L"" Primary Control Circuit High",System: Emissions System. Source: SAE J2012 / ISO 15031. This code is classified as Warning-level severity within the Powertrain category.,Powertrain,Manufacturer,Warning
P2335,"Ignition Coil ""L"" Secondary Circuit",System: Emissions System. Source: SAE J2012 / ISO 15031. This code is classified as Info-level severity within the Powertrain category.,Powertrain,Manufacturer,Info
P2336,Cylinder 1 Above Knock Threshold,System: Emissions System. Source: SAE J2012 / ISO 15031. This code is classified as Info-level severity within the Powertrain category.,Powertrain,Manufacturer,Info
P2337,Cylinder 2 Above Knock Threshold,System: Emissions System. Source: SAE J2012 / ISO 15031. This code is classified as Info-level severity within the Powertrain category.,Powertrain,Manufacturer,Info
P2338,Cylinder 3 Above Knock Threshold,System: Emissions System. Source: SAE J2012 / ISO 15031. This code is classified as Info-level severity within the Powertrain category.,Powertrain,Manufacturer,Info
P2339,Cylinder 4 Above Knock Threshold,System: Emissions System. Source: SAE J2012 / ISO 15031. This code is classified as Info-level severity within the Powertrain category.,Powertrain,Manufacturer,Info
P2340,Cylinder 5 Above Knock Threshold,System: Emissions System. Source: SAE J2012 / ISO 15031. This code is classified as Info-level severity within the Powertrain category.,Powertrain,Manufacturer,Info
P2341,Cylinder 6 Above Knock Threshold,System: Emissions System. Source: SAE J2012 / ISO 15031. This code is classified as Info-level severity within the Powertrain category.,Powertrain,Manufacturer,Info
P2342,Cylinder 7 Above Knock Threshold,System: Emissions System. Source: SAE J2012 / ISO 15031. This code is classified as Info-level severity within the Powertrain category.,Powertrain,Manufacturer,Info
P2343,Cylinder 8 Above Knock Threshold,System: Emissions System. Source: SAE J2012 / ISO 15031. This code is classified as Info-level severity within the Powertrain category.,Powertrain,Manufacturer,Info
P2344,Cylinder 9 Above Knock Threshold,System: Emissions System. Source: SAE J2012 / ISO 15031. This code is classified as Info-level severity within the Powertrain category.,Powertrain,Manufacturer,Info
P2345,Cylinder 10 Above Knock Threshold,System: Emissions System. Source: SAE J2012 / ISO 15031. This code is classified as Info-level severity within the Powertrain category.,Powertrain,Manufacturer,Info
P2346,Cylinder 11 Above Knock Threshold,System: Emissions System. Source: SAE J2012 / ISO 15031. This code is classified as Info-level severity within the Powertrain category.,Powertrain,Manufacturer,Info
P2347,Cylinder 12 Above Knock Threshold,System: Emissions System. Source: SAE J2012 / ISO 15031. This code is classified as Info-level severity within the Powertrain category.,Powertrain,Manufacturer,Info
P2400,Evaporative Emission System Leak Detection Pump Control,System: Emissions System. Source: SAE J2012 / ISO 15031. This code is classified as Critical-level severity within the Powertrain category.,Powertrain,Manufacturer,Critical
P2401,Evaporative Emission System Leak Detection Pump Control Circuit,System: Emissions System. Source: SAE J2012 / ISO 15031. This code is classified as Critical-level severity within the Powertrain category.,Powertrain,Manufacturer,Critical
P2402,Evaporative Emission System Leak Detection Pump Control Circuit,System: Emissions System. Source: SAE J2012 / ISO 15031. This code is classified as Critical-level severity within the Powertrain category.,Powertrain,Manufacturer,Critical
P2403,Evaporative Emission System Leak Detection Pump Sense,System: Emissions System. Source: SAE J2012 / ISO 15031. This code is classified as Critical-level severity within the Powertrain category.,Powertrain,Manufacturer,Critical
P2404,Evaporative Emission System Leak Detection Pump Sense Circuit,System: Emissions System. Source: SAE J2012 / ISO 15031. This code is classified as Critical-level severity within the Powertrain category.,Powertrain,Manufacturer,Critical
P2405,Evaporative Emission System Leak Detection Pump Sense Circuit,System: Emissions System. Source: SAE J2012 / ISO 15031. This code is classified as Critical-level severity within the Powertrain category.,Powertrain,Manufacturer,Critical
P2406,Evaporative Emission System Leak Detection Pump Sense Circuit,System: Emissions System. Source: SAE J2012 / ISO 15031. This code is classified as Critical-level severity within the Powertrain category.,Powertrain,Manufacturer,Critical
P2407,Evaporative Emission System Leak Detection Pump Sense Circuit,System: Emissions System. Source: SAE J2012 / ISO 15031. This code is classified as Critical-level severity within the Powertrain category.,Powertrain,Manufacturer,Critical
P2408,Fuel Cap Sensor/Switch Circuit,System: Emissions System. Source: SAE J2012 / ISO 15031. This code is classified as Info-level severity within the Powertrain category.,Powertrain,Manufacturer,Info
P2409,Fuel Cap Sensor/Switch Circuit Range/Performance,System: Emissions System. Source: SAE J2012 / ISO 15031. This code is classified as Warning-level severity within the Powertrain category.,Powertrain,Manufacturer,Warning
P240A,Evaporative Emission System Leak Detection Pump Heater Control,System: Emissions System. Source: SAE J2012 / ISO 15031. This code is classified as Critical-level severity within the Powertrain category.,Powertrain,Manufacturer,Critical
P240B,Evaporative Emission System Leak Detection Pump Heater Control,System: Emissions System. Source: SAE J2012 / ISO 15031. This code is classified as Critical-level severity within the Powertrain category.,Powertrain,Manufacturer,Critical
P240C,Evaporative Emission System Leak Detection Pump Heater Control,System: Emissions System. Source: SAE J2012 / ISO 15031. This code is classified as Critical-level severity within the Powertrain category.,Powertrain,Manufacturer,Critical
P2410,Fuel Cap Sensor/Switch Circuit Low,System: Emissions System. Source: SAE J2012 / ISO 15031. This code is classified as Warning-level severity within the Powertrain category.,Powertrain,Manufacturer,Warning
P2411,Fuel Cap Sensor/Switch Circuit High,System: Emissions System. Source: SAE J2012 / ISO 15031. This code is classified as Warning-level severity within the Powertrain category.,Powertrain,Manufacturer,Warning
P2412,Fuel Cap Sensor/Switch Circuit Intermittent/Erratic,System: Emissions System. Source: SAE J2012 / ISO 15031. This code is classified as Warning-level severity within the Powertrain category.,Powertrain,Manufacturer,Warning
P2413,Exhaust Gas Recirculation System Performance,System: Emissions System. Source: SAE J2012 / ISO 15031. This code is classified as Warning-level severity within the Powertrain category.,Powertrain,Manufacturer,Warning
P2414,O2 Sensor Exhaust Sample Error,System: Emissions System. Source: SAE J2012 / ISO 15031. This code is classified as Info-level severity within the Powertrain category.,Powertrain,Manufacturer,Info
P2415,O2 Sensor Exhaust Sample Error,System: Emissions System. Source: SAE J2012 / ISO 15031. This code is classified as Info-level severity within the Powertrain category.,Powertrain,Manufacturer,Info
P2416,O2 Sensor Signals Swapped Bank 1 Sensor 2/Bank 1 Sensor 3,System: Emissions System. Source: SAE J2012 / ISO 15031. This code is classified as Info-level severity within the Powertrain category.,Powertrain,Manufacturer,Info
P2417,O2 Sensor Signals Swapped Bank 2 Sensor 2/Bank 2 Sensor 3,System: Emissions System. Source: SAE J2012 / ISO 15031. This code is classified as Info-level severity within the Powertrain category.,Powertrain,Manufacturer,Info
P2418,Evaporative Emission System Switching Valve Control Circuit/Open,System: Emissions System. Source: SAE J2012 / ISO 15031. This code is classified as Critical-level severity within the Powertrain category.,Powertrain,Manufacturer,Critical
P2419,Evaporative Emission System Switching Valve Control Circuit Low,System: Emissions System. Source: SAE J2012 / ISO 15031. This code is classified as Warning-level severity within the Powertrain category.,Powertrain,Manufacturer,Warning
P2420,Evaporative Emission System Switching Valve Control Circuit High,System: Emissions System. Source: SAE J2012 / ISO 15031. This code is classified as Warning-level severity within the Powertrain category.,Powertrain,Manufacturer,Warning
P2421,Evaporative Emission System Vent Valve Stuck Open,System: Emissions System. Source: SAE J2012 / ISO 15031. This code is classified as Critical-level severity within the Powertrain category.,Powertrain,Manufacturer,Critical
P2422,Evaporative Emission System Vent Valve Stuck Closed,System: Emissions System. Source: SAE J2012 / ISO 15031. This code is classified as Critical-level severity within the Powertrain category.,Powertrain,Manufacturer,Critical
P2423,HC Adsorption Catalyst Efficiency Below Threshold,System: Emissions System. Source: SAE J2012 / ISO 15031. This code is classified as Warning-level severity within the Powertrain category.,Powertrain,Manufacturer,Warning
P2424,HC Adsorption Catalyst Efficiency Below Threshold,System: Emissions System. Source: SAE J2012 / ISO 15031. This code is classified as Warning-level severity within the Powertrain category.,Powertrain,Manufacturer,Warning
P2425,Exhaust Gas Recirculation Cooling Valve Control Circuit/Open,System: Emissions System. Source: SAE J2012 / ISO 15031. This code is classified as Critical-level severity within the Powertrain category.,Powertrain,Manufacturer,Critical
P2426,Exhaust Gas Recirculation Cooling Valve Control Circuit Low,System: Emissions System. Source: SAE J2012 / ISO 15031. This code is classified as Warning-level severity within the Powertrain category.,Powertrain,Manufacturer,Warning
P2427,Exhaust Gas Recirculation Cooling Valve Control Circuit High,System: Emissions System. Source: SAE J2012 / ISO 15031. This code is classified as Warning-level severity within the Powertrain category.,Powertrain,Manufacturer,Warning
P2428,Exhaust Gas Temperature Too High,System: Emissions System. Source: SAE J2012 / ISO 15031. This code is classified as Warning-level severity within the Powertrain category.,Powertrain,Manufacturer,Warning
P2429,Exhaust Gas Temperature Too High,System: Emissions System. Source: SAE J2012 / ISO 15031. This code is classified as Warning-level severity within the Powertrain category.,Powertrain,Manufacturer,Warning
P242A,Exhaust Gas Temperature Sensor Circuit,System: Emissions System. Source: SAE J2012 / ISO 15031. This code is classified as Info-level severity within the Powertrain category.,Powertrain,Manufacturer,Info
P242B,Exhaust Gas Temperature Sensor Circuit Range/Performance,System: Emissions System. Source: SAE J2012 / ISO 15031. This code is classified as Warning-level severity within the Powertrain category.,Powertrain,Manufacturer,Warning
P242C,Exhaust Gas Temperature Sensor Circuit Low,System: Emissions System. Source: SAE J2012 / ISO 15031. This code is classified as Warning-level severity within the Powertrain category.,Powertrain,Manufacturer,Warning
P242D,Exhaust Gas Temperature Sensor Circuit High,System: Emissions System. Source: SAE J2012 / ISO 15031. This code is classified as Warning-level severity within the Powertrain category.,Powertrain,Manufacturer,Warning
P242E,Exhaust Gas Temperature Sensor Circuit Intermittent/Erratic,System: Emissions System. Source: SAE J2012 / ISO 15031. This code is classified as Warning-level severity within the Powertrain category.,Powertrain,Manufacturer,Warning
P242F,Diesel Particulate Filter Restriction - Ash Accumulation,System: Emissions System. Source: SAE J2012 / ISO 15031. This code is classified as Info-level severity within the Powertrain category.,Powertrain,Manufacturer,Info
P2430,Secondary Air Injection System Air Flow/Pressure Sensor Circuit,System: Emissions System. Source: SAE J2012 / ISO 15031. This code is classified as Warning-level severity within the Powertrain category.,Powertrain,Manufacturer,Warning
P2431,Secondary Air Injection System Air Flow/Pressure Sensor Circuit,System: Emissions System. Source: SAE J2012 / ISO 15031. This code is classified as Warning-level severity within the Powertrain category.,Powertrain,Manufacturer,Warning
P2432,Secondary Air Injection System Air Flow/Pressure Sensor Circuit,System: Emissions System. Source: SAE J2012 / ISO 15031. This code is classified as Warning-level severity within the Powertrain category.,Powertrain,Manufacturer,Warning
P2433,Secondary Air Injection System Air Flow/Pressure Sensor Circuit,System: Emissions System. Source: SAE J2012 / ISO 15031. This code is classified as Warning-level severity within the Powertrain category.,Powertrain,Manufacturer,Warning
P2434,Secondary Air Injection System Air Flow/Pressure Sensor Circuit,System: Emissions System. Source: SAE J2012 / ISO 15031. This code is classified as Warning-level severity within the Powertrain category.,Powertrain,Manufacturer,Warning
P2435,Secondary Air Injection System Air Flow/Pressure Sensor Circuit,System: Emissions System. Source: SAE J2012 / ISO 15031. This code is classified as Warning-level severity within the Powertrain category.,Powertrain,Manufacturer,Warning
P2436,Secondary Air Injection System Air Flow/Pressure Sensor Circuit,System: Emissions System. Source: SAE J2012 / ISO 15031. This code is classified as Warning-level severity within the Powertrain category.,Powertrain,Manufacturer,Warning
P2437,Secondary Air Injection System Air Flow/Pressure Sensor Circuit,System: Emissions System. Source: SAE J2012 / ISO 15031. This code is classified as Warning-level severity within the Powertrain category.,Powertrain,Manufacturer,Warning
P2438,Secondary Air Injection System Air Flow/Pressure Sensor Circuit,System: Emissions System. Source: SAE J2012 / ISO 15031. This code is classified as Warning-level severity within the Powertrain category.,Powertrain,Manufacturer,Warning
P2439,Secondary Air Injection System Air Flow/Pressure Sensor Circuit,System: Emissions System. Source: SAE J2012 / ISO 15031. This code is classified as Warning-level severity within the Powertrain category.,Powertrain,Manufacturer,Warning
P2440,Secondary Air Injection System Switching Valve Stuck Open,System: Emissions System. Source: SAE J2012 / ISO 15031. This code is classified as Critical-level severity within the Powertrain category.,Powertrain,Manufacturer,Critical
P2441,Secondary Air Injection System Switching Valve Stuck Closed,System: Emissions System. Source: SAE J2012 / ISO 15031. This code is classified as Critical-level severity within the Powertrain category.,Powertrain,Manufacturer,Critical
P2442,Secondary Air Injection System Switching Valve Stuck Open,System: Emissions System. Source: SAE J2012 / ISO 15031. This code is classified as Critical-level severity within the Powertrain category.,Powertrain,Manufacturer,Critical
P2443,Secondary Air Injection System Switching Valve Stuck Closed,System: Emissions System. Source: SAE J2012 / ISO 15031. This code is classified as Critical-level severity within the Powertrain category.,Powertrain,Manufacturer,Critical
P2444,Secondary Air Injection System Pump Stuck On,System: Emissions System. Source: SAE J2012 / ISO 15031. This code is classified as Critical-level severity within the Powertrain category.,Powertrain,Manufacturer,Critical
P2445,Secondary Air Injection System Pump Stuck Off,System: Emissions System. Source: SAE J2012 / ISO 15031. This code is classified as Critical-level severity within the Powertrain category.,Powertrain,Manufacturer,Critical
P2446,Secondary Air Injection System Pump Stuck On,System: Emissions System. Source: SAE J2012 / ISO 15031. This code is classified as Critical-level severity within the Powertrain category.,Powertrain,Manufacturer,Critical
P2447,Secondary Air Injection System Pump Stuck Off,System: Emissions System. Source: SAE J2012 / ISO 15031. This code is classified as Critical-level severity within the Powertrain category.,Powertrain,Manufacturer,Critical
P2448,Secondary Air Injection System High Air Flow,System: Emissions System. Source: SAE J2012 / ISO 15031. This code is classified as Warning-level severity within the Powertrain category.,Powertrain,Manufacturer,Warning
P2449,Secondary Air Injection System High Air Flow,System: Emissions System. Source: SAE J2012 / ISO 15031. This code is classified as Warning-level severity within the Powertrain category.,Powertrain,Manufacturer,Warning
P244A,Diesel Particulate Filter Differential Pressure Too Low,System: Emissions System. Source: SAE J2012 / ISO 15031. This code is classified as Warning-level severity within the Powertrain category.,Powertrain,Manufacturer,Warning
P244B,Diesel Particulate Filter Differential Pressure Too High,System: Emissions System. Source: SAE J2012 / ISO 15031. This code is classified as Warning-level severity within the Powertrain category.,Powertrain,Manufacturer,Warning
P244C,Exhaust Temperature Too Low For Particulate Filter Regeneration,System: Emissions System. Source: SAE J2012 / ISO 15031. This code is classified as Warning-level severity within the Powertrain category.,Powertrain,Manufacturer,Warning
P244D,Exhaust Temperature Too High For Particulate Filter Regeneration,System: Emissions System. Source: SAE J2012 / ISO 15031. This code is classified as Warning-level severity within the Powertrain category.,Powertrain,Manufacturer,Warning
P244E,Exhaust Temperature Too Low For Particulate Filter Regeneration,System: Emissions System. Source: SAE J2012 / ISO 15031. This code is classified as Warning-level severity within the Powertrain category.,Powertrain,Manufacturer,Warning
P244F,Exhaust Temperature Too High For Particulate Filter Regeneration,System: Emissions System. Source: SAE J2012 / ISO 15031. This code is classified as Warning-level severity within the Powertrain category.,Powertrain,Manufacturer,Warning
P2450,Evaporative Emission System Switching Valve Performance/Stuck,System: Emissions System. Source: SAE J2012 / ISO 15031. This code is classified as Critical-level severity within the Powertrain category.,Powertrain,Manufacturer,Critical
P2451,Evaporative Emission System Switching Valve Stuck Closed,System: Emissions System. Source: SAE J2012 / ISO 15031. This code is classified as Critical-level severity within the Powertrain category.,Powertrain,Manufacturer,Critical
P2452,"Diesel Particulate Filter Pressure Sensor ""A"" Circuit",System: Emissions System. Source: SAE J2012 / ISO 15031. This code is classified as Info-level severity within the Powertrain category.,Powertrain,Manufacturer,Info
P2453,"Diesel Particulate Filter Pressure Sensor ""A"" Circuit",System: Emissions System. Source: SAE J2012 / ISO 15031. This code is classified as Info-level severity within the Powertrain category.,Powertrain,Manufacturer,Info
P2454,"Diesel Particulate Filter Pressure Sensor ""A"" Circuit Low",System: Emissions System. Source: SAE J2012 / ISO 15031. This code is classified as Warning-level severity within the Powertrain category.,Powertrain,Manufacturer,Warning
P2455,"Diesel Particulate Filter Pressure Sensor ""A"" Circuit High",System: Emissions System. Source: SAE J2012 / ISO 15031. This code is classified as Warning-level severity within the Powertrain category.,Powertrain,Manufacturer,Warning
P2456,"Diesel Particulate Filter Pressure Sensor ""A"" Circuit",System: Emissions System. Source: SAE J2012 / ISO 15031. This code is classified as Info-level severity within the Powertrain category.,Powertrain,Manufacturer,Info
P2457,Exhaust Gas Recirculation Cooling System Performance,System: Emissions System. Source: SAE J2012 / ISO 15031. This code is classified as Warning-level severity within the Powertrain category.,Powertrain,Manufacturer,Warning
P2458,Diesel Particulate Filter Regeneration Duration,System: Emissions System. Source: SAE J2012 / ISO 15031. This code is classified as Info-level severity within the Powertrain category.,Powertrain,Manufacturer,Info
P2459,Diesel Particulate Filter Regeneration Frequency,System: Emissions System. Source: SAE J2012 / ISO 15031. This code is classified as Info-level severity within the Powertrain category.,Powertrain,Manufacturer,Info
P245A,Exhaust Gas Recirculation Cooler Bypass Control Circuit/Open,System: Emissions System. Source: SAE J2012 / ISO 15031. This code is classified as Critical-level severity within the Powertrain category.,Powertrain,Manufacturer,Critical
P245B,Exhaust Gas Recirculation Cooler Bypass Control Circuit,System: Emissions System. Source: SAE J2012 / ISO 15031. This code is classified as Info-level severity within the Powertrain category.,Powertrain,Manufacturer,Info
P245C,Exhaust Gas Recirculation Cooler Bypass Control Circuit Low,System: Emissions System. Source: SAE J2012 / ISO 15031. This code is classified as Warning-level severity within the Powertrain category.,Powertrain,Manufacturer,Warning
P245D,Exhaust Gas Recirculation Cooler Bypass Control Circuit High,System: Emissions System. Source: SAE J2012 / ISO 15031. This code is classified as Warning-level severity within the Powertrain category.,Powertrain,Manufacturer,Warning
P245E,"Diesel Particulate Filter Pressure Sensor ""B"" Circuit",System: Emissions System. Source: SAE J2012 / ISO 15031. This code is classified as Info-level severity within the Powertrain category.,Powertrain,Manufacturer,Info
P245F,"Diesel Particulate Filter Pressure Sensor ""B"" Circuit",System: Emissions System. Source: SAE J2012 / ISO 15031. This code is classified as Info-level severity within the Powertrain category.,Powertrain,Manufacturer,Info
P2460,"Diesel Particulate Filter Pressure Sensor ""B"" Circuit Low",System: Emissions System. Source: SAE J2012 / ISO 15031. This code is classified as Warning-level severity within the Powertrain category.,Powertrain,Manufacturer,Warning
P2461,"Diesel Particulate Filter Pressure Sensor ""B"" Circuit High",System: Emissions System. Source: SAE J2012 / ISO 15031. This code is classified as Warning-level severity within the Powertrain category.,Powertrain,Manufacturer,Warning
P2462,"Diesel Particulate Filter Pressure Sensor ""B"" Circuit",System: Emissions System. Source: SAE J2012 / ISO 15031. This code is classified as Info-level severity within the Powertrain category.,Powertrain,Manufacturer,Info
P2463,Diesel Particulate Filter Restriction - Soot Accumulation,System: Emissions System. Source: SAE J2012 / ISO 15031. This code is classified as Info-level severity within the Powertrain category.,Powertrain,Manufacturer,Info
P2464,Diesel Particulate Filter Differential Pressure Too Low,System: Emissions System. Source: SAE J2012 / ISO 15031. This code is classified as Warning-level severity within the Powertrain category.,Powertrain,Manufacturer,Warning
P2465,Diesel Particulate Filter Differential Pressure Too High,System: Emissions System. Source: SAE J2012 / ISO 15031. This code is classified as Warning-level severity within the Powertrain category.,Powertrain,Manufacturer,Warning
P2466,Exhaust Gas Temperature Sensor Circuit,System: Emissions System. Source: SAE J2012 / ISO 15031. This code is classified as Info-level severity within the Powertrain category.,Powertrain,Manufacturer,Info
P2467,Exhaust Gas Temperature Sensor Circuit Range/Performance,System: Emissions System. Source: SAE J2012 / ISO 15031. This code is classified as Warning-level severity within the Powertrain category.,Powertrain,Manufacturer,Warning
P2468,Exhaust Gas Temperature Sensor Circuit Low,System: Emissions System. Source: SAE J2012 / ISO 15031. This code is classified as Warning-level severity within the Powertrain category.,Powertrain,Manufacturer,Warning
P2469,Exhaust Gas Temperature Sensor Circuit High,System: Emissions System. Source: SAE J2012 / ISO 15031. This code is classified as Warning-level severity within the Powertrain category.,Powertrain,Manufacturer,Warning
P246A,Exhaust Gas Temperature Sensor Circuit Intermittent/Erratic,System: Emissions System. Source: SAE J2012 / ISO 15031. This code is classified as Warning-level severity within the Powertrain category.,Powertrain,Manufacturer,Warning
P246B,Vehicle Conditions Incorrect for Diesel Particulate Filter,System: Emissions System. Source: SAE J2012 / ISO 15031. This code is classified as Info-level severity within the Powertrain category.,Powertrain,Manufacturer,Info
P246C,Diesel Particulate Filter Restriction - Forced Limited Power,System: Emissions System. Source: SAE J2012 / ISO 15031. This code is classified as Critical-level severity within the Powertrain category.,Powertrain,Manufacturer,Critical
P246D,"Diesel Particulate Filter Pressure Sensor ""A""/""B"" Correlation",System: Emissions System. Source: SAE J2012 / ISO 15031. This code is classified as Warning-level severity within the Powertrain category.,Powertrain,Manufacturer,Warning
P246E,Exhaust Gas Temperature Sensor Circuit,System: Emissions System. Source: SAE J2012 / ISO 15031. This code is classified as Info-level severity within the Powertrain category.,Powertrain,Manufacturer,Info
P246F,Exhaust Gas Temperature Sensor Circuit Range/Performance,System: Emissions System. Source: SAE J2012 / ISO 15031. This code is classified as Warning-level severity within the Powertrain category.,Powertrain,Manufacturer,Warning
P2470,Exhaust Gas Temperature Sensor Circuit Low,System: Emissions System. Source: SAE J2012 / ISO 15031. This code is classified as Warning-level severity within the Powertrain category.,Powertrain,Manufacturer,Warning
P2471,Exhaust Gas Temperature Sensor Circuit High,System: Emissions System. Source: SAE J2012 / ISO 15031. This code is classified as Warning-level severity within the Powertrain category.,Powertrain,Manufacturer,Warning
P2472,Exhaust Gas Temperature Sensor Circuit Intermittent/Erratic,System: Emissions System. Source: SAE J2012 / ISO 15031. This code is classified as Warning-level severity within the Powertrain category.,Powertrain,Manufacturer,Warning
P2473,Exhaust Gas Temperature Sensor Circuit,System: Emissions System. Source: SAE J2012 / ISO 15031. This code is classified as Info-level severity within the Powertrain category.,Powertrain,Manufacturer,Info
P2474,Exhaust Gas Temperature Sensor Circuit Range/Performance,System: Emissions System. Source: SAE J2012 / ISO 15031. This code is classified as Warning-level severity within the Powertrain category.,Powertrain,Manufacturer,Warning
P2475,Exhaust Gas Temperature Sensor Circuit Low,System: Emissions System. Source: SAE J2012 / ISO 15031. This code is classified as Warning-level severity within the Powertrain category.,Powertrain,Manufacturer,Warning
P2476,Exhaust Gas Temperature Sensor Circuit High,System: Emissions System. Source: SAE J2012 / ISO 15031. This code is classified as Warning-level severity within the Powertrain category.,Powertrain,Manufacturer,Warning
P2477,Exhaust Gas Temperature Sensor Circuit Intermittent/Erratic,System: Emissions System. Source: SAE J2012 / ISO 15031. This code is classified as Warning-level severity within the Powertrain category.,Powertrain,Manufacturer,Warning
P2478,Exhaust Gas Temperature Out of Range,System: Emissions System. Source: SAE J2012 / ISO 15031. This code is classified as Warning-level severity within the Powertrain category.,Powertrain,Manufacturer,Warning
P2479,Exhaust Gas Temperature Out of Range,System: Emissions System. Source: SAE J2012 / ISO 15031. This code is classified as Warning-level severity within the Powertrain category.,Powertrain,Manufacturer,Warning
P247A,Exhaust Gas Temperature Out of Range,System: Emissions System. Source: SAE J2012 / ISO 15031. This code is classified as Warning-level severity within the Powertrain category.,Powertrain,Manufacturer,Warning
P247B,Exhaust Gas Temperature Out of Range,System: Emissions System. Source: SAE J2012 / ISO 15031. This code is classified as Warning-level severity within the Powertrain category.,Powertrain,Manufacturer,Warning
P247C,Exhaust Gas Temperature Out of Range,System: Emissions System. Source: SAE J2012 / ISO 15031. This code is classified as Warning-level severity within the Powertrain category.,Powertrain,Manufacturer,Warning
P247D,Exhaust Gas Temperature Out of Range,System: Emissions System. Source: SAE J2012 / ISO 15031. This code is classified as Warning-level severity within the Powertrain category.,Powertrain,Manufacturer,Warning
P247E,Exhaust Gas Temperature Out of Range,System: Emissions System. Source: SAE J2012 / ISO 15031. This code is classified as Warning-level severity within the Powertrain category.,Powertrain,Manufacturer,Warning
P247F,Exhaust Gas Temperature Out of Range,System: Emissions System. Source: SAE J2012 / ISO 15031. This code is classified as Warning-level severity within the Powertrain category.,Powertrain,Manufacturer,Warning
P2480,Exhaust Gas Temperature Sensor Circuit/Open,System: Emissions System. Source: SAE J2012 / ISO 15031. This code is classified as Critical-level severity within the Powertrain category.,Powertrain,Manufacturer,Critical
P2481,Exhaust Gas Temperature Sensor Circuit Low,System: Emissions System. Source: SAE J2012 / ISO 15031. This code is classified as Warning-level severity within the Powertrain category.,Powertrain,Manufacturer,Warning
P2482,Exhaust Gas Temperature Sensor Circuit High,System: Emissions System. Source: SAE J2012 / ISO 15031. This code is classified as Warning-level severity within the Powertrain category.,Powertrain,Manufacturer,Warning
P2483,Exhaust Gas Temperature Sensor Circuit Range/Performance,System: Emissions System. Source: SAE J2012 / ISO 15031. This code is classified as Warning-level severity within the Powertrain category.,Powertrain,Manufacturer,Warning
P2484,Exhaust Gas Temperature Sensor Circuit Intermittent/Erratic,System: Emissions System. Source: SAE J2012 / ISO 15031. This code is classified as Warning-level severity within the Powertrain category.,Powertrain,Manufacturer,Warning
P2485,Exhaust Gas Temperature Sensor Circuit/Open,System: Emissions System. Source: SAE J2012 / ISO 15031. This code is classified as Critical-level severity within the Powertrain category.,Powertrain,Manufacturer,Critical
P2486,Exhaust Gas Temperature Sensor Circuit Low,System: Emissions System. Source: SAE J2012 / ISO 15031. This code is classified as Warning-level severity within the Powertrain category.,Powertrain,Manufacturer,Warning
P2487,Exhaust Gas Temperature Sensor Circuit High,System: Emissions System. Source: SAE J2012 / ISO 15031. This code is classified as Warning-level severity within the Powertrain category.,Powertrain,Manufacturer,Warning
P2488,Exhaust Gas Temperature Sensor Circuit Range/Performance,System: Emissions System. Source: SAE J2012 / ISO 15031. This code is classified as Warning-level severity within the Powertrain category.,Powertrain,Manufacturer,Warning
P2489,Exhaust Gas Temperature Sensor Circuit Intermittent/Erratic,System: Emissions System. Source: SAE J2012 / ISO 15031. This code is classified as Warning-level severity within the Powertrain category.,Powertrain,Manufacturer,Warning
P2500,Generator Lamp/L-Terminal Circuit Low,System: Emissions System. Source: SAE J2012 / ISO 15031. This code is classified as Warning-level severity within the Powertrain category.,Powertrain,Manufacturer,Warning
P2501,Generator Lamp/L-Terminal Circuit High,System: Emissions System. Source: SAE J2012 / ISO 15031. This code is classified as Warning-level severity within the Powertrain category.,Powertrain,Manufacturer,Warning
P2502,Charging System Voltage,System: Emissions System. Source: SAE J2012 / ISO 15031. This code is classified as Info-level severity within the Powertrain category.,Powertrain,Manufacturer,Info
P2503,Charging System Voltage Low,System: Emissions System. Source: SAE J2012 / ISO 15031. This code is classified as Warning-level severity within the Powertrain category.,Powertrain,Manufacturer,Warning
P2504,Charging System Voltage High,System: Emissions System. Source: SAE J2012 / ISO 15031. This code is classified as Warning-level severity within the Powertrain category.,Powertrain,Manufacturer,Warning
P2505,ECM/PCM Power Input Signal,System: Emissions System. Source: SAE J2012 / ISO 15031. This code is classified as Info-level severity within the Powertrain category.,Powertrain,Manufacturer,Info
P2506,ECM/PCM Power Input Signal Range/Performance,System: Emissions System. Source: SAE J2012 / ISO 15031. This code is classified as Warning-level severity within the Powertrain category.,Powertrain,Manufacturer,Warning
P2507,ECM/PCM Power Input Signal Low,System: Emissions System. Source: SAE J2012 / ISO 15031. This code is classified as Warning-level severity within the Powertrain category.,Powertrain,Manufacturer,Warning
P2508,ECM/PCM Power Input Signal High,System: Emissions System. Source: SAE J2012 / ISO 15031. This code is classified as Warning-level severity within the Powertrain category.,Powertrain,Manufacturer,Warning
P2509,ECM/PCM Power Input Signal Intermittent,System: Emissions System. Source: SAE J2012 / ISO 15031. This code is classified as Warning-level severity within the Powertrain category.,Powertrain,Manufacturer,Warning
P250A,Engine Oil Level Sensor Circuit,System: Emissions System. Source: SAE J2012 / ISO 15031. This code is classified as Info-level severity within the Powertrain category.,Powertrain,Manufacturer,Info
P250B,Engine Oil Level Sensor Circuit Range/Performance,System: Emissions System. Source: SAE J2012 / ISO 15031. This code is classified as Warning-level severity within the Powertrain category.,Powertrain,Manufacturer,Warning
P250C,Engine Oil Level Sensor Circuit Low,System: Emissions System. Source: SAE J2012 / ISO 15031. This code is classified as Warning-level severity within the Powertrain category.,Powertrain,Manufacturer,Warning
P250D,Engine Oil Level Sensor Circuit High,System: Emissions System. Source: SAE J2012 / ISO 15031. This code is classified as Warning-level severity within the Powertrain category.,Powertrain,Manufacturer,Warning
P250E,Engine Oil Level Sensor Circuit Intermittent/Erratic,System: Emissions System. Source: SAE J2012 / ISO 15031. This code is classified as Warning-level severity within the Powertrain category.,Powertrain,Manufacturer,Warning
P250F,Engine Oil Level Too Low,System: Emissions System. Source: SAE J2012 / ISO 15031. This code is classified as Warning-level severity within the Powertrain category.,Powertrain,Manufacturer,Warning
P2510,ECM/PCM Power Relay Sense Circuit Range/Performance,System: Emissions System. Source: SAE J2012 / ISO 15031. This code is classified as Warning-level severity within the Powertrain category.,Powertrain,Manufacturer,Warning
P2511,ECM/PCM Power Relay Sense Circuit Intermittent,System: Emissions System. Source: SAE J2012 / ISO 15031. This code is classified as Warning-level severity within the Powertrain category.,Powertrain,Manufacturer,Warning
P2512,Event Data Recorder Request Circuit/ Open,System: Emissions System. Source: SAE J2012 / ISO 15031. This code is classified as Critical-level severity within the Powertrain category.,Powertrain,Manufacturer,Critical
P2513,Event Data Recorder Request Circuit Low,System: Emissions System. Source: SAE J2012 / ISO 15031. This code is classified as Warning-level severity within the Powertrain category.,Powertrain,Manufacturer,Warning
P2514,Event Data Recorder Request Circuit High,System: Emissions System. Source: SAE J2012 / ISO 15031. This code is classified as Warning-level severity within the Powertrain category.,Powertrain,Manufacturer,Warning
P2515,"A/C Refrigerant Pressure Sensor ""B"" Circuit",System: Emissions System. Source: SAE J2012 / ISO 15031. This code is classified as Info-level severity within the Powertrain category.,Powertrain,Manufacturer,Info
P2516,"A/C Refrigerant Pressure Sensor ""B"" Circuit Range/Performance",System: Emissions System. Source: SAE J2012 / ISO 15031. This code is classified as Warning-level severity within the Powertrain category.,Powertrain,Manufacturer,Warning
P2517,"A/C Refrigerant Pressure Sensor ""B"" Circuit Low",System: Emissions System. Source: SAE J2012 / ISO 15031. This code is classified as Warning-level severity within the Powertrain category.,Powertrain,Manufacturer,Warning
P2518,"A/C Refrigerant Pressure Sensor ""B"" Circuit High",System: Emissions System. Source: SAE J2012 / ISO 15031. This code is classified as Warning-level severity within the Powertrain category.,Powertrain,Manufacturer,Warning
P2519,"A/C Request ""A"" Circuit",System: Emissions System. Source: SAE J2012 / ISO 15031. This code is classified as Info-level severity within the Powertrain category.,Powertrain,Manufacturer,Info
P251A,PTO Enable Switch Circuit/Open,System: Emissions System. Source: SAE J2012 / ISO 15031. This code is classified as Critical-level severity within the Powertrain category.,Powertrain,Manufacturer,Critical
P251B,PTO Enable Switch Circuit Low,System: Emissions System. Source: SAE J2012 / ISO 15031. This code is classified as Warning-level severity within the Powertrain category.,Powertrain,Manufacturer,Warning
P251C,PTO Enable Switch Circuit High,System: Emissions System. Source: SAE J2012 / ISO 15031. This code is classified as Warning-level severity within the Powertrain category.,Powertrain,Manufacturer,Warning
P251D,PTO Engine Shutdown Circuit/Open,System: Emissions System. Source: SAE J2012 / ISO 15031. This code is classified as Critical-level severity within the Powertrain category.,Powertrain,Manufacturer,Critical
P251E,PTO Engine Shutdown Circuit Low,System: Emissions System. Source: SAE J2012 / ISO 15031. This code is classified as Critical-level severity within the Powertrain category.,Powertrain,Manufacturer,Critical
P251F,PTO Engine Shutdown Circuit High,System: Emissions System. Source: SAE J2012 / ISO 15031. This code is classified as Critical-level severity within the Powertrain category.,Powertrain,Manufacturer,Critical
P2520,"A/C Request ""A"" Circuit Low",System: Emissions System. Source: SAE J2012 / ISO 15031. This code is classified as Warning-level severity within the Powertrain category.,Powertrain,Manufacturer,Warning
P2521,"A/C Request ""A"" Circuit High",System: Emissions System. Source: SAE J2012 / ISO 15031. This code is classified as Warning-level severity within the Powertrain category.,Powertrain,Manufacturer,Warning
P2522,"A/C Request ""B"" Circuit",System: Emissions System. Source: SAE J2012 / ISO 15031. This code is classified as Info-level severity within the Powertrain category.,Powertrain,Manufacturer,Info
P2523,"A/C Request ""B"" Circuit Low",System: Emissions System. Source: SAE J2012 / ISO 15031. This code is classified as Warning-level severity within the Powertrain category.,Powertrain,Manufacturer,Warning
P2524,"A/C Request ""B"" Circuit High",System: Emissions System. Source: SAE J2012 / ISO 15031. This code is classified as Warning-level severity within the Powertrain category.,Powertrain,Manufacturer,Warning
P2525,Vacuum Reservoir Pressure Sensor Circuit,System: Emissions System. Source: SAE J2012 / ISO 15031. This code is classified as Info-level severity within the Powertrain category.,Powertrain,Manufacturer,Info
P2526,Vacuum Reservoir Pressure Sensor Circuit Range/Performance,System: Emissions System. Source: SAE J2012 / ISO 15031. This code is classified as Warning-level severity within the Powertrain category.,Powertrain,Manufacturer,Warning
P2527,Vacuum Reservoir Pressure Sensor Circuit Low,System: Emissions System. Source: SAE J2012 / ISO 15031. This code is classified as Warning-level severity within the Powertrain category.,Powertrain,Manufacturer,Warning
P2528,Vacuum Reservoir Pressure Sensor Circuit High,System: Emissions System. Source: SAE J2012 / ISO 15031. This code is classified as Warning-level severity within the Powertrain category.,Powertrain,Manufacturer,Warning
P2529,Vacuum Reservoir Pressure Sensor Circuit Intermittent,System: Emissions System. Source: SAE J2012 / ISO 15031. This code is classified as Warning-level severity within the Powertrain category.,Powertrain,Manufacturer,Warning
P252A,Engine Oil Quality Sensor Circuit,System: Emissions System. Source: SAE J2012 / ISO 15031. This code is classified as Info-level severity within the Powertrain category.,Powertrain,Manufacturer,Info
P252B,Engine Oil Quality Sensor Circuit Range/Performance,System: Emissions System. Source: SAE J2012 / ISO 15031. This code is classified as Warning-level severity within the Powertrain category.,Powertrain,Manufacturer,Warning
P252C,Engine Oil Quality Sensor Circuit Low,System: Emissions System. Source: SAE J2012 / ISO 15031. This code is classified as Warning-level severity within the Powertrain category.,Powertrain,Manufacturer,Warning
P252D,Engine Oil Quality Sensor Circuit High,System: Emissions System. Source: SAE J2012 / ISO 15031. This code is classified as Warning-level severity within the Powertrain category.,Powertrain,Manufacturer,Warning
P252E,Engine Oil Quality Circuit Intermittent/Erratic,System: Emissions System. Source: SAE J2012 / ISO 15031. This code is classified as Warning-level severity within the Powertrain category.,Powertrain,Manufacturer,Warning
P252F,Engine Oil Level Too High,System: Emissions System. Source: SAE J2012 / ISO 15031. This code is classified as Warning-level severity within the Powertrain category.,Powertrain,Manufacturer,Warning
P2530,Ignition Switch Run Position Circuit,System: Emissions System. Source: SAE J2012 / ISO 15031. This code is classified as Info-level severity within the Powertrain category.,Powertrain,Manufacturer,Info
P2531,Ignition Switch Run Position Circuit Low,System: Emissions System. Source: SAE J2012 / ISO 15031. This code is classified as Warning-level severity within the Powertrain category.,Powertrain,Manufacturer,Warning
P2532,Ignition Switch Run Position Circuit High,System: Emissions System. Source: SAE J2012 / ISO 15031. This code is classified as Warning-level severity within the Powertrain category.,Powertrain,Manufacturer,Warning
P2533,Ignition Switch Run/Start Position Circuit,System: Emissions System. Source: SAE J2012 / ISO 15031. This code is classified as Info-level severity within the Powertrain category.,Powertrain,Manufacturer,Info
P2534,Ignition Switch Run/Start Position Circuit Low,System: Emissions System. Source: SAE J2012 / ISO 15031. This code is classified as Warning-level severity within the Powertrain category.,Powertrain,Manufacturer,Warning
P2535,Ignition Switch Run/Start Position Circuit High,System: Emissions System. Source: SAE J2012 / ISO 15031. This code is classified as Warning-level severity within the Powertrain category.,Powertrain,Manufacturer,Warning
P2536,Ignition Switch Accessory Position Circuit,System: Emissions System. Source: SAE J2012 / ISO 15031. This code is classified as Info-level severity within the Powertrain category.,Powertrain,Manufacturer,Info
P2537,Ignition Switch Accessory Position Circuit Low,System: Emissions System. Source: SAE J2012 / ISO 15031. This code is classified as Warning-level severity within the Powertrain category.,Powertrain,Manufacturer,Warning
P2538,Ignition Switch Accessory Position Circuit High,System: Emissions System. Source: SAE J2012 / ISO 15031. This code is classified as Warning-level severity within the Powertrain category.,Powertrain,Manufacturer,Warning
P2539,Low Pressure Fuel System Sensor Circuit,System: Emissions System. Source: SAE J2012 / ISO 15031. This code is classified as Warning-level severity within the Powertrain category.,Powertrain,Manufacturer,Warning
P253A,PTO Sense Circuit/Open,System: Emissions System. Source: SAE J2012 / ISO 15031. This code is classified as Critical-level severity within the Powertrain category.,Powertrain,Manufacturer,Critical
P253B,PTO Sense Circuit Range/Performance,System: Emissions System. Source: SAE J2012 / ISO 15031. This code is classified as Warning-level severity within the Powertrain category.,Powertrain,Manufacturer,Warning
P253C,PTO Sense Circuit Low,System: Emissions System. Source: SAE J2012 / ISO 15031. This code is classified as Warning-level severity within the Powertrain category.,Powertrain,Manufacturer,Warning
P253D,PTO Sense Circuit High,System: Emissions System. Source: SAE J2012 / ISO 15031. This code is classified as Warning-level severity within the Powertrain category.,Powertrain,Manufacturer,Warning
P253E,PTO Sense Circuit Intermittent/Erratic,System: Emissions System. Source: SAE J2012 / ISO 15031. This code is classified as Warning-level severity within the Powertrain category.,Powertrain,Manufacturer,Warning
P253F,Engine Oil Deteriorated,System: Emissions System. Source: SAE J2012 / ISO 15031. This code is classified as Info-level severity within the Powertrain category.,Powertrain,Manufacturer,Info
P2540,Low Pressure Fuel System Sensor Circuit Range/Performance,System: Emissions System. Source: SAE J2012 / ISO 15031. This code is classified as Warning-level severity within the Powertrain category.,Powertrain,Manufacturer,Warning
P2541,Low Pressure Fuel System Sensor Circuit Low,System: Emissions System. Source: SAE J2012 / ISO 15031. This code is classified as Warning-level severity within the Powertrain category.,Powertrain,Manufacturer,Warning
P2542,Low Pressure Fuel System Sensor Circuit High,System: Emissions System. Source: SAE J2012 / ISO 15031. This code is classified as Warning-level severity within the Powertrain category.,Powertrain,Manufacturer,Warning
P2543,Low Pressure Fuel System Sensor Circuit Intermittent,System: Emissions System. Source: SAE J2012 / ISO 15031. This code is classified as Warning-level severity within the Powertrain category.,Powertrain,Manufacturer,Warning
P2544,"Torque Management Request Input Signal ""A""",System: Emissions System. Source: SAE J2012 / ISO 15031. This code is classified as Info-level severity within the Powertrain category.,Powertrain,Manufacturer,Info
P2545,"Torque Management Request Input Signal ""A"" Range/Performance",System: Emissions System. Source: SAE J2012 / ISO 15031. This code is classified as Warning-level severity within the Powertrain category.,Powertrain,Manufacturer,Warning
P2546,"Torque Management Request Input Signal ""A"" Low",System: Emissions System. Source: SAE J2012 / ISO 15031. This code is classified as Warning-level severity within the Powertrain category.,Powertrain,Manufacturer,Warning
P2547,"Torque Management Request Input Signal ""A"" High",System: Emissions System. Source: SAE J2012 / ISO 15031. This code is classified as Warning-level severity within the Powertrain category.,Powertrain,Manufacturer,Warning
P2548,"Torque Management Request Input Signal ""B""",System: Emissions System. Source: SAE J2012 / ISO 15031. This code is classified as Info-level severity within the Powertrain category.,Powertrain,Manufacturer,Info
P2549,"Torque Management Request Input Signal ""B"" Range/Performance",System: Emissions System. Source: SAE J2012 / ISO 15031. This code is classified as Warning-level severity within the Powertrain category.,Powertrain,Manufacturer,Warning
P254A,PTO Speed Selector Sensor/Switch 1 Circuit/Open,System: Emissions System. Source: SAE J2012 / ISO 15031. This code is classified as Critical-level severity within the Powertrain category.,Powertrain,Manufacturer,Critical
P254B,PTO Speed Selector Sensor/Switch 1 Range/Performance,System: Emissions System. Source: SAE J2012 / ISO 15031. This code is classified as Warning-level severity within the Powertrain category.,Powertrain,Manufacturer,Warning
P254C,PTO Speed Selector Sensor/Switch 1 Circuit Low,System: Emissions System. Source: SAE J2012 / ISO 15031. This code is classified as Warning-level severity within the Powertrain category.,Powertrain,Manufacturer,Warning
P254D,PTO Speed Selector Sensor/Switch 1 Circuit High,System: Emissions System. Source: SAE J2012 / ISO 15031. This code is classified as Warning-level severity within the Powertrain category.,Powertrain,Manufacturer,Warning
P254E,PTO Speed Selector Sensor/Switch 1 Circuit Intermittent/Erratic,System: Emissions System. Source: SAE J2012 / ISO 15031. This code is classified as Warning-level severity within the Powertrain category.,Powertrain,Manufacturer,Warning
P254F,Engine Hood Switch Circuit,System: Emissions System. Source: SAE J2012 / ISO 15031. This code is classified as Info-level severity within the Powertrain category.,Powertrain,Manufacturer,Info
P2550,"Torque Management Request Input Signal ""B"" Low",System: Emissions System. Source: SAE J2012 / ISO 15031. This code is classified as Warning-level severity within the Powertrain category.,Powertrain,Manufacturer,Warning
P2551,"Torque Management Request Input Signal ""B"" High",System: Emissions System. Source: SAE J2012 / ISO 15031. This code is classified as Warning-level severity within the Powertrain category.,Powertrain,Manufacturer,Warning
P2552,Throttle/Fuel Inhibit Circuit,System: Emissions System. Source: SAE J2012 / ISO 15031. This code is classified as Info-level severity within the Powertrain category.,Powertrain,Manufacturer,Info
P2553,Throttle/Fuel Inhibit Circuit Range/Performance,System: Emissions System. Source: SAE J2012 / ISO 15031. This code is classified as Warning-level severity within the Powertrain category.,Powertrain,Manufacturer,Warning
P2554,Throttle/Fuel Inhibit Circuit Low,System: Emissions System. Source: SAE J2012 / ISO 15031. This code is classified as Warning-level severity within the Powertrain category.,Powertrain,Manufacturer,Warning
P2555,Throttle/Fuel Inhibit Circuit High,System: Emissions System. Source: SAE J2012 / ISO 15031. This code is classified as Warning-level severity within the Powertrain category.,Powertrain,Manufacturer,Warning
P2556,Engine Coolant Level Sensor/Switch Circuit,System: Emissions System. Source: SAE J2012 / ISO 15031. This code is classified as Info-level severity within the Powertrain category.,Powertrain,Manufacturer,Info
P2557,Engine Coolant Level Sensor/Switch Circuit Range/Performance,System: Emissions System. Source: SAE J2012 / ISO 15031. This code is classified as Warning-level severity within the Powertrain category.,Powertrain,Manufacturer,Warning
P2558,Engine Coolant Level Sensor/Switch Circuit Low,System: Emissions System. Source: SAE J2012 / ISO 15031. This code is classified as Warning-level severity within the Powertrain category.,Powertrain,Manufacturer,Warning
P2559,Engine Coolant Level Sensor/Switch Circuit High,System: Emissions System. Source: SAE J2012 / ISO 15031. This code is classified as Warning-level severity within the Powertrain category.,Powertrain,Manufacturer,Warning
P255A,PTO Speed Selector Sensor/Switch 2 Circuit/Open,System: Emissions System. Source: SAE J2012 / ISO 15031. This code is classified as Critical-level severity within the Powertrain category.,Powertrain,Manufacturer,Critical
P255B,PTO Speed Selector Sensor/Switch 2 Range/Performance,System: Emissions System. Source: SAE J2012 / ISO 15031. This code is classified as Warning-level severity within the Powertrain category.,Powertrain,Manufacturer,Warning
P255C,PTO Speed Selector Sensor/Switch 2 Circuit Low,System: Emissions System. Source: SAE J2012 / ISO 15031. This code is classified as Warning-level severity within the Powertrain category.,Powertrain,Manufacturer,Warning
P255D,PTO Speed Selector Sensor/Switch 2 Circuit High,System: Emissions System. Source: SAE J2012 / ISO 15031. This code is classified as Warning-level severity within the Powertrain category.,Powertrain,Manufacturer,Warning
P255E,PTO Speed Selector Sensor/Switch 2 Circuit Intermittent/Erratic,System: Emissions System. Source: SAE J2012 / ISO 15031. This code is classified as Warning-level severity within the Powertrain category.,Powertrain,Manufacturer,Warning
P255F,"A/C Request ""A"" Circuit Range/Performance",System: Emissions System. Source: SAE J2012 / ISO 15031. This code is classified as Warning-level severity within the Powertrain category.,Powertrain,Manufacturer,Warning
P2560,Engine Coolant Level Low,System: Emissions System. Source: SAE J2012 / ISO 15031. This code is classified as Warning-level severity within the Powertrain category.,Powertrain,Manufacturer,Warning
P2561,A/C Control Module Requested MIL Illumination,System: Emissions System. Source: SAE J2012 / ISO 15031. This code is classified as Info-level severity within the Powertrain category.,Powertrain,Manufacturer,Info
P2562,"Turbocharger Boost Control Position Sensor ""A"" Circuit",System: Emissions System. Source: SAE J2012 / ISO 15031. This code is classified as Info-level severity within the Powertrain category.,Powertrain,Manufacturer,Info
P2563,"Turbocharger Boost Control Position Sensor ""A"" Circuit",System: Emissions System. Source: SAE J2012 / ISO 15031. This code is classified as Info-level severity within the Powertrain category.,Powertrain,Manufacturer,Info
P2564,"Turbocharger Boost Control Position Sensor ""A"" Circuit Low",System: Emissions System. Source: SAE J2012 / ISO 15031. This code is classified as Warning-level severity within the Powertrain category.,Powertrain,Manufacturer,Warning
P2565,"Turbocharger Boost Control Position Sensor ""A"" Circuit High",System: Emissions System. Source: SAE J2012 / ISO 15031. This code is classified as Warning-level severity within the Powertrain category.,Powertrain,Manufacturer,Warning
P2566,"Turbocharger Boost Control Position Sensor ""A"" Circuit Intermittent",System: Emissions System. Source: SAE J2012 / ISO 15031. This code is classified as Warning-level severity within the Powertrain category.,Powertrain,Manufacturer,Warning
P2567,Direct Ozone Reduction Catalyst Temperature Sensor Circuit,System: Emissions System. Source: SAE J2012 / ISO 15031. This code is classified as Info-level severity within the Powertrain category.,Powertrain,Manufacturer,Info
P2568,Direct Ozone Reduction Catalyst Temperature Sensor Circuit,System: Emissions System. Source: SAE J2012 / ISO 15031. This code is classified as Info-level severity within the Powertrain category.,Powertrain,Manufacturer,Info
P2569,Direct Ozone Reduction Catalyst Temperature Sensor Circuit Low,System: Emissions System. Source: SAE J2012 / ISO 15031. This code is classified as Warning-level severity within the Powertrain category.,Powertrain,Manufacturer,Warning
P256A,Engine Idle Speed Selector Sensor/Switch Circuit/Open,System: Emissions System. Source: SAE J2012 / ISO 15031. This code is classified as Critical-level severity within the Powertrain category.,Powertrain,Manufacturer,Critical
P256B,Engine Idle Speed Selector Sensor/Switch Range/Performance,System: Emissions System. Source: SAE J2012 / ISO 15031. This code is classified as Warning-level severity within the Powertrain category.,Powertrain,Manufacturer,Warning
P256C,Engine Idle Speed Selector Sensor/Switch Circuit Low,System: Emissions System. Source: SAE J2012 / ISO 15031. This code is classified as Warning-level severity within the Powertrain category.,Powertrain,Manufacturer,Warning
P256D,Engine Idle Speed Selector Sensor/Switch Circuit High,System: Emissions System. Source: SAE J2012 / ISO 15031. This code is classified as Warning-level severity within the Powertrain category.,Powertrain,Manufacturer,Warning
P256E,Engine Idle Speed Selector Sensor/Switch Circuit,System: Emissions System. Source: SAE J2012 / ISO 15031. This code is classified as Info-level severity within the Powertrain category.,Powertrain,Manufacturer,Info
P256F,"A/C Request ""B"" Circuit Range/Performance",System: Emissions System. Source: SAE J2012 / ISO 15031. This code is classified as Warning-level severity within the Powertrain category.,Powertrain,Manufacturer,Warning
P2570,Direct Ozone Reduction Catalyst Temperature Sensor Circuit High,System: Emissions System. Source: SAE J2012 / ISO 15031. This code is classified as Warning-level severity within the Powertrain category.,Powertrain,Manufacturer,Warning
P2571,Direct Ozone Reduction Catalyst Temperature Sensor Circuit,System: Emissions System. Source: SAE J2012 / ISO 15031. This code is classified as Info-level severity within the Powertrain category.,Powertrain,Manufacturer,Info
P2572,Direct Ozone Reduction Catalyst Deterioration Sensor Circuit,System: Emissions System. Source: SAE J2012 / ISO 15031. This code is classified as Info-level severity within the Powertrain category.,Powertrain,Manufacturer,Info
P2573,Direct Ozone Reduction Catalyst Deterioration Sensor Circuit,System: Emissions System. Source: SAE J2012 / ISO 15031. This code is classified as Info-level severity within the Powertrain category.,Powertrain,Manufacturer,Info
P2574,Direct Ozone Reduction Catalyst Deterioration Sensor Circuit Low,System: Emissions System. Source: SAE J2012 / ISO 15031. This code is classified as Warning-level severity within the Powertrain category.,Powertrain,Manufacturer,Warning
P2575,Direct Ozone Reduction Catalyst Deterioration Sensor Circuit High,System: Emissions System. Source: SAE J2012 / ISO 15031. This code is classified as Warning-level severity within the Powertrain category.,Powertrain,Manufacturer,Warning
P2576,Direct Ozone Reduction Catalyst Deterioration Sensor Circuit,System: Emissions System. Source: SAE J2012 / ISO 15031. This code is classified as Info-level severity within the Powertrain category.,Powertrain,Manufacturer,Info
P2577,Direct Ozone Reduction Catalyst Efficiency Below Threshold,System: Emissions System. Source: SAE J2012 / ISO 15031. This code is classified as Warning-level severity within the Powertrain category.,Powertrain,Manufacturer,Warning
P2578,Turbocharger Speed Sensor Circuit,System: Emissions System. Source: SAE J2012 / ISO 15031. This code is classified as Info-level severity within the Powertrain category.,Powertrain,Manufacturer,Info
P2579,Turbocharger Speed Sensor Circuit Range/Performance,System: Emissions System. Source: SAE J2012 / ISO 15031. This code is classified as Warning-level severity within the Powertrain category.,Powertrain,Manufacturer,Warning
P257A,Vacuum Reservoir Control Circuit/Open,System: Emissions System. Source: SAE J2012 / ISO 15031. This code is classified as Critical-level severity within the Powertrain category.,Powertrain,Manufacturer,Critical
P257B,Vacuum Reservoir Control Circuit Low,System: Emissions System. Source: SAE J2012 / ISO 15031. This code is classified as Warning-level severity within the Powertrain category.,Powertrain,Manufacturer,Warning
P257C,Vacuum Reservoir Control Circuit High,System: Emissions System. Source: SAE J2012 / ISO 15031. This code is classified as Warning-level severity within the Powertrain category.,Powertrain,Manufacturer,Warning
P257D,Engine Hood Switch Circuit Range/Performance,System: Emissions System. Source: SAE J2012 / ISO 15031. This code is classified as Warning-level severity within the Powertrain category.,Powertrain,Manufacturer,Warning
P257E,Engine Hood Switch Circuit Low,System: Emissions System. Source: SAE J2012 / ISO 15031. This code is classified as Warning-level severity within the Powertrain category.,Powertrain,Manufacturer,Warning
P257F,Engine Hood Switch Circuit High,System: Emissions System. Source: SAE J2012 / ISO 15031. This code is classified as Warning-level severity within the Powertrain category.,Powertrain,Manufacturer,Warning
P2580,Turbocharger Speed Sensor Circuit Low,System: Emissions System. Source: SAE J2012 / ISO 15031. This code is classified as Warning-level severity within the Powertrain category.,Powertrain,Manufacturer,Warning
P2581,Turbocharger Speed Sensor Circuit High,System: Emissions System. Source: SAE J2012 / ISO 15031. This code is classified as Warning-level severity within the Powertrain category.,Powertrain,Manufacturer,Warning
P2582,Turbocharger Speed Sensor Circuit Intermittent,System: Emissions System. Source: SAE J2012 / ISO 15031. This code is classified as Warning-level severity within the Powertrain category.,Powertrain,Manufacturer,Warning
P2583,Cruise Control Front Distance Range Sensor,System: Emissions System. Source: SAE J2012 / ISO 15031. This code is classified as Warning-level severity within the Powertrain category.,Powertrain,Manufacturer,Warning
P2584,Fuel Additive Control Module Requested MIL Illumination,System: Emissions System. Source: SAE J2012 / ISO 15031. This code is classified as Info-level severity within the Powertrain category.,Powertrain,Manufacturer,Info
P2585,Fuel Additive Control Module Warning Lamp Request,System: Emissions System. Source: SAE J2012 / ISO 15031. This code is classified as Info-level severity within the Powertrain category.,Powertrain,Manufacturer,Info
P2586,"Turbocharger Boost Control Position Sensor ""B"" Circuit",System: Emissions System. Source: SAE J2012 / ISO 15031. This code is classified as Info-level severity within the Powertrain category.,Powertrain,Manufacturer,Info
P2587,"Turbocharger Boost Control Position Sensor ""B"" Circuit",System: Emissions System. Source: SAE J2012 / ISO 15031. This code is classified as Info-level severity within the Powertrain category.,Powertrain,Manufacturer,Info
P2588,"Turbocharger Boost Control Position Sensor ""B"" Circuit Low",System: Emissions System. Source: SAE J2012 / ISO 15031. This code is classified as Warning-level severity within the Powertrain category.,Powertrain,Manufacturer,Warning
P2589,"Turbocharger Boost Control Position Sensor ""B"" Circuit High",System: Emissions System. Source: SAE J2012 / ISO 15031. This code is classified as Warning-level severity within the Powertrain category.,Powertrain,Manufacturer,Warning
P258A,Vacuum Pump Control Circuit/Open,System: Emissions System. Source: SAE J2012 / ISO 15031. This code is classified as Critical-level severity within the Powertrain category.,Powertrain,Manufacturer,Critical
P258B,Vacuum Pump Control Range/Performance,System: Emissions System. Source: SAE J2012 / ISO 15031. This code is classified as Warning-level severity within the Powertrain category.,Powertrain,Manufacturer,Warning
P258C,Vacuum Pump Control Circuit Low,System: Emissions System. Source: SAE J2012 / ISO 15031. This code is classified as Warning-level severity within the Powertrain category.,Powertrain,Manufacturer,Warning
P258D,Vacuum Pump Control Circuit High,System: Emissions System. Source: SAE J2012 / ISO 15031. This code is classified as Warning-level severity within the Powertrain category.,Powertrain,Manufacturer,Warning
P258E,PTO Enable Switch Performance,System: Emissions System. Source: SAE J2012 / ISO 15031. This code is classified as Warning-level severity within the Powertrain category.,Powertrain,Manufacturer,Warning
P258F,Torque Management Request Output Signal,System: Emissions System. Source: SAE J2012 / ISO 15031. This code is classified as Info-level severity within the Powertrain category.,Powertrain,Manufacturer,Info
P2590,"Turbocharger Boost Control Position Sensor ""B"" Circuit",System: Emissions System. Source: SAE J2012 / ISO 15031. This code is classified as Info-level severity within the Powertrain category.,Powertrain,Manufacturer,Info
P2591,Cruise Control Front Distance Range Sensor,System: Emissions System. Source: SAE J2012 / ISO 15031. This code is classified as Warning-level severity within the Powertrain category.,Powertrain,Manufacturer,Warning
P2592,Cruise Control Front Distance Range Sensor,System: Emissions System. Source: SAE J2012 / ISO 15031. This code is classified as Warning-level severity within the Powertrain category.,Powertrain,Manufacturer,Warning
P2600,"Coolant Pump ""A"" Control Circuit/Open",System: Emissions System. Source: SAE J2012 / ISO 15031. This code is classified as Critical-level severity within the Powertrain category.,Powertrain,Manufacturer,Critical
P2601,"Coolant Pump ""A"" Control Circuit Range/Performance",System: Emissions System. Source: SAE J2012 / ISO 15031. This code is classified as Warning-level severity within the Powertrain category.,Powertrain,Manufacturer,Warning
P2602,"Coolant Pump ""A"" Control Circuit Low",System: Emissions System. Source: SAE J2012 / ISO 15031. This code is classified as Warning-level severity within the Powertrain category.,Powertrain,Manufacturer,Warning
P2603,"Coolant Pump ""A"" Control Circuit High",System: Emissions System. Source: SAE J2012 / ISO 15031. This code is classified as Warning-level severity within the Powertrain category.,Powertrain,Manufacturer,Warning
P2604,"Intake Air Heater ""A"" Circuit Range/Performance",System: Emissions System. Source: SAE J2012 / ISO 15031. This code is classified as Warning-level severity within the Powertrain category.,Powertrain,Manufacturer,Warning
P2605,"Intake Air Heater ""B"" Circuit/Open",System: Emissions System. Source: SAE J2012 / ISO 15031. This code is classified as Critical-level severity within the Powertrain category.,Powertrain,Manufacturer,Critical
P2606,"Intake Air Heater ""B"" Circuit Range/Performance",System: Emissions System. Source: SAE J2012 / ISO 15031. This code is classified as Warning-level severity within the Powertrain category.,Powertrain,Manufacturer,Warning
P2607,"Intake Air Heater ""B"" Circuit Low",System: Emissions System. Source: SAE J2012 / ISO 15031. This code is classified as Warning-level severity within the Powertrain category.,Powertrain,Manufacturer,Warning
P2608,"Intake Air Heater ""B"" Circuit High",System: Emissions System. Source: SAE J2012 / ISO 15031. This code is classified as Warning-level severity within the Powertrain category.,Powertrain,Manufacturer,Warning
P2609,Intake Air Heater System Performance,System: Emissions System. Source: SAE J2012 / ISO 15031. This code is classified as Warning-level severity within the Powertrain category.,Powertrain,Manufacturer,Warning
P260A,PTO Control Circuit/Open,System: Emissions System. Source: SAE J2012 / ISO 15031. This code is classified as Critical-level severity within the Powertrain category.,Powertrain,Manufacturer,Critical
P260B,PTO Control Circuit Low,System: Emissions System. Source: SAE J2012 / ISO 15031. This code is classified as Warning-level severity within the Powertrain category.,Powertrain,Manufacturer,Warning
P260C,PTO Control Circuit High,System: Emissions System. Source: SAE J2012 / ISO 15031. This code is classified as Warning-level severity within the Powertrain category.,Powertrain,Manufacturer,Warning
P260D,PTO Engaged Lamp Control Circuit,System: Emissions System. Source: SAE J2012 / ISO 15031. This code is classified as Info-level severity within the Powertrain category.,Powertrain,Manufacturer,Info
P260E,Diesel Particulate Filter Regeneration Lamp Control Circuit,System: Emissions System. Source: SAE J2012 / ISO 15031. This code is classified as Info-level severity within the Powertrain category.,Powertrain,Manufacturer,Info
P260F,Evaporative System Monitoring Processor Performance,System: Emissions System. Source: SAE J2012 / ISO 15031. This code is classified as Warning-level severity within the Powertrain category.,Powertrain,Manufacturer,Warning
P2610,ECM/PCM Internal Engine Off Timer Performance,System: Emissions System. Source: SAE J2012 / ISO 15031. This code is classified as Warning-level severity within the Powertrain category.,Powertrain,Manufacturer,Warning
P2611,A/C Refrigerant Distribution Valve Control Circuit/Open,System: Emissions System. Source: SAE J2012 / ISO 15031. This code is classified as Critical-level severity within the Powertrain category.,Powertrain,Manufacturer,Critical
P2612,A/C Refrigerant Distribution Valve Control Circuit Low,System: Emissions System. Source: SAE J2012 / ISO 15031. This code is classified as Warning-level severity within the Powertrain category.,Powertrain,Manufacturer,Warning
P2613,A/C Refrigerant Distribution Valve Control Circuit High,System: Emissions System. Source: SAE J2012 / ISO 15031. This code is classified as Warning-level severity within the Powertrain category.,Powertrain,Manufacturer,Warning
P2614,Camshaft Position Signal Output Circuit/Open,System: Emissions System. Source: SAE J2012 / ISO 15031. This code is classified as Critical-level severity within the Powertrain category.,Powertrain,Manufacturer,Critical
P2615,Camshaft Position Signal Output Circuit Low,System: Emissions System. Source: SAE J2012 / ISO 15031. This code is classified as Warning-level severity within the Powertrain category.,Powertrain,Manufacturer,Warning
P2616,Camshaft Position Signal Output Circuit High,System: Emissions System. Source: SAE J2012 / ISO 15031. This code is classified as Warning-level severity within the Powertrain category.,Powertrain,Manufacturer,Warning
P2617,Crankshaft Position Signal Output Circuit/Open,System: Emissions System. Source: SAE J2012 / ISO 15031. This code is classified as Critical-level severity within the Powertrain category.,Powertrain,Manufacturer,Critical
P2618,Crankshaft Position Signal Output Circuit Low,System: Emissions System. Source: SAE J2012 / ISO 15031. This code is classified as Warning-level severity within the Powertrain category.,Powertrain,Manufacturer,Warning
P2619,Crankshaft Position Signal Output Circuit High,System: Emissions System. Source: SAE J2012 / ISO 15031. This code is classified as Warning-level severity within the Powertrain category.,Powertrain,Manufacturer,Warning
P261A,"Coolant Pump ""B"" Control Circuit/Open",System: Emissions System. Source: SAE J2012 / ISO 15031. This code is classified as Critical-level severity within the Powertrain category.,Powertrain,Manufacturer,Critical
P261B,"Coolant Pump ""B"" Control Circuit Range/Performance",System: Emissions System. Source: SAE J2012 / ISO 15031. This code is classified as Warning-level severity within the Powertrain category.,Powertrain,Manufacturer,Warning
P261C,"Coolant Pump ""B"" Control Circuit Low",System: Emissions System. Source: SAE J2012 / ISO 15031. This code is classified as Warning-level severity within the Powertrain category.,Powertrain,Manufacturer,Warning
P261D,"Coolant Pump ""B"" Control Circuit High",System: Emissions System. Source: SAE J2012 / ISO 15031. This code is classified as Warning-level severity within the Powertrain category.,Powertrain,Manufacturer,Warning
P2620,Throttle Position Output Circuit/Open,System: Emissions System. Source: SAE J2012 / ISO 15031. This code is classified as Critical-level severity within the Powertrain category.,Powertrain,Manufacturer,Critical
P2621,Throttle Position Output Circuit Low,System: Emissions System. Source: SAE J2012 / ISO 15031. This code is classified as Warning-level severity within the Powertrain category.,Powertrain,Manufacturer,Warning
P2622,Throttle Position Output Circuit High,System: Emissions System. Source: SAE J2012 / ISO 15031. This code is classified as Warning-level severity within the Powertrain category.,Powertrain,Manufacturer,Warning
P2623,Injector Control Pressure Regulator Circuit/Open,System: Emissions System. Source: SAE J2012 / ISO 15031. This code is classified as Critical-level severity within the Powertrain category.,Powertrain,Manufacturer,Critical
P2624,Injector Control Pressure Regulator Circuit Low,System: Emissions System. Source: SAE J2012 / ISO 15031. This code is classified as Warning-level severity within the Powertrain category.,Powertrain,Manufacturer,Warning
P2625,Injector Control Pressure Regulator Circuit High,System: Emissions System. Source: SAE J2012 / ISO 15031. This code is classified as Warning-level severity within the Powertrain category.,Powertrain,Manufacturer,Warning
P2626,O2 Sensor Pumping Current Trim Circuit/Open,System: Emissions System. Source: SAE J2012 / ISO 15031. This code is classified as Critical-level severity within the Powertrain category.,Powertrain,Manufacturer,Critical
P2627,O2 Sensor Pumping Current Trim Circuit Low,System: Emissions System. Source: SAE J2012 / ISO 15031. This code is classified as Warning-level severity within the Powertrain category.,Powertrain,Manufacturer,Warning
P2628,O2 Sensor Pumping Current Trim Circuit High,System: Emissions System. Source: SAE J2012 / ISO 15031. This code is classified as Warning-level severity within the Powertrain category.,Powertrain,Manufacturer,Warning
P2629,O2 Sensor Pumping Current Trim Circuit/Open,System: Emissions System. Source: SAE J2012 / ISO 15031. This code is classified as Critical-level severity within the Powertrain category.,Powertrain,Manufacturer,Critical
P2630,O2 Sensor Pumping Current Trim Circuit Low,System: Emissions System. Source: SAE J2012 / ISO 15031. This code is classified as Warning-level severity within the Powertrain category.,Powertrain,Manufacturer,Warning
P2631,O2 Sensor Pumping Current Trim Circuit High,System: Emissions System. Source: SAE J2012 / ISO 15031. This code is classified as Warning-level severity within the Powertrain category.,Powertrain,Manufacturer,Warning
P2632,"Fuel Pump ""B"" Control Circuit /Open",System: Emissions System. Source: SAE J2012 / ISO 15031. This code is classified as Critical-level severity within the Powertrain category.,Powertrain,Manufacturer,Critical
P2633,"Fuel Pump ""B"" Control Circuit Low",System: Emissions System. Source: SAE J2012 / ISO 15031. This code is classified as Warning-level severity within the Powertrain category.,Powertrain,Manufacturer,Warning
P2634,"Fuel Pump ""B"" Control Circuit High",System: Emissions System. Source: SAE J2012 / ISO 15031. This code is classified as Warning-level severity within the Powertrain category.,Powertrain,Manufacturer,Warning
P2635,"Fuel Pump ""A"" Low Flow/Performance",System: Emissions System. Source: SAE J2012 / ISO 15031. This code is classified as Warning-level severity within the Powertrain category.,Powertrain,Manufacturer,Warning
P2636,"Fuel Pump ""B"" Low Flow/Performance",System: Emissions System. Source: SAE J2012 / ISO 15031. This code is classified as Warning-level severity within the Powertrain category.,Powertrain,Manufacturer,Warning
P2637,"Torque Management Feedback Signal ""A""",System: Emissions System. Source: SAE J2012 / ISO 15031. This code is classified as Info-level severity within the Powertrain category.,Powertrain,Manufacturer,Info
P2638,"Torque Management Feedback Signal ""A"" Range/Performance",System: Emissions System. Source: SAE J2012 / ISO 15031. This code is classified as Warning-level severity within the Powertrain category.,Powertrain,Manufacturer,Warning
P2639,"Torque Management Feedback Signal ""A"" Low",System: Emissions System. Source: SAE J2012 / ISO 15031. This code is classified as Warning-level severity within the Powertrain category.,Powertrain,Manufacturer,Warning
P2640,"Torque Management Feedback Signal ""A"" High",System: Emissions System. Source: SAE J2012 / ISO 15031. This code is classified as Warning-level severity within the Powertrain category.,Powertrain,Manufacturer,Warning
P2641,"Torque Management Feedback Signal ""B""",System: Emissions System. Source: SAE J2012 / ISO 15031. This code is classified as Info-level severity within the Powertrain category.,Powertrain,Manufacturer,Info
P2642,"Torque Management Feedback Signal ""B"" Range/Performance",System: Emissions System. Source: SAE J2012 / ISO 15031. This code is classified as Warning-level severity within the Powertrain category.,Powertrain,Manufacturer,Warning
P2643,"Torque Management Feedback Signal ""B"" Low",System: Emissions System. Source: SAE J2012 / ISO 15031. This code is classified as Warning-level severity within the Powertrain category.,Powertrain,Manufacturer,Warning
P2644,"Torque Management Feedback Signal ""B"" High",System: Emissions System. Source: SAE J2012 / ISO 15031. This code is classified as Warning-level severity within the Powertrain category.,Powertrain,Manufacturer,Warning
P2645,"""A"" Rocker Arm Actuator Control Circuit/Open",System: Emissions System. Source: SAE J2012 / ISO 15031. This code is classified as Critical-level severity within the Powertrain category.,Powertrain,Manufacturer,Critical
P2646,O2 Sensor Circuit Range/Performance Bank 1 Sensor 1,System: Emissions System. Source: SAE J2012 / ISO 15031. This code is classified as Warning-level severity within the Powertrain category.,Powertrain,Manufacturer,Warning
P2647,"""A"" Rocker Arm Actuator System Stuck On",System: Emissions System. Source: SAE J2012 / ISO 15031. This code is classified as Critical-level severity within the Powertrain category.,Powertrain,Manufacturer,Critical
P2648,"""A"" Rocker Arm Actuator Control Circuit Low",System: Emissions System. Source: SAE J2012 / ISO 15031. This code is classified as Warning-level severity within the Powertrain category.,Powertrain,Manufacturer,Warning
P2649,"""A"" Rocker Arm Actuator Control Circuit High",System: Emissions System. Source: SAE J2012 / ISO 15031. This code is classified as Warning-level severity within the Powertrain category.,Powertrain,Manufacturer,Warning
P264A,"""A"" Rocker Arm Actuator Position Sensor Circuit",System: Emissions System. Source: SAE J2012 / ISO 15031. This code is classified as Info-level severity within the Powertrain category.,Powertrain,Manufacturer,Info
P264B,"""A"" Rocker Arm Actuator Position Sensor Circuit Range/Performance",System: Emissions System. Source: SAE J2012 / ISO 15031. This code is classified as Warning-level severity within the Powertrain category.,Powertrain,Manufacturer,Warning
P264C,"""A"" Rocker Arm Actuator Position Sensor Circuit Low",System: Emissions System. Source: SAE J2012 / ISO 15031. This code is classified as Warning-level severity within the Powertrain category.,Powertrain,Manufacturer,Warning
P264D,"""A"" Rocker Arm Actuator Position Sensor Circuit High",System: Emissions System. Source: SAE J2012 / ISO 15031. This code is classified as Warning-level severity within the Powertrain category.,Powertrain,Manufacturer,Warning
P264E,"""A"" Rocker Arm Actuator Position Sensor Circuit Intermittent/Erratic",System: Emissions System. Source: SAE J2012 / ISO 15031. This code is classified as Warning-level severity within the Powertrain category.,Powertrain,Manufacturer,Warning
P2650,"""B"" Rocker Arm Actuator Control Circuit/Open",System: Emissions System. Source: SAE J2012 / ISO 15031. This code is classified as Critical-level severity within the Powertrain category.,Powertrain,Manufacturer,Critical
P2651,"""B"" Rocker Arm Actuator System Performance/Stuck Off",System: Emissions System. Source: SAE J2012 / ISO 15031. This code is classified as Critical-level severity within the Powertrain category.,Powertrain,Manufacturer,Critical
P2652,"""B"" Rocker Arm Actuator System Stuck On",System: Emissions System. Source: SAE J2012 / ISO 15031. This code is classified as Critical-level severity within the Powertrain category.,Powertrain,Manufacturer,Critical
P2653,"""B"" Rocker Arm Actuator Control Circuit Low",System: Emissions System. Source: SAE J2012 / ISO 15031. This code is classified as Warning-level severity within the Powertrain category.,Powertrain,Manufacturer,Warning
P2654,"""B"" Rocker Arm Actuator Control Circuit High",System: Emissions System. Source: SAE J2012 / ISO 15031. This code is classified as Warning-level severity within the Powertrain category.,Powertrain,Manufacturer,Warning
P2655,"""A"" Rocker Arm Actuator Control Circuit/Open",System: Emissions System. Source: SAE J2012 / ISO 15031. This code is classified as Critical-level severity within the Powertrain category.,Powertrain,Manufacturer,Critical
P2656,"""A"" Rocker Arm Actuator System Performance/Stuck Off",System: Emissions System. Source: SAE J2012 / ISO 15031. This code is classified as Critical-level severity within the Powertrain category.,Powertrain,Manufacturer,Critical
P2657,"""A"" Rocker Arm Actuator System Stuck On",System: Emissions System. Source: SAE J2012 / ISO 15031. This code is classified as Critical-level severity within the Powertrain category.,Powertrain,Manufacturer,Critical
P2658,"""A"" Rocker Arm Actuator Control Circuit Low",System: Emissions System. Source: SAE J2012 / ISO 15031. This code is classified as Warning-level severity within the Powertrain category.,Powertrain,Manufacturer,Warning
P2659,"""A"" Rocker Arm Actuator Control Circuit High",System: Emissions System. Source: SAE J2012 / ISO 15031. This code is classified as Warning-level severity within the Powertrain category.,Powertrain,Manufacturer,Warning
P265A,"""B"" Rocker Arm Actuator Position Sensor Circuit",System: Emissions System. Source: SAE J2012 / ISO 15031. This code is classified as Info-level severity within the Powertrain category.,Powertrain,Manufacturer,Info
P265B,"""B"" Rocker Arm Actuator Position Sensor Circuit Range/Performance",System: Emissions System. Source: SAE J2012 / ISO 15031. This code is classified as Warning-level severity within the Powertrain category.,Powertrain,Manufacturer,Warning
P265C,"""B"" Rocker Arm Actuator Position Sensor Circuit Low",System: Emissions System. Source: SAE J2012 / ISO 15031. This code is classified as Warning-level severity within the Powertrain category.,Powertrain,Manufacturer,Warning
P265D,"""B"" Rocker Arm Actuator Position Sensor Circuit High",System: Emissions System. Source: SAE J2012 / ISO 15031. This code is classified as Warning-level severity within the Powertrain category.,Powertrain,Manufacturer,Warning
P265E,"""B"" Rocker Arm Actuator Position Sensor Circuit Intermittent/Erratic",System: Emissions System. Source: SAE J2012 / ISO 15031. This code is classified as Warning-level severity within the Powertrain category.,Powertrain,Manufacturer,Warning
P2660,"""B"" Rocker Arm Actuator Control Circuit/Open",System: Emissions System. Source: SAE J2012 / ISO 15031. This code is classified as Critical-level severity within the Powertrain category.,Powertrain,Manufacturer,Critical
P2661,"""B"" Rocker Arm Actuator System Performance/Stuck Off",System: Emissions System. Source: SAE J2012 / ISO 15031. This code is classified as Critical-level severity within the Powertrain category.,Powertrain,Manufacturer,Critical
P2662,"""B"" Rocker Arm Actuator System Stuck On",System: Emissions System. Source: SAE J2012 / ISO 15031. This code is classified as Critical-level severity within the Powertrain category.,Powertrain,Manufacturer,Critical
P2663,"""B"" Rocker Arm Actuator Control Circuit Low",System: Emissions System. Source: SAE J2012 / ISO 15031. This code is classified as Warning-level severity within the Powertrain category.,Powertrain,Manufacturer,Warning
P2664,"""B"" Rocker Arm Actuator Control Circuit High",System: Emissions System. Source: SAE J2012 / ISO 15031. This code is classified as Warning-level severity within the Powertrain category.,Powertrain,Manufacturer,Warning
P2665,"Fuel Shutoff Valve ""B"" Control Circuit/Open",System: Emissions System. Source: SAE J2012 / ISO 15031. This code is classified as Critical-level severity within the Powertrain category.,Powertrain,Manufacturer,Critical
P2666,"Fuel Shutoff Valve ""B"" Control Circuit Low",System: Emissions System. Source: SAE J2012 / ISO 15031. This code is classified as Warning-level severity within the Powertrain category.,Powertrain,Manufacturer,Warning
P2667,"Fuel Shutoff Valve ""B"" Control Circuit High",System: Emissions System. Source: SAE J2012 / ISO 15031. This code is classified as Warning-level severity within the Powertrain category.,Powertrain,Manufacturer,Warning
P2668,Fuel Mode Indicator Lamp Control Circuit,System: Emissions System. Source: SAE J2012 / ISO 15031. This code is classified as Info-level severity within the Powertrain category.,Powertrain,Manufacturer,Info
P2669,"Actuator Supply Voltage ""B"" Circuit /Open",System: Emissions System. Source: SAE J2012 / ISO 15031. This code is classified as Critical-level severity within the Powertrain category.,Powertrain,Manufacturer,Critical
P266A,"""A"" Rocker Arm Actuator Position Sensor Circuit",System: Emissions System. Source: SAE J2012 / ISO 15031. This code is classified as Info-level severity within the Powertrain category.,Powertrain,Manufacturer,Info
P266B,"""A"" Rocker Arm Actuator Position Sensor Circuit Range/Performance",System: Emissions System. Source: SAE J2012 / ISO 15031. This code is classified as Warning-level severity within the Powertrain category.,Powertrain,Manufacturer,Warning
P266C,"""A"" Rocker Arm Actuator Position Sensor Circuit Low",System: Emissions System. Source: SAE J2012 / ISO 15031. This code is classified as Warning-level severity within the Powertrain category.,Powertrain,Manufacturer,Warning
P266D,"""A"" Rocker Arm Actuator Position Sensor Circuit High",System: Emissions System. Source: SAE J2012 / ISO 15031. This code is classified as Warning-level severity within the Powertrain category.,Powertrain,Manufacturer,Warning
P266E,"""A"" Rocker Arm Actuator Position Sensor Circuit Intermittent/Erratic",System: Emissions System. Source: SAE J2012 / ISO 15031. This code is classified as Warning-level severity within the Powertrain category.,Powertrain,Manufacturer,Warning
P2670,"Actuator Supply Voltage ""B"" Circuit Low",System: Emissions System. Source: SAE J2012 / ISO 15031. This code is classified as Warning-level severity within the Powertrain category.,Powertrain,Manufacturer,Warning
P2671,"Actuator Supply Voltage ""B"" Circuit High",System: Emissions System. Source: SAE J2012 / ISO 15031. This code is classified as Warning-level severity within the Powertrain category.,Powertrain,Manufacturer,Warning
P2672,Injection Pump Timing Offset,System: Emissions System. Source: SAE J2012 / ISO 15031. This code is classified as Info-level severity within the Powertrain category.,Powertrain,Manufacturer,Info
P2673,Injection Pump Timing Calibration not Learned,System: Emissions System. Source: SAE J2012 / ISO 15031. This code is classified as Info-level severity within the Powertrain category.,Powertrain,Manufacturer,Info
P2674,Injection Pump Fuel Calibration not Learned,System: Emissions System. Source: SAE J2012 / ISO 15031. This code is classified as Info-level severity within the Powertrain category.,Powertrain,Manufacturer,Info
P2675,Air Cleaner Inlet Control Circuit/Open,System: Emissions System. Source: SAE J2012 / ISO 15031. This code is classified as Critical-level severity within the Powertrain category.,Powertrain,Manufacturer,Critical
P2676,Air Cleaner Inlet Control Circuit Low,System: Emissions System. Source: SAE J2012 / ISO 15031. This code is classified as Warning-level severity within the Powertrain category.,Powertrain,Manufacturer,Warning
P2677,Air Cleaner Inlet Control Circuit High,System: Emissions System. Source: SAE J2012 / ISO 15031. This code is classified as Warning-level severity within the Powertrain category.,Powertrain,Manufacturer,Warning
P2678,Coolant Degassing Valve Control Circuit/Open,System: Emissions System. Source: SAE J2012 / ISO 15031. This code is classified as Critical-level severity within the Powertrain category.,Powertrain,Manufacturer,Critical
P2679,Coolant Degassing Valve Control Circuit Low,System: Emissions System. Source: SAE J2012 / ISO 15031. This code is classified as Warning-level severity within the Powertrain category.,Powertrain,Manufacturer,Warning
P267A,"""B"" Rocker Arm Actuator Position Sensor Circuit",System: Emissions System. Source: SAE J2012 / ISO 15031. This code is classified as Info-level severity within the Powertrain category.,Powertrain,Manufacturer,Info
P267B,"""B"" Rocker Arm Actuator Position Sensor Circuit Range/Performance",System: Emissions System. Source: SAE J2012 / ISO 15031. This code is classified as Warning-level severity within the Powertrain category.,Powertrain,Manufacturer,Warning
P267C,"""B"" Rocker Arm Actuator Position Sensor Circuit Low",System: Emissions System. Source: SAE J2012 / ISO 15031. This code is classified as Warning-level severity within the Powertrain category.,Powertrain,Manufacturer,Warning
P267D,"""B"" Rocker Arm Actuator Position Sensor Circuit High",System: Emissions System. Source: SAE J2012 / ISO 15031. This code is classified as Warning-level severity within the Powertrain category.,Powertrain,Manufacturer,Warning
P267E,"""B"" Rocker Arm Actuator Position Sensor Circuit Intermittent/Erratic",System: Emissions System. Source: SAE J2012 / ISO 15031. This code is classified as Warning-level severity within the Powertrain category.,Powertrain,Manufacturer,Warning
P2680,Coolant Degassing Valve Control Circuit High,System: Emissions System. Source: SAE J2012 / ISO 15031. This code is classified as Warning-level severity within the Powertrain category.,Powertrain,Manufacturer,Warning
P2681,Engine Coolant Bypass Valve Control Circuit/Open,System: Emissions System. Source: SAE J2012 / ISO 15031. This code is classified as Critical-level severity within the Powertrain category.,Powertrain,Manufacturer,Critical
P2682,Engine Coolant Bypass Valve Control Circuit Low,System: Emissions System. Source: SAE J2012 / ISO 15031. This code is classified as Warning-level severity within the Powertrain category.,Powertrain,Manufacturer,Warning
P2683,Engine Coolant Bypass Valve Control Circuit High,System: Emissions System. Source: SAE J2012 / ISO 15031. This code is classified as Warning-level severity within the Powertrain category.,Powertrain,Manufacturer,Warning
P2684,"Actuator Supply Voltage ""C"" Circuit/Open",System: Emissions System. Source: SAE J2012 / ISO 15031. This code is classified as Critical-level severity within the Powertrain category.,Powertrain,Manufacturer,Critical
P2685,"Actuator Supply Voltage ""C"" Circuit Low",System: Emissions System. Source: SAE J2012 / ISO 15031. This code is classified as Warning-level severity within the Powertrain category.,Powertrain,Manufacturer,Warning
P2686,"Actuator Supply Voltage ""C"" Circuit High",System: Emissions System. Source: SAE J2012 / ISO 15031. This code is classified as Warning-level severity within the Powertrain category.,Powertrain,Manufacturer,Warning
P2687,Fuel Supply Heater Control Circuit/Open,System: Emissions System. Source: SAE J2012 / ISO 15031. This code is classified as Critical-level severity within the Powertrain category.,Powertrain,Manufacturer,Critical
P2688,Fuel Supply Heater Control Circuit Low,System: Emissions System. Source: SAE J2012 / ISO 15031. This code is classified as Warning-level severity within the Powertrain category.,Powertrain,Manufacturer,Warning
P2689,Fuel Supply Heater Control Circuit High,System: Emissions System. Source: SAE J2012 / ISO 15031. This code is classified as Warning-level severity within the Powertrain category.,Powertrain,Manufacturer,Warning
P268A,Fuel Injector Calibration not Learned/Programmed,System: Emissions System. Source: SAE J2012 / ISO 15031. This code is classified as Info-level severity within the Powertrain category.,Powertrain,Manufacturer,Info
P268B,High Pressure Fuel Pump Calibration not Learned/Programmed,System: Emissions System. Source: SAE J2012 / ISO 15031. This code is classified as Warning-level severity within the Powertrain category.,Powertrain,Manufacturer,Warning
P268C,Cylinder 1 Injector Data Incompatible,System: Emissions System. Source: SAE J2012 / ISO 15031. This code is classified as Info-level severity within the Powertrain category.,Powertrain,Manufacturer,Info
P268D,Cylinder 2 Injector Data Incompatible,System: Emissions System. Source: SAE J2012 / ISO 15031. This code is classified as Info-level severity within the Powertrain category.,Powertrain,Manufacturer,Info
P268E,Cylinder 3 Injector Data Incompatible,System: Emissions System. Source: SAE J2012 / ISO 15031. This code is classified as Info-level severity within the Powertrain category.,Powertrain,Manufacturer,Info
P268F,Cylinder 4 Injector Data Incompatible,System: Emissions System. Source: SAE J2012 / ISO 15031. This code is classified as Info-level severity within the Powertrain category.,Powertrain,Manufacturer,Info
P2690,Cylinder 5 Injector Data Incompatible,System: Emissions System. Source: SAE J2012 / ISO 15031. This code is classified as Info-level severity within the Powertrain category.,Powertrain,Manufacturer,Info
P2691,Cylinder 6 Injector Data Incompatible,System: Emissions System. Source: SAE J2012 / ISO 15031. This code is classified as Info-level severity within the Powertrain category.,Powertrain,Manufacturer,Info
P2692,Cylinder 7 Injector Data Incompatible,System: Emissions System. Source: SAE J2012 / ISO 15031. This code is classified as Info-level severity within the Powertrain category.,Powertrain,Manufacturer,Info
P2693,Cylinder 8 Injector Data Incompatible,System: Emissions System. Source: SAE J2012 / ISO 15031. This code is classified as Info-level severity within the Powertrain category.,Powertrain,Manufacturer,Info
P2694,Cylinder 9 Injector Data Incompatible,System: Emissions System. Source: SAE J2012 / ISO 15031. This code is classified as Info-level severity within the Powertrain category.,Powertrain,Manufacturer,Info
P2695,Cylinder 10 Injector Data Incompatible,System: Emissions System. Source: SAE J2012 / ISO 15031. This code is classified as Info-level severity within the Powertrain category.,Powertrain,Manufacturer,Info
P2696,Injector Data Incompatible,System: Emissions System. Source: SAE J2012 / ISO 15031. This code is classified as Info-level severity within the Powertrain category.,Powertrain,Manufacturer,Info
P2697,"Exhaust Aftertreatment Fuel Injector ""A"" Circuit/Open",System: Emissions System. Source: SAE J2012 / ISO 15031. This code is classified as Critical-level severity within the Powertrain category.,Powertrain,Manufacturer,Critical
P2698,"Exhaust Aftertreatment Fuel Injector ""A"" Performance",System: Emissions System. Source: SAE J2012 / ISO 15031. This code is classified as Warning-level severity within the Powertrain category.,Powertrain,Manufacturer,Warning
P2699,"Exhaust Aftertreatment Fuel Injector ""A"" Circuit Low",System: Emissions System. Source: SAE J2012 / ISO 15031. This code is classified as Warning-level severity within the Powertrain category.,Powertrain,Manufacturer,Warning
P269A,"Exhaust Aftertreatment Fuel Injector ""A"" Circuit High",System: Emissions System. Source: SAE J2012 / ISO 15031. This code is classified as Warning-level severity within the Powertrain category.,Powertrain,Manufacturer,Warning
P269B,Exhaust Aftertreatment Glow Plug Control Circuit/Open,System: Emissions System. Source: SAE J2012 / ISO 15031. This code is classified as Critical-level severity within the Powertrain category.,Powertrain,Manufacturer,Critical
P269C,Exhaust Aftertreatment Glow Plug Control Performance,System: Emissions System. Source: SAE J2012 / ISO 15031. This code is classified as Warning-level severity within the Powertrain category.,Powertrain,Manufacturer,Warning
P269D,Exhaust Aftertreatment Glow Plug Control Circuit Low,System: Emissions System. Source: SAE J2012 / ISO 15031. This code is classified as Warning-level severity within the Powertrain category.,Powertrain,Manufacturer,Warning
P269E,Exhaust Aftertreatment Glow Plug Control Circuit High,System: Emissions System. Source: SAE J2012 / ISO 15031. This code is classified as Warning-level severity within the Powertrain category.,Powertrain,Manufacturer,Warning
P269F,Exhaust Aftertreatment Glow Plug Circuit/Open,System: Emissions System. Source: SAE J2012 / ISO 15031. This code is classified as Critical-level severity within the Powertrain category.,Powertrain,Manufacturer,Critical
P26A0,Exhaust Aftertreatment Glow Plug Performance,System: Emissions System. Source: SAE J2012 / ISO 15031. This code is classified as Warning-level severity within the Powertrain category.,Powertrain,Manufacturer,Warning
P26A1,Exhaust Aftertreatment Glow Plug Circuit Low,System: Emissions System. Source: SAE J2012 / ISO 15031. This code is classified as Warning-level severity within the Powertrain category.,Powertrain,Manufacturer,Warning
P26A2,Exhaust Aftertreatment Glow Plug Circuit High,System: Emissions System. Source: SAE J2012 / ISO 15031. This code is classified as Warning-level severity within the Powertrain category.,Powertrain,Manufacturer,Warning
P2700,"Transmission Friction Element ""A"" Apply Time Range/Performance",System: Emissions System. Source: SAE J2012 / ISO 15031. This code is classified as Warning-level severity within the Powertrain category.,Powertrain,Manufacturer,Warning
P2701,"Transmission Friction Element ""B"" Apply Time Range/Performance",System: Emissions System. Source: SAE J2012 / ISO 15031. This code is classified as Warning-level severity within the Powertrain category.,Powertrain,Manufacturer,Warning
P2702,"Transmission Friction Element ""C"" Apply Time Range/Performance",System: Emissions System. Source: SAE J2012 / ISO 15031. This code is classified as Warning-level severity within the Powertrain category.,Powertrain,Manufacturer,Warning
P2703,"Transmission Friction Element ""D"" Apply Time Range/Performance",System: Emissions System. Source: SAE J2012 / ISO 15031. This code is classified as Warning-level severity within the Powertrain category.,Powertrain,Manufacturer,Warning
P2704,"Transmission Friction Element ""E"" Apply Time Range/Performance",System: Emissions System. Source: SAE J2012 / ISO 15031. This code is classified as Warning-level severity within the Powertrain category.,Powertrain,Manufacturer,Warning
P2705,"Transmission Friction Element ""F"" Apply Time Range/Performance",System: Emissions System. Source: SAE J2012 / ISO 15031. This code is classified as Warning-level severity within the Powertrain category.,Powertrain,Manufacturer,Warning
P2706,"Shift Solenoid ""F""",System: Emissions System. Source: SAE J2012 / ISO 15031. This code is classified as Info-level severity within the Powertrain category.,Powertrain,Manufacturer,Info
P2707,"Shift Solenoid ""F"" Performance/Stuck Off",System: Emissions System. Source: SAE J2012 / ISO 15031. This code is classified as Critical-level severity within the Powertrain category.,Powertrain,Manufacturer,Critical
P2708,"Shift Solenoid ""F"" Stuck On",System: Emissions System. Source: SAE J2012 / ISO 15031. This code is classified as Critical-level severity within the Powertrain category.,Powertrain,Manufacturer,Critical
P2709,"Shift Solenoid ""F"" Electrical",System: Emissions System. Source: SAE J2012 / ISO 15031. This code is classified as Info-level severity within the Powertrain category.,Powertrain,Manufacturer,Info
P2710,"Shift Solenoid ""F"" Intermittent",System: Emissions System. Source: SAE J2012 / ISO 15031. This code is classified as Warning-level severity within the Powertrain category.,Powertrain,Manufacturer,Warning
P2711,Unexpected Mechanical Gear Disengagement,System: Emissions System. Source: SAE J2012 / ISO 15031. This code is classified as Info-level severity within the Powertrain category.,Powertrain,Manufacturer,Info
P2712,Hydraulic Power Unit Leakage,System: Emissions System. Source: SAE J2012 / ISO 15031. This code is classified as Critical-level severity within the Powertrain category.,Powertrain,Manufacturer,Critical
P2713,"Pressure Control Solenoid ""D""",System: Emissions System. Source: SAE J2012 / ISO 15031. This code is classified as Info-level severity within the Powertrain category.,Powertrain,Manufacturer,Info
P2714,"Pressure Control Solenoid ""D"" Performance/Stuck Off",System: Emissions System. Source: SAE J2012 / ISO 15031. This code is classified as Critical-level severity within the Powertrain category.,Powertrain,Manufacturer,Critical
P2715,"Pressure Control Solenoid ""D"" Stuck On",System: Emissions System. Source: SAE J2012 / ISO 15031. This code is classified as Critical-level severity within the Powertrain category.,Powertrain,Manufacturer,Critical
P2716,"Pressure Control Solenoid ""D"" Electrical",System: Emissions System. Source: SAE J2012 / ISO 15031. This code is classified as Info-level severity within the Powertrain category.,Powertrain,Manufacturer,Info
P2717,"Pressure Control Solenoid ""D"" Intermittent",System: Emissions System. Source: SAE J2012 / ISO 15031. This code is classified as Warning-level severity within the Powertrain category.,Powertrain,Manufacturer,Warning
P2718,"Pressure Control Solenoid ""D"" Control Circuit/Open",System: Emissions System. Source: SAE J2012 / ISO 15031. This code is classified as Critical-level severity within the Powertrain category.,Powertrain,Manufacturer,Critical
P2719,"Pressure Control Solenoid ""D"" Control Circuit Range/Performance",System: Emissions System. Source: SAE J2012 / ISO 15031. This code is classified as Warning-level severity within the Powertrain category.,Powertrain,Manufacturer,Warning
P2720,"Pressure Control Solenoid ""D"" Control Circuit Low",System: Emissions System. Source: SAE J2012 / ISO 15031. This code is classified as Warning-level severity within the Powertrain category.,Powertrain,Manufacturer,Warning
P2721,"Pressure Control Solenoid ""D"" Control Circuit High",System: Emissions System. Source: SAE J2012 / ISO 15031. This code is classified as Warning-level severity within the Powertrain category.,Powertrain,Manufacturer,Warning
P2722,"Pressure Control Solenoid ""E""",System: Emissions System. Source: SAE J2012 / ISO 15031. This code is classified as Info-level severity within the Powertrain category.,Powertrain,Manufacturer,Info
P2723,"Pressure Control Solenoid ""E"" Performance/Stuck Off",System: Emissions System. Source: SAE J2012 / ISO 15031. This code is classified as Critical-level severity within the Powertrain category.,Powertrain,Manufacturer,Critical
P2724,"Pressure Control Solenoid ""E"" Stuck On",System: Emissions System. Source: SAE J2012 / ISO 15031. This code is classified as Critical-level severity within the Powertrain category.,Powertrain,Manufacturer,Critical
P2725,"Pressure Control Solenoid ""E"" Electrical",System: Emissions System. Source: SAE J2012 / ISO 15031. This code is classified as Info-level severity within the Powertrain category.,Powertrain,Manufacturer,Info
P2726,"Pressure Control Solenoid ""E"" Intermittent",System: Emissions System. Source: SAE J2012 / ISO 15031. This code is classified as Warning-level severity within the Powertrain category.,Powertrain,Manufacturer,Warning
P2727,"Pressure Control Solenoid ""E"" Control Circuit/Open",System: Emissions System. Source: SAE J2012 / ISO 15031. This code is classified as Critical-level severity within the Powertrain category.,Powertrain,Manufacturer,Critical
P2728,"Pressure Control Solenoid ""E"" Control Circuit Range/Performance",System: Emissions System. Source: SAE J2012 / ISO 15031. This code is classified as Warning-level severity within the Powertrain category.,Powertrain,Manufacturer,Warning
P2729,"Pressure Control Solenoid ""E"" Control Circuit Low",System: Emissions System. Source: SAE J2012 / ISO 15031. This code is classified as Warning-level severity within the Powertrain category.,Powertrain,Manufacturer,Warning
P2730,"Pressure Control Solenoid ""E"" Control Circuit High",System: Emissions System. Source: SAE J2012 / ISO 15031. This code is classified as Warning-level severity within the Powertrain category.,Powertrain,Manufacturer,Warning
P2731,"Pressure Control Solenoid ""F""",System: Emissions System. Source: SAE J2012 / ISO 15031. This code is classified as Info-level severity within the Powertrain category.,Powertrain,Manufacturer,Info
P2732,"Pressure Control Solenoid ""F"" Performance/Stuck Off",System: Emissions System. Source: SAE J2012 / ISO 15031. This code is classified as Critical-level severity within the Powertrain category.,Powertrain,Manufacturer,Critical
P2733,"Pressure Control Solenoid ""F"" Stuck On",System: Emissions System. Source: SAE J2012 / ISO 15031. This code is classified as Critical-level severity within the Powertrain category.,Powertrain,Manufacturer,Critical
P2734,"Pressure Control Solenoid ""F"" Electrical",System: Emissions System. Source: SAE J2012 / ISO 15031. This code is classified as Info-level severity within the Powertrain category.,Powertrain,Manufacturer,Info
P2735,"Pressure Control Solenoid ""F"" Intermittent",System: Emissions System. Source: SAE J2012 / ISO 15031. This code is classified as Warning-level severity within the Powertrain category.,Powertrain,Manufacturer,Warning
P2736,"Pressure Control Solenoid ""F"" Control Circuit/Open",System: Emissions System. Source: SAE J2012 / ISO 15031. This code is classified as Critical-level severity within the Powertrain category.,Powertrain,Manufacturer,Critical
P2737,"Pressure Control Solenoid ""F"" Control Circuit Range/Performance",System: Emissions System. Source: SAE J2012 / ISO 15031. This code is classified as Warning-level severity within the Powertrain category.,Powertrain,Manufacturer,Warning
P2738,"Pressure Control Solenoid ""F"" Control Circuit Low",System: Emissions System. Source: SAE J2012 / ISO 15031. This code is classified as Warning-level severity within the Powertrain category.,Powertrain,Manufacturer,Warning
P2739,"Pressure Control Solenoid ""F"" Control Circuit High",System: Emissions System. Source: SAE J2012 / ISO 15031. This code is classified as Warning-level severity within the Powertrain category.,Powertrain,Manufacturer,Warning
P273A,"Transmission Friction Element ""G"" Apply Time Range/Performance",System: Emissions System. Source: SAE J2012 / ISO 15031. This code is classified as Warning-level severity within the Powertrain category.,Powertrain,Manufacturer,Warning
P273B,"Transmission Friction Element ""H"" Apply Time Range/Performance",System: Emissions System. Source: SAE J2012 / ISO 15031. This code is classified as Warning-level severity within the Powertrain category.,Powertrain,Manufacturer,Warning
P2740,"Transmission Fluid Temperature Sensor ""B"" Circuit""",System: Emissions System. Source: SAE J2012 / ISO 15031. This code is classified as Info-level severity within the Powertrain category.,Powertrain,Manufacturer,Info
P2741,"Transmission Fluid Temperature Sensor ""B"" Circuit",System: Emissions System. Source: SAE J2012 / ISO 15031. This code is classified as Info-level severity within the Powertrain category.,Powertrain,Manufacturer,Info
P2742,"Transmission Fluid Temperature Sensor ""B"" Circuit Low",System: Emissions System. Source: SAE J2012 / ISO 15031. This code is classified as Warning-level severity within the Powertrain category.,Powertrain,Manufacturer,Warning
P2743,"Transmission Fluid Temperature Sensor ""B"" Circuit High",System: Emissions System. Source: SAE J2012 / ISO 15031. This code is classified as Warning-level severity within the Powertrain category.,Powertrain,Manufacturer,Warning
P2744,"Transmission Fluid Temperature Sensor ""B"" Circuit Intermittent",System: Emissions System. Source: SAE J2012 / ISO 15031. This code is classified as Warning-level severity within the Powertrain category.,Powertrain,Manufacturer,Warning
P2745,"Intermediate Shaft Speed Sensor ""B"" Circuit",System: Emissions System. Source: SAE J2012 / ISO 15031. This code is classified as Info-level severity within the Powertrain category.,Powertrain,Manufacturer,Info
P2746,"Intermediate Shaft Speed Sensor ""B"" Circuit Range/Performance",System: Emissions System. Source: SAE J2012 / ISO 15031. This code is classified as Warning-level severity within the Powertrain category.,Powertrain,Manufacturer,Warning
P2747,"Intermediate Shaft Speed Sensor ""B"" Circuit no Signal",System: Emissions System. Source: SAE J2012 / ISO 15031. This code is classified as Info-level severity within the Powertrain category.,Powertrain,Manufacturer,Info
P2748,"Intermediate Shaft Speed Sensor ""B"" Circuit Intermittent",System: Emissions System. Source: SAE J2012 / ISO 15031. This code is classified as Warning-level severity within the Powertrain category.,Powertrain,Manufacturer,Warning
P2749,"Intermediate Shaft Speed Sensor ""C"" Circuit",System: Emissions System. Source: SAE J2012 / ISO 15031. This code is classified as Info-level severity within the Powertrain category.,Powertrain,Manufacturer,Info
P2750,"Intermediate Shaft Speed Sensor ""C"" Circuit Range/Performance",System: Emissions System. Source: SAE J2012 / ISO 15031. This code is classified as Warning-level severity within the Powertrain category.,Powertrain,Manufacturer,Warning
P2751,"Intermediate Shaft Speed Sensor ""C"" Circuit no Signal",System: Emissions System. Source: SAE J2012 / ISO 15031. This code is classified as Info-level severity within the Powertrain category.,Powertrain,Manufacturer,Info
P2752,"Intermediate Shaft Speed Sensor ""C"" Circuit Intermittent",System: Emissions System. Source: SAE J2012 / ISO 15031. This code is classified as Warning-level severity within the Powertrain category.,Powertrain,Manufacturer,Warning
P2753,Transmission Fluid Cooler Control Circuit/Open,System: Emissions System. Source: SAE J2012 / ISO 15031. This code is classified as Critical-level severity within the Powertrain category.,Powertrain,Manufacturer,Critical
P2754,Transmission Fluid Cooler Control Circuit Low,System: Emissions System. Source: SAE J2012 / ISO 15031. This code is classified as Warning-level severity within the Powertrain category.,Powertrain,Manufacturer,Warning
P2755,Transmission Fluid Cooler Control Circuit High,System: Emissions System. Source: SAE J2012 / ISO 15031. This code is classified as Warning-level severity within the Powertrain category.,Powertrain,Manufacturer,Warning
P2756,Torque Converter Clutch Pressure Control Solenoid,System: Emissions System. Source: SAE J2012 / ISO 15031. This code is classified as Info-level severity within the Powertrain category.,Powertrain,Manufacturer,Info
P2757,Torque Converter Clutch Pressure Control Solenoid Control Circuit,System: Emissions System. Source: SAE J2012 / ISO 15031. This code is classified as Info-level severity within the Powertrain category.,Powertrain,Manufacturer,Info
P2758,Torque Converter Clutch Pressure Control Solenoid Control Circuit,System: Emissions System. Source: SAE J2012 / ISO 15031. This code is classified as Info-level severity within the Powertrain category.,Powertrain,Manufacturer,Info
P2759,Torque Converter Clutch Pressure Control Solenoid Control Circuit,System: Emissions System. Source: SAE J2012 / ISO 15031. This code is classified as Info-level severity within the Powertrain category.,Powertrain,Manufacturer,Info
P2760,Torque Converter Clutch Pressure Control Solenoid Control Circuit,System: Emissions System. Source: SAE J2012 / ISO 15031. This code is classified as Info-level severity within the Powertrain category.,Powertrain,Manufacturer,Info
P2761,Torque Converter Clutch Pressure Control Solenoid Control,System: Emissions System. Source: SAE J2012 / ISO 15031. This code is classified as Info-level severity within the Powertrain category.,Powertrain,Manufacturer,Info
P2762,Torque Converter Clutch Pressure Control Solenoid Control Circuit,System: Emissions System. Source: SAE J2012 / ISO 15031. This code is classified as Info-level severity within the Powertrain category.,Powertrain,Manufacturer,Info
P2763,Torque Converter Clutch Pressure Control Solenoid Control Circuit,System: Emissions System. Source: SAE J2012 / ISO 15031. This code is classified as Info-level severity within the Powertrain category.,Powertrain,Manufacturer,Info
P2764,Torque Converter Clutch Pressure Control Solenoid Control Circuit,System: Emissions System. Source: SAE J2012 / ISO 15031. This code is classified as Info-level severity within the Powertrain category.,Powertrain,Manufacturer,Info
P2765,"Input/Turbine Speed Sensor ""B"" Circuit",System: Emissions System. Source: SAE J2012 / ISO 15031. This code is classified as Info-level severity within the Powertrain category.,Powertrain,Manufacturer,Info
P2766,"Input/Turbine Speed Sensor ""B"" Circuit Range/Performance",System: Emissions System. Source: SAE J2012 / ISO 15031. This code is classified as Warning-level severity within the Powertrain category.,Powertrain,Manufacturer,Warning
P2767,"Input/Turbine Speed Sensor ""B"" Circuit no Signal",System: Emissions System. Source: SAE J2012 / ISO 15031. This code is classified as Info-level severity within the Powertrain category.,Powertrain,Manufacturer,Info
P2768,"Input/Turbine Speed Sensor ""B"" Circuit Intermittent",System: Emissions System. Source: SAE J2012 / ISO 15031. This code is classified as Warning-level severity within the Powertrain category.,Powertrain,Manufacturer,Warning
P2769,Torque Converter Clutch Circuit Low,System: Emissions System. Source: SAE J2012 / ISO 15031. This code is classified as Warning-level severity within the Powertrain category.,Powertrain,Manufacturer,Warning
P2770,Torque Converter Clutch Circuit High,System: Emissions System. Source: SAE J2012 / ISO 15031. This code is classified as Warning-level severity within the Powertrain category.,Powertrain,Manufacturer,Warning
P2771,Four Wheel Drive (4WD) Low Switch Circuit,System: Emissions System. Source: SAE J2012 / ISO 15031. This code is classified as Warning-level severity within the Powertrain category.,Powertrain,Manufacturer,Warning
P2772,Four Wheel Drive (4WD) Low Switch Circuit Range/Performance,System: Emissions System. Source: SAE J2012 / ISO 15031. This code is classified as Warning-level severity within the Powertrain category.,Powertrain,Manufacturer,Warning
P2773,Four Wheel Drive (4WD) Low Switch Circuit Low,System: Emissions System. Source: SAE J2012 / ISO 15031. This code is classified as Warning-level severity within the Powertrain category.,Powertrain,Manufacturer,Warning
P2774,Four Wheel Drive (4WD) Low Switch Circuit High,System: Emissions System. Source: SAE J2012 / ISO 15031. This code is classified as Warning-level severity within the Powertrain category.,Powertrain,Manufacturer,Warning
P2775,Upshift Switch Circuit Range/Performance,System: Emissions System. Source: SAE J2012 / ISO 15031. This code is classified as Warning-level severity within the Powertrain category.,Powertrain,Manufacturer,Warning
P2776,Upshift Switch Circuit Low,System: Emissions System. Source: SAE J2012 / ISO 15031. This code is classified as Warning-level severity within the Powertrain category.,Powertrain,Manufacturer,Warning
P2777,Upshift Switch Circuit High,System: Emissions System. Source: SAE J2012 / ISO 15031. This code is classified as Warning-level severity within the Powertrain category.,Powertrain,Manufacturer,Warning
P2778,Upshift Switch Circuit Intermittent/Erratic,System: Emissions System. Source: SAE J2012 / ISO 15031. This code is classified as Warning-level severity within the Powertrain category.,Powertrain,Manufacturer,Warning
P2779,Downshift Switch Circuit Range/Performance,System: Emissions System. Source: SAE J2012 / ISO 15031. This code is classified as Warning-level severity within the Powertrain category.,Powertrain,Manufacturer,Warning
P2780,Downshift Switch Circuit Low,System: Emissions System. Source: SAE J2012 / ISO 15031. This code is classified as Warning-level severity within the Powertrain category.,Powertrain,Manufacturer,Warning
P2781,Downshift Switch Circuit High,System: Emissions System. Source: SAE J2012 / ISO 15031. This code is classified as Warning-level severity within the Powertrain category.,Powertrain,Manufacturer,Warning
P2782,Downshift Switch Circuit Intermittent/Erratic,System: Emissions System. Source: SAE J2012 / ISO 15031. This code is classified as Warning-level severity within the Powertrain category.,Powertrain,Manufacturer,Warning
P2783,Torque Converter Temperature Too High,System: Emissions System. Source: SAE J2012 / ISO 15031. This code is classified as Warning-level severity within the Powertrain category.,Powertrain,Manufacturer,Warning
P2784,"Input/Turbine Speed Sensor ""A""/""B"" Correlation",System: Emissions System. Source: SAE J2012 / ISO 15031. This code is classified as Warning-level severity within the Powertrain category.,Powertrain,Manufacturer,Warning
P2785,Clutch Actuator Temperature Too High,System: Emissions System. Source: SAE J2012 / ISO 15031. This code is classified as Warning-level severity within the Powertrain category.,Powertrain,Manufacturer,Warning
P2786,Gear Shift Actuator Temperature Too High,System: Emissions System. Source: SAE J2012 / ISO 15031. This code is classified as Warning-level severity within the Powertrain category.,Powertrain,Manufacturer,Warning
P2787,Clutch Temperature Too High,System: Emissions System. Source: SAE J2012 / ISO 15031. This code is classified as Warning-level severity within the Powertrain category.,Powertrain,Manufacturer,Warning
P2788,Auto Shift Manual Adaptive Learning at Limit,System: Emissions System. Source: SAE J2012 / ISO 15031. This code is classified as Info-level severity within the Powertrain category.,Powertrain,Manufacturer,Info
P2789,"Clutch ""A"" Adaptive Learning at Limit",System: Emissions System. Source: SAE J2012 / ISO 15031. This code is classified as Info-level severity within the Powertrain category.,Powertrain,Manufacturer,Info
P278A,Kick Down Switch Circuit,System: Emissions System. Source: SAE J2012 / ISO 15031. This code is classified as Info-level severity within the Powertrain category.,Powertrain,Manufacturer,Info
P278B,Kick Down Switch Circuit Range/Performance,System: Emissions System. Source: SAE J2012 / ISO 15031. This code is classified as Warning-level severity within the Powertrain category.,Powertrain,Manufacturer,Warning
P278C,Kick Down Switch Circuit Low,System: Emissions System. Source: SAE J2012 / ISO 15031. This code is classified as Warning-level severity within the Powertrain category.,Powertrain,Manufacturer,Warning
P278D,Kick Down Switch Circuit High,System: Emissions System. Source: SAE J2012 / ISO 15031. This code is classified as Warning-level severity within the Powertrain category.,Powertrain,Manufacturer,Warning
P278E,Kick Down Switch Circuit Intermittent/Erratic,System: Emissions System. Source: SAE J2012 / ISO 15031. This code is classified as Warning-level severity within the Powertrain category.,Powertrain,Manufacturer,Warning
P278F,"Clutch ""B"" Adaptive Learning at Limit",System: Emissions System. Source: SAE J2012 / ISO 15031. This code is classified as Info-level severity within the Powertrain category.,Powertrain,Manufacturer,Info
P2790,Gate Select Direction Circuit,System: Emissions System. Source: SAE J2012 / ISO 15031. This code is classified as Info-level severity within the Powertrain category.,Powertrain,Manufacturer,Info
P2791,Gate Select Direction Circuit Low,System: Emissions System. Source: SAE J2012 / ISO 15031. This code is classified as Warning-level severity within the Powertrain category.,Powertrain,Manufacturer,Warning
P2792,Gate Select Direction Circuit High,System: Emissions System. Source: SAE J2012 / ISO 15031. This code is classified as Warning-level severity within the Powertrain category.,Powertrain,Manufacturer,Warning
P2793,Gear Shift Direction Circuit,System: Emissions System. Source: SAE J2012 / ISO 15031. This code is classified as Info-level severity within the Powertrain category.,Powertrain,Manufacturer,Info
P2794,Gear Shift Direction Circuit Low,System: Emissions System. Source: SAE J2012 / ISO 15031. This code is classified as Warning-level severity within the Powertrain category.,Powertrain,Manufacturer,Warning
P2795,Gear Shift Direction Circuit High,System: Emissions System. Source: SAE J2012 / ISO 15031. This code is classified as Warning-level severity within the Powertrain category.,Powertrain,Manufacturer,Warning
P2796,AUXILIARY Transmission Fluid Pump Control Circuit/Open,System: Emissions System. Source: SAE J2012 / ISO 15031. This code is classified as Critical-level severity within the Powertrain category.,Powertrain,Manufacturer,Critical
P2797,AUXILIARY Transmission Fluid Pump Performance,System: Emissions System. Source: SAE J2012 / ISO 15031. This code is classified as Warning-level severity within the Powertrain category.,Powertrain,Manufacturer,Warning
P2798,AUXILIARY Transmission Fluid Pump Control Circuit Low,System: Emissions System. Source: SAE J2012 / ISO 15031. This code is classified as Warning-level severity within the Powertrain category.,Powertrain,Manufacturer,Warning
P2799,AUXILIARY Transmission Fluid Pump Control Circuit High,System: Emissions System. Source: SAE J2012 / ISO 15031. This code is classified as Warning-level severity within the Powertrain category.,Powertrain,Manufacturer,Warning
P279A,Transfer Case Gear High Incorrect Ratio,System: Emissions System. Source: SAE J2012 / ISO 15031. This code is classified as Warning-level severity within the Powertrain category.,Powertrain,Manufacturer,Warning
P279B,Transfer Case Gear Low Incorrect Ratio,System: Emissions System. Source: SAE J2012 / ISO 15031. This code is classified as Warning-level severity within the Powertrain category.,Powertrain,Manufacturer,Warning
P279C,Transfer Case Gear Neutral Incorrect Ratio,System: Emissions System. Source: SAE J2012 / ISO 15031. This code is classified as Info-level severity within the Powertrain category.,Powertrain,Manufacturer,Info
P279D,Four Wheel Drive (4WD) Range Signal Circuit,System: Emissions System. Source: SAE J2012 / ISO 15031. This code is classified as Warning-level severity within the Powertrain category.,Powertrain,Manufacturer,Warning
P279E,Four Wheel Drive (4WD) Range Signal Circuit Range/Performance,System: Emissions System. Source: SAE J2012 / ISO 15031. This code is classified as Warning-level severity within the Powertrain category.,Powertrain,Manufacturer,Warning
P279F,Four Wheel Drive (4WD) Range Signal Circuit Low,System: Emissions System. Source: SAE J2012 / ISO 15031. This code is classified as Warning-level severity within the Powertrain category.,Powertrain,Manufacturer,Warning
P27A0,Four Wheel Drive (4WD) Range Signal Circuit High,System: Emissions System. Source: SAE J2012 / ISO 15031. This code is classified as Warning-level severity within the Powertrain category.,Powertrain,Manufacturer,Warning
P2800,"Transmission Range Sensor ""B"" Circuit (PRNDL Input)",System: Emissions System. Source: SAE J2012 / ISO 15031. This code is classified as Warning-level severity within the Powertrain category.,Powertrain,Manufacturer,Warning
P2801,"Transmission Range Sensor ""B"" Circuit Range/Performance",System: Emissions System. Source: SAE J2012 / ISO 15031. This code is classified as Warning-level severity within the Powertrain category.,Powertrain,Manufacturer,Warning
P2802,"Transmission Range Sensor ""B"" Circuit Low",System: Emissions System. Source: SAE J2012 / ISO 15031. This code is classified as Warning-level severity within the Powertrain category.,Powertrain,Manufacturer,Warning
P2803,"Transmission Range Sensor ""B"" Circuit High",System: Emissions System. Source: SAE J2012 / ISO 15031. This code is classified as Warning-level severity within the Powertrain category.,Powertrain,Manufacturer,Warning
P2804,"Transmission Range Sensor ""B"" Circuit Intermittent",System: Emissions System. Source: SAE J2012 / ISO 15031. This code is classified as Warning-level severity within the Powertrain category.,Powertrain,Manufacturer,Warning
P2805,"Transmission Range Sensor ""A""/""B"" Correlation",System: Emissions System. Source: SAE J2012 / ISO 15031. This code is classified as Warning-level severity within the Powertrain category.,Powertrain,Manufacturer,Warning
P2806,Transmission Range Sensor Alignment,System: Emissions System. Source: SAE J2012 / ISO 15031. This code is classified as Warning-level severity within the Powertrain category.,Powertrain,Manufacturer,Warning
P2807,"Pressure Control Solenoid ""G""",System: Emissions System. Source: SAE J2012 / ISO 15031. This code is classified as Info-level severity within the Powertrain category.,Powertrain,Manufacturer,Info
P2808,"Pressure Control Solenoid ""G"" Performance/Stuck Off",System: Emissions System. Source: SAE J2012 / ISO 15031. This code is classified as Critical-level severity within the Powertrain category.,Powertrain,Manufacturer,Critical
P2809,"Pressure Control Solenoid ""G"" Stuck On",System: Emissions System. Source: SAE J2012 / ISO 15031. This code is classified as Critical-level severity within the Powertrain category.,Powertrain,Manufacturer,Critical
P280A,"Transmission Range Sensor ""A"" Circuit not Learned",System: Emissions System. Source: SAE J2012 / ISO 15031. This code is classified as Warning-level severity within the Powertrain category.,Powertrain,Manufacturer,Warning
P280B,"Transmission Range Sensor ""B"" Circuit not Learned",System: Emissions System. Source: SAE J2012 / ISO 15031. This code is classified as Warning-level severity within the Powertrain category.,Powertrain,Manufacturer,Warning
P2810,"Pressure Control Solenoid ""G"" Electrical",System: Emissions System. Source: SAE J2012 / ISO 15031. This code is classified as Info-level severity within the Powertrain category.,Powertrain,Manufacturer,Info
P2811,"Pressure Control Solenoid ""G"" Intermittent",System: Emissions System. Source: SAE J2012 / ISO 15031. This code is classified as Warning-level severity within the Powertrain category.,Powertrain,Manufacturer,Warning
P2812,"Pressure Control Solenoid ""G"" Control Circuit/Open",System: Emissions System. Source: SAE J2012 / ISO 15031. This code is classified as Critical-level severity within the Powertrain category.,Powertrain,Manufacturer,Critical
P2813,"Pressure Control Solenoid ""G"" Control Circuit Range/Performance",System: Emissions System. Source: SAE J2012 / ISO 15031. This code is classified as Warning-level severity within the Powertrain category.,Powertrain,Manufacturer,Warning
P2814,"Pressure Control Solenoid ""G"" Control Circuit Low",System: Emissions System. Source: SAE J2012 / ISO 15031. This code is classified as Warning-level severity within the Powertrain category.,Powertrain,Manufacturer,Warning
P2815,"Pressure Control Solenoid ""G"" Control Circuit High",System: Emissions System. Source: SAE J2012 / ISO 15031. This code is classified as Warning-level severity within the Powertrain category.,Powertrain,Manufacturer,Warning
P2816,"Pressure Control Solenoid ""H""",System: Emissions System. Source: SAE J2012 / ISO 15031. This code is classified as Info-level severity within the Powertrain category.,Powertrain,Manufacturer,Info
P2817,"Pressure Control Solenoid ""H"" Performance/Stuck Off",System: Emissions System. Source: SAE J2012 / ISO 15031. This code is classified as Critical-level severity within the Powertrain category.,Powertrain,Manufacturer,Critical
P2818,"Pressure Control Solenoid ""H"" Stuck On",System: Emissions System. Source: SAE J2012 / ISO 15031. This code is classified as Critical-level severity within the Powertrain category.,Powertrain,Manufacturer,Critical
P2819,"Pressure Control Solenoid ""H"" Electrical",System: Emissions System. Source: SAE J2012 / ISO 15031. This code is classified as Info-level severity within the Powertrain category.,Powertrain,Manufacturer,Info
P281A,"Pressure Control Solenoid ""H"" Intermittent",System: Emissions System. Source: SAE J2012 / ISO 15031. This code is classified as Warning-level severity within the Powertrain category.,Powertrain,Manufacturer,Warning
P281B,"Pressure Control Solenoid ""H"" Control Circuit/Open",System: Emissions System. Source: SAE J2012 / ISO 15031. This code is classified as Critical-level severity within the Powertrain category.,Powertrain,Manufacturer,Critical
P281C,"Pressure Control Solenoid ""H"" Control Circuit Range/Performance",System: Emissions System. Source: SAE J2012 / ISO 15031. This code is classified as Warning-level severity within the Powertrain category.,Powertrain,Manufacturer,Warning
P281D,"Pressure Control Solenoid ""H"" Control Circuit Low",System: Emissions System. Source: SAE J2012 / ISO 15031. This code is classified as Warning-level severity within the Powertrain category.,Powertrain,Manufacturer,Warning
P281E,"Pressure Control Solenoid ""H"" Control Circuit High",System: Emissions System. Source: SAE J2012 / ISO 15031. This code is classified as Warning-level severity within the Powertrain category.,Powertrain,Manufacturer,Warning
P281F,"Pressure Control Solenoid ""J""",System: Emissions System. Source: SAE J2012 / ISO 15031. This code is classified as Info-level severity within the Powertrain category.,Powertrain,Manufacturer,Info
P2820,"Pressure Control Solenoid ""J"" Performance/Stuck Off",System: Emissions System. Source: SAE J2012 / ISO 15031. This code is classified as Critical-level severity within the Powertrain category.,Powertrain,Manufacturer,Critical
P2821,"Pressure Control Solenoid ""J"" Stuck On",System: Emissions System. Source: SAE J2012 / ISO 15031. This code is classified as Critical-level severity within the Powertrain category.,Powertrain,Manufacturer,Critical
P2822,"Pressure Control Solenoid ""J"" Electrical",System: Emissions System. Source: SAE J2012 / ISO 15031. This code is classified as Info-level severity within the Powertrain category.,Powertrain,Manufacturer,Info
P2823,"Pressure Control Solenoid ""J"" Intermittent",System: Emissions System. Source: SAE J2012 / ISO 15031. This code is classified as Warning-level severity within the Powertrain category.,Powertrain,Manufacturer,Warning
P2824,"Pressure Control Solenoid ""J"" Control Circuit/Open",System: Emissions System. Source: SAE J2012 / ISO 15031. This code is classified as Critical-level severity within the Powertrain category.,Powertrain,Manufacturer,Critical
P2825,"Pressure Control Solenoid ""J"" Control Circuit Range/Performance",System: Emissions System. Source: SAE J2012 / ISO 15031. This code is classified as Warning-level severity within the Powertrain category.,Powertrain,Manufacturer,Warning
P2826,"Pressure Control Solenoid ""J"" Control Circuit Low",System: Emissions System. Source: SAE J2012 / ISO 15031. This code is classified as Warning-level severity within the Powertrain category.,Powertrain,Manufacturer,Warning
P2827,"Pressure Control Solenoid ""J"" Control Circuit High",System: Emissions System. Source: SAE J2012 / ISO 15031. This code is classified as Warning-level severity within the Powertrain category.,Powertrain,Manufacturer,Warning
P2828,"Pressure Control Solenoid ""K""",System: Emissions System. Source: SAE J2012 / ISO 15031. This code is classified as Info-level severity within the Powertrain category.,Powertrain,Manufacturer,Info
P2829,"Pressure Control Solenoid ""K"" Performance/Stuck Off",System: Emissions System. Source: SAE J2012 / ISO 15031. This code is classified as Critical-level severity within the Powertrain category.,Powertrain,Manufacturer,Critical
P282A,"Pressure Control Solenoid ""K"" Stuck On",System: Emissions System. Source: SAE J2012 / ISO 15031. This code is classified as Critical-level severity within the Powertrain category.,Powertrain,Manufacturer,Critical
P282B,"Pressure Control Solenoid ""K"" Electrical",System: Emissions System. Source: SAE J2012 / ISO 15031. This code is classified as Info-level severity within the Powertrain category.,Powertrain,Manufacturer,Info
P282C,"Pressure Control Solenoid ""K"" Intermittent",System: Emissions System. Source: SAE J2012 / ISO 15031. This code is classified as Warning-level severity within the Powertrain category.,Powertrain,Manufacturer,Warning
P282D,"Pressure Control Solenoid ""K"" Control Circuit/Open",System: Emissions System. Source: SAE J2012 / ISO 15031. This code is classified as Critical-level severity within the Powertrain category.,Powertrain,Manufacturer,Critical
P282E,"Pressure Control Solenoid ""K"" Control Circuit Range/Performance",System: Emissions System. Source: SAE J2012 / ISO 15031. This code is classified as Warning-level severity within the Powertrain category.,Powertrain,Manufacturer,Warning
P282F,"Pressure Control Solenoid ""K"" Control Circuit Low",System: Emissions System. Source: SAE J2012 / ISO 15031. This code is classified as Warning-level severity within the Powertrain category.,Powertrain,Manufacturer,Warning
P2830,"Pressure Control Solenoid ""K"" Control Circuit High",System: Emissions System. Source: SAE J2012 / ISO 15031. This code is classified as Warning-level severity within the Powertrain category.,Powertrain,Manufacturer,Warning
P2831,"Shift Fork ""A"" Position Circuit",System: Emissions System. Source: SAE J2012 / ISO 15031. This code is classified as Info-level severity within the Powertrain category.,Powertrain,Manufacturer,Info
P2832,"Shift Fork ""A"" Position Circuit Range/Performance",System: Emissions System. Source: SAE J2012 / ISO 15031. This code is classified as Warning-level severity within the Powertrain category.,Powertrain,Manufacturer,Warning
P2833,"Shift Fork ""A"" Position Circuit Low",System: Emissions System. Source: SAE J2012 / ISO 15031. This code is classified as Warning-level severity within the Powertrain category.,Powertrain,Manufacturer,Warning
P2834,"Shift Fork ""A"" Position Circuit High",System: Emissions System. Source: SAE J2012 / ISO 15031. This code is classified as Warning-level severity within the Powertrain category.,Powertrain,Manufacturer,Warning
P2835,"Shift Fork ""A"" Position Circuit Intermittent",System: Emissions System. Source: SAE J2012 / ISO 15031. This code is classified as Warning-level severity within the Powertrain category.,Powertrain,Manufacturer,Warning
P2836,"Shift Fork ""B"" Position Circuit",System: Emissions System. Source: SAE J2012 / ISO 15031. This code is classified as Info-level severity within the Powertrain category.,Powertrain,Manufacturer,Info
P2837,"Shift Fork ""B"" Position Circuit Range/Performance",System: Emissions System. Source: SAE J2012 / ISO 15031. This code is classified as Warning-level severity within the Powertrain category.,Powertrain,Manufacturer,Warning
P2838,"Shift Fork ""B"" Position Circuit Low",System: Emissions System. Source: SAE J2012 / ISO 15031. This code is classified as Warning-level severity within the Powertrain category.,Powertrain,Manufacturer,Warning
P2839,"Shift Fork ""B"" Position Circuit High",System: Emissions System. Source: SAE J2012 / ISO 15031. This code is classified as Warning-level severity within the Powertrain category.,Powertrain,Manufacturer,Warning
P283A,"Shift Fork ""B"" Position Circuit Intermittent",System: Emissions System. Source: SAE J2012 / ISO 15031. This code is classified as Warning-level severity within the Powertrain category.,Powertrain,Manufacturer,Warning
P283B,"Shift Fork ""C"" Position Circuit",System: Emissions System. Source: SAE J2012 / ISO 15031. This code is classified as Info-level severity within the Powertrain category.,Powertrain,Manufacturer,Info
P283C,"Shift Fork ""C"" Position Circuit Range/Performance",System: Emissions System. Source: SAE J2012 / ISO 15031. This code is classified as Warning-level severity within the Powertrain category.,Powertrain,Manufacturer,Warning
P283D,"Shift Fork ""C"" Position Circuit Low",System: Emissions System. Source: SAE J2012 / ISO 15031. This code is classified as Warning-level severity within the Powertrain category.,Powertrain,Manufacturer,Warning
P283E,"Shift Fork ""C"" Position Circuit High",System: Emissions System. Source: SAE J2012 / ISO 15031. This code is classified as Warning-level severity within the Powertrain category.,Powertrain,Manufacturer,Warning
P283F,"Shift Fork ""C"" Position Circuit Intermittent",System: Emissions System. Source: SAE J2012 / ISO 15031. This code is classified as Warning-level severity within the Powertrain category.,Powertrain,Manufacturer,Warning
P2840,"Shift Fork ""D"" Position Circuit",System: Emissions System. Source: SAE J2012 / ISO 15031. This code is classified as Info-level severity within the Powertrain category.,Powertrain,Manufacturer,Info
P2841,"Shift Fork ""D"" Position Circuit Range/Performance",System: Emissions System. Source: SAE J2012 / ISO 15031. This code is classified as Warning-level severity within the Powertrain category.,Powertrain,Manufacturer,Warning
P2842,"Shift Fork ""D"" Position Circuit Low",System: Emissions System. Source: SAE J2012 / ISO 15031. This code is classified as Warning-level severity within the Powertrain category.,Powertrain,Manufacturer,Warning
P2843,"Shift Fork ""D"" Position Circuit High",System: Emissions System. Source: SAE J2012 / ISO 15031. This code is classified as Warning-level severity within the Powertrain category.,Powertrain,Manufacturer,Warning
P2844,"Shift Fork ""D"" Position Circuit Intermittent",System: Emissions System. Source: SAE J2012 / ISO 15031. This code is classified as Warning-level severity within the Powertrain category.,Powertrain,Manufacturer,Warning
P2845,"Shift Fork ""A"" Position Sensor Incorrect Neutral Position Indicated",System: Emissions System. Source: SAE J2012 / ISO 15031. This code is classified as Info-level severity within the Powertrain category.,Powertrain,Manufacturer,Info
P2846,"Shift Fork ""B"" Position Sensor Incorrect Neutral Position Indicated",System: Emissions System. Source: SAE J2012 / ISO 15031. This code is classified as Info-level severity within the Powertrain category.,Powertrain,Manufacturer,Info
P2847,"Shift Fork ""C"" Position Sensor Incorrect Neutral Position Indicated",System: Emissions System. Source: SAE J2012 / ISO 15031. This code is classified as Info-level severity within the Powertrain category.,Powertrain,Manufacturer,Info
P2848,"Shift Fork ""D"" Position Sensor Incorrect Neutral Position Indicated",System: Emissions System. Source: SAE J2012 / ISO 15031. This code is classified as Info-level severity within the Powertrain category.,Powertrain,Manufacturer,Info
P2849,"Shift Fork ""A"" Stuck",System: Emissions System. Source: SAE J2012 / ISO 15031. This code is classified as Critical-level severity within the Powertrain category.,Powertrain,Manufacturer,Critical
P284A,"Shift Fork ""B"" Stuck",System: Emissions System. Source: SAE J2012 / ISO 15031. This code is classified as Critical-level severity within the Powertrain category.,Powertrain,Manufacturer,Critical
P284B,"Shift Fork ""C"" Stuck",System: Emissions System. Source: SAE J2012 / ISO 15031. This code is classified as Critical-level severity within the Powertrain category.,Powertrain,Manufacturer,Critical
P284C,"Shift Fork ""D"" Stuck",System: Emissions System. Source: SAE J2012 / ISO 15031. This code is classified as Critical-level severity within the Powertrain category.,Powertrain,Manufacturer,Critical
P284D,"Shift Fork ""A"" Unrequested Movement",System: Emissions System. Source: SAE J2012 / ISO 15031. This code is classified as Info-level severity within the Powertrain category.,Powertrain,Manufacturer,Info
P284E,"Shift Fork ""B"" Unrequested Movement",System: Emissions System. Source: SAE J2012 / ISO 15031. This code is classified as Info-level severity within the Powertrain category.,Powertrain,Manufacturer,Info
P284F,"Shift Fork ""C"" Unrequested Movement",System: Emissions System. Source: SAE J2012 / ISO 15031. This code is classified as Info-level severity within the Powertrain category.,Powertrain,Manufacturer,Info
P2850,"Shift Fork ""D"" Unrequested Movement",System: Emissions System. Source: SAE J2012 / ISO 15031. This code is classified as Info-level severity within the Powertrain category.,Powertrain,Manufacturer,Info
P2851,"Shift Fork Position Sensor ""A""/""B"" Correlation",System: Emissions System. Source: SAE J2012 / ISO 15031. This code is classified as Warning-level severity within the Powertrain category.,Powertrain,Manufacturer,Warning
P2852,"Shift Fork Position Sensor ""C""/""D"" Correlation",System: Emissions System. Source: SAE J2012 / ISO 15031. This code is classified as Warning-level severity within the Powertrain category.,Powertrain,Manufacturer,Warning
P2853,"Clutch ""A"" Pressure Discharge Performance",System: Emissions System. Source: SAE J2012 / ISO 15031. This code is classified as Warning-level severity within the Powertrain category.,Powertrain,Manufacturer,Warning
P2854,"Clutch ""B"" Pressure Discharge Performance",System: Emissions System. Source: SAE J2012 / ISO 15031. This code is classified as Warning-level severity within the Powertrain category.,Powertrain,Manufacturer,Warning
P2855,"Clutch ""A"" Pressure Charge Performance",System: Emissions System. Source: SAE J2012 / ISO 15031. This code is classified as Warning-level severity within the Powertrain category.,Powertrain,Manufacturer,Warning
P2856,"Clutch ""B"" Pressure Charge Performance",System: Emissions System. Source: SAE J2012 / ISO 15031. This code is classified as Warning-level severity within the Powertrain category.,Powertrain,Manufacturer,Warning
P2857,"Clutch ""A"" Pressure Engagement Performance",System: Emissions System. Source: SAE J2012 / ISO 15031. This code is classified as Warning-level severity within the Powertrain category.,Powertrain,Manufacturer,Warning
P2858,"Clutch ""B"" Pressure Engagement Performance",System: Emissions System. Source: SAE J2012 / ISO 15031. This code is classified as Warning-level severity within the Powertrain category.,Powertrain,Manufacturer,Warning
P2859,"Clutch ""A"" Pressure Disengagement Performance",System: Emissions System. Source: SAE J2012 / ISO 15031. This code is classified as Warning-level severity within the Powertrain category.,Powertrain,Manufacturer,Warning
P285A,"Clutch ""B"" Pressure Disengagement Performance",System: Emissions System. Source: SAE J2012 / ISO 15031. This code is classified as Warning-level severity within the Powertrain category.,Powertrain,Manufacturer,Warning
P2A00,O2 Sensor Circuit Range/Performance Bank 1 Sensor 1,System: Emissions System. Source: SAE J2012 / ISO 15031. This code is classified as Warning-level severity within the Powertrain category.,Powertrain,Manufacturer,Warning
P2A01,O2 Sensor Circuit Range/Performance,System: Emissions System. Source: SAE J2012 / ISO 15031. This code is classified as Warning-level severity within the Powertrain category.,Powertrain,Manufacturer,Warning
P2A02,O2 Sensor Circuit Range/Performance,System: Emissions System. Source: SAE J2012 / ISO 15031. This code is classified as Warning-level severity within the Powertrain category.,Powertrain,Manufacturer,Warning
P2A03,O2 Sensor Circuit Range/Performance,System: Emissions System. Source: SAE J2012 / ISO 15031. This code is classified as Warning-level severity within the Powertrain category.,Powertrain,Manufacturer,Warning
P2A04,O2 Sensor Circuit Range/Performance,System: Emissions System. Source: SAE J2012 / ISO 15031. This code is classified as Warning-level severity within the Powertrain category.,Powertrain,Manufacturer,Warning
P2A05,O2 Sensor Circuit Range/Performance,System: Emissions System. Source: SAE J2012 / ISO 15031. This code is classified as Warning-level severity within the Powertrain category.,Powertrain,Manufacturer,Warning
P2A06,O2 Sensor Negative Voltage,System: Emissions System. Source: SAE J2012 / ISO 15031. This code is classified as Info-level severity within the Powertrain category.,Powertrain,Manufacturer,Info
P2A07,O2 Sensor Negative Voltage,System: Emissions System. Source: SAE J2012 / ISO 15031. This code is classified as Info-level severity within the Powertrain category.,Powertrain,Manufacturer,Info
P2A08,O2 Sensor Negative Voltage,System: Emissions System. Source: SAE J2012 / ISO 15031. This code is classified as Info-level severity within the Powertrain category.,Powertrain,Manufacturer,Info
P2A09,O2 Sensor Negative Voltage,System: Emissions System. Source: SAE J2012 / ISO 15031. This code is classified as Info-level severity within the Powertrain category.,Powertrain,Manufacturer,Info
P2A10,O2 Sensor Negative Voltage,System: Emissions System. Source: SAE J2012 / ISO 15031. This code is classified as Info-level severity within the Powertrain category.,Powertrain,Manufacturer,Info
P2A11,O2 Sensor Negative Voltage,System: Emissions System. Source: SAE J2012 / ISO 15031. This code is classified as Info-level severity within the Powertrain category.,Powertrain,Manufacturer,Info
P2BA7,nox Exceedence - Empty Reagent Tank,System: Emissions System. Source: SAE J2012 / ISO 15031. This code is classified as Info-level severity within the Powertrain category.,Powertrain,Manufacturer,Info
P2BA8,nox Exceedence - Interruption of Reagent Dosing Activity,System: Emissions System. Source: SAE J2012 / ISO 15031. This code is classified as Info-level severity within the Powertrain category.,Powertrain,Manufacturer,Info
P2BA9,nox Exceedence - Insufficient Reagent Quality,System: Emissions System. Source: SAE J2012 / ISO 15031. This code is classified as Info-level severity within the Powertrain category.,Powertrain,Manufacturer,Info
P2BAA,nox Exceedence - Low Reagent Consumption,System: Emissions System. Source: SAE J2012 / ISO 15031. This code is classified as Warning-level severity within the Powertrain category.,Powertrain,Manufacturer,Warning
P2BAB,nox Exceedence - Incorrect EGR Flow,System: Emissions System. Source: SAE J2012 / ISO 15031. This code is classified as Warning-level severity within the Powertrain category.,Powertrain,Manufacturer,Warning
P2BAC,nox Exceedence - Deactivation of EGR,System: Emissions System. Source: SAE J2012 / ISO 15031. This code is classified as Info-level severity within the Powertrain category.,Powertrain,Manufacturer,Info
P2BAD,nox Exceedence - Root Cause Unknown,System: Emissions System. Source: SAE J2012 / ISO 15031. This code is classified as Info-level severity within the Powertrain category.,Powertrain,Manufacturer,Info
P2BAE,nox Exceedence - nox control monitoring system,System: Emissions System. Source: SAE J2012 / ISO 15031. This code is classified as Info-level severity within the Powertrain category.,Powertrain,Manufacturer,Info
P3000,Manufacturer Controlled DTC,System: Manufacturer Specific. Source: SAE J2012 / ISO 15031. This code is classified as Info-level severity within the Powertrain category.,Powertrain,Manufacturer,Info
P3100,Manufacturer Controlled DTC,System: Manufacturer Specific. Source: SAE J2012 / ISO 15031. This code is classified as Info-level severity within the Powertrain category.,Powertrain,Manufacturer,Info
P3200,Manufacturer Controlled DTC,System: Manufacturer Specific. Source: SAE J2012 / ISO 15031. This code is classified as Info-level severity within the Powertrain category.,Powertrain,Manufacturer,Info
P3300,Manufacturer Controlled DTC,System: Manufacturer Specific. Source: SAE J2012 / ISO 15031. This code is classified as Info-level severity within the Powertrain category.,Powertrain,Manufacturer,Info
P3400,Cylinder Deactivation System,System: Manufacturer Specific. Source: SAE J2012 / ISO 15031. This code is classified as Info-level severity within the Powertrain category.,Powertrain,Manufacturer,Info
P3401,Cylinder 1 Deactivation/Intake Valve Control Circuit/Open,System: Manufacturer Specific. Source: SAE J2012 / ISO 15031. This code is classified as Critical-level severity within the Powertrain category.,Powertrain,Manufacturer,Critical
P3402,Cylinder 1 Deactivation/Intake Valve Control Circuit Performance,System: Manufacturer Specific. Source: SAE J2012 / ISO 15031. This code is classified as Warning-level severity within the Powertrain category.,Powertrain,Manufacturer,Warning
P3403,Cylinder 1 Deactivation/Intake Valve Control Circuit Low,System: Manufacturer Specific. Source: SAE J2012 / ISO 15031. This code is classified as Warning-level severity within the Powertrain category.,Powertrain,Manufacturer,Warning
P3404,Cylinder 1 Deactivation/Intake Valve Control Circuit High,System: Manufacturer Specific. Source: SAE J2012 / ISO 15031. This code is classified as Warning-level severity within the Powertrain category.,Powertrain,Manufacturer,Warning
P3405,Cylinder 1 Exhaust Valve Control Circuit/Open,System: Manufacturer Specific. Source: SAE J2012 / ISO 15031. This code is classified as Critical-level severity within the Powertrain category.,Powertrain,Manufacturer,Critical
P3406,Cylinder 1 Exhaust Valve Control Circuit Performance,System: Manufacturer Specific. Source: SAE J2012 / ISO 15031. This code is classified as Warning-level severity within the Powertrain category.,Powertrain,Manufacturer,Warning
P3407,Cylinder 1 Exhaust Valve Control Circuit Low,System: Manufacturer Specific. Source: SAE J2012 / ISO 15031. This code is classified as Warning-level severity within the Powertrain category.,Powertrain,Manufacturer,Warning
P3408,Cylinder 1 Exhaust Valve Control Circuit High,System: Manufacturer Specific. Source: SAE J2012 / ISO 15031. This code is classified as Warning-level severity within the Powertrain category.,Powertrain,Manufacturer,Warning
P3409,Cylinder 2 Deactivation/Intake Valve Control Circuit/Open,System: Manufacturer Specific. Source: SAE J2012 / ISO 15031. This code is classified as Critical-level severity within the Powertrain category.,Powertrain,Manufacturer,Critical
P3410,Cylinder 2 Deactivation/Intake Valve Control Circuit Performance,System: Manufacturer Specific. Source: SAE J2012 / ISO 15031. This code is classified as Warning-level severity within the Powertrain category.,Powertrain,Manufacturer,Warning
P3411,Cylinder 2 Deactivation/Intake Valve Control Circuit Low,System: Manufacturer Specific. Source: SAE J2012 / ISO 15031. This code is classified as Warning-level severity within the Powertrain category.,Powertrain,Manufacturer,Warning
P3412,Cylinder 2 Deactivation/Intake Valve Control Circuit High,System: Manufacturer Specific. Source: SAE J2012 / ISO 15031. This code is classified as Warning-level severity within the Powertrain category.,Powertrain,Manufacturer,Warning
P3413,Cylinder 2 Exhaust Valve Control Circuit/Open,System: Manufacturer Specific. Source: SAE J2012 / ISO 15031. This code is classified as Critical-level severity within the Powertrain category.,Powertrain,Manufacturer,Critical
P3414,Cylinder 2 Exhaust Valve Control Circuit Performance,System: Manufacturer Specific. Source: SAE J2012 / ISO 15031. This code is classified as Warning-level severity within the Powertrain category.,Powertrain,Manufacturer,Warning
P3415,Cylinder 2 Exhaust Valve Control Circuit Low,System: Manufacturer Specific. Source: SAE J2012 / ISO 15031. This code is classified as Warning-level severity within the Powertrain category.,Powertrain,Manufacturer,Warning
P3416,Cylinder 2 Exhaust Valve Control Circuit High,System: Manufacturer Specific. Source: SAE J2012 / ISO 15031. This code is classified as Warning-level severity within the Powertrain category.,Powertrain,Manufacturer,Warning
P3417,Cylinder 3 Deactivation/Intake Valve Control Circuit/Open,System: Manufacturer Specific. Source: SAE J2012 / ISO 15031. This code is classified as Critical-level severity within the Powertrain category.,Powertrain,Manufacturer,Critical
P3418,Cylinder 3 Deactivation/Intake Valve Control Circuit Performance,System: Manufacturer Specific. Source: SAE J2012 / ISO 15031. This code is classified as Warning-level severity within the Powertrain category.,Powertrain,Manufacturer,Warning
P3419,Cylinder 3 Deactivation/Intake Valve Control Circuit Low,System: Manufacturer Specific. Source: SAE J2012 / ISO 15031. This code is classified as Warning-level severity within the Powertrain category.,Powertrain,Manufacturer,Warning
P3420,Cylinder 3 Deactivation/Intake Valve Control Circuit High,System: Manufacturer Specific. Source: SAE J2012 / ISO 15031. This code is classified as Warning-level severity within the Powertrain category.,Powertrain,Manufacturer,Warning
P3421,Cylinder 3 Exhaust Valve Control Circuit/Open,System: Manufacturer Specific. Source: SAE J2012 / ISO 15031. This code is classified as Critical-level severity within the Powertrain category.,Powertrain,Manufacturer,Critical
P3422,Cylinder 3 Exhaust Valve Control Circuit Performance,System: Manufacturer Specific. Source: SAE J2012 / ISO 15031. This code is classified as Warning-level severity within the Powertrain category.,Powertrain,Manufacturer,Warning
P3423,Cylinder 3 Exhaust Valve Control Circuit Low,System: Manufacturer Specific. Source: SAE J2012 / ISO 15031. This code is classified as Warning-level severity within the Powertrain category.,Powertrain,Manufacturer,Warning
P3424,Cylinder 3 Exhaust Valve Control Circuit High,System: Manufacturer Specific. Source: SAE J2012 / ISO 15031. This code is classified as Warning-level severity within the Powertrain category.,Powertrain,Manufacturer,Warning
P3425,Cylinder 4 Deactivation/Intake Valve Control Circuit/Open,System: Manufacturer Specific. Source: SAE J2012 / ISO 15031. This code is classified as Critical-level severity within the Powertrain category.,Powertrain,Manufacturer,Critical
P3426,Cylinder 4 Deactivation/Intake Valve Control Circuit Performance,System: Manufacturer Specific. Source: SAE J2012 / ISO 15031. This code is classified as Warning-level severity within the Powertrain category.,Powertrain,Manufacturer,Warning
P3427,Cylinder 4 Deactivation/Intake Valve Control Circuit Low,System: Manufacturer Specific. Source: SAE J2012 / ISO 15031. This code is classified as Warning-level severity within the Powertrain category.,Powertrain,Manufacturer,Warning
P3428,Cylinder 4 Deactivation/Intake Valve Control Circuit High,System: Manufacturer Specific. Source: SAE J2012 / ISO 15031. This code is classified as Warning-level severity within the Powertrain category.,Powertrain,Manufacturer,Warning
P3429,Cylinder 4 Exhaust Valve Control Circuit/Open,System: Manufacturer Specific. Source: SAE J2012 / ISO 15031. This code is classified as Critical-level severity within the Powertrain category.,Powertrain,Manufacturer,Critical
P3430,Cylinder 4 Exhaust Valve Control Circuit Performance,System: Manufacturer Specific. Source: SAE J2012 / ISO 15031. This code is classified as Warning-level severity within the Powertrain category.,Powertrain,Manufacturer,Warning
P3431,Cylinder 4 Exhaust Valve Control Circuit Low,System: Manufacturer Specific. Source: SAE J2012 / ISO 15031. This code is classified as Warning-level severity within the Powertrain category.,Powertrain,Manufacturer,Warning
P3432,Cylinder 4 Exhaust Valve Control Circuit High,System: Manufacturer Specific. Source: SAE J2012 / ISO 15031. This code is classified as Warning-level severity within the Powertrain category.,Powertrain,Manufacturer,Warning
P3433,Cylinder 5 Deactivation/Intake Valve Control Circuit/Open,System: Manufacturer Specific. Source: SAE J2012 / ISO 15031. This code is classified as Critical-level severity within the Powertrain category.,Powertrain,Manufacturer,Critical
P3434,Cylinder 5 Deactivation/Intake Valve Control Circuit Performance,System: Manufacturer Specific. Source: SAE J2012 / ISO 15031. This code is classified as Warning-level severity within the Powertrain category.,Powertrain,Manufacturer,Warning
P3435,Cylinder 5 Deactivation/Intake Valve Control Circuit Low,System: Manufacturer Specific. Source: SAE J2012 / ISO 15031. This code is classified as Warning-level severity within the Powertrain category.,Powertrain,Manufacturer,Warning
P3436,Cylinder 5 Deactivation/Intake Valve Control Circuit High,System: Manufacturer Specific. Source: SAE J2012 / ISO 15031. This code is classified as Warning-level severity within the Powertrain category.,Powertrain,Manufacturer,Warning
P3437,Cylinder 5 Exhaust Valve Control Circuit/Open,System: Manufacturer Specific. Source: SAE J2012 / ISO 15031. This code is classified as Critical-level severity within the Powertrain category.,Powertrain,Manufacturer,Critical
P3438,Cylinder 5 Exhaust Valve Control Circuit Performance,System: Manufacturer Specific. Source: SAE J2012 / ISO 15031. This code is classified as Warning-level severity within the Powertrain category.,Powertrain,Manufacturer,Warning
P3439,Cylinder 5 Exhaust Valve Control Circuit Low,System: Manufacturer Specific. Source: SAE J2012 / ISO 15031. This code is classified as Warning-level severity within the Powertrain category.,Powertrain,Manufacturer,Warning
P3440,Cylinder 5 Exhaust Valve Control Circuit High,System: Manufacturer Specific. Source: SAE J2012 / ISO 15031. This code is classified as Warning-level severity within the Powertrain category.,Powertrain,Manufacturer,Warning
P3441,Cylinder 6 Deactivation/Intake Valve Control Circuit/Open,System: Manufacturer Specific. Source: SAE J2012 / ISO 15031. This code is classified as Critical-level severity within the Powertrain category.,Powertrain,Manufacturer,Critical
P3442,Cylinder 6 Deactivation/Intake Valve Control Circuit Performance,System: Manufacturer Specific. Source: SAE J2012 / ISO 15031. This code is classified as Warning-level severity within the Powertrain category.,Powertrain,Manufacturer,Warning
P3443,Cylinder 6 Deactivation/Intake Valve Control Circuit Low,System: Manufacturer Specific. Source: SAE J2012 / ISO 15031. This code is classified as Warning-level severity within the Powertrain category.,Powertrain,Manufacturer,Warning
P3444,Cylinder 6 Deactivation/Intake Valve Control Circuit High,System: Manufacturer Specific. Source: SAE J2012 / ISO 15031. This code is classified as Warning-level severity within the Powertrain category.,Powertrain,Manufacturer,Warning
P3445,Cylinder 6 Exhaust Valve Control Circuit/Open,System: Manufacturer Specific. Source: SAE J2012 / ISO 15031. This code is classified as Critical-level severity within the Powertrain category.,Powertrain,Manufacturer,Critical
P3446,Cylinder 6 Exhaust Valve Control Circuit Performance,System: Manufacturer Specific. Source: SAE J2012 / ISO 15031. This code is classified as Warning-level severity within the Powertrain category.,Powertrain,Manufacturer,Warning
P3447,Cylinder 6 Exhaust Valve Control Circuit Low,System: Manufacturer Specific. Source: SAE J2012 / ISO 15031. This code is classified as Warning-level severity within the Powertrain category.,Powertrain,Manufacturer,Warning
P3448,Cylinder 6 Exhaust Valve Control Circuit High,System: Manufacturer Specific. Source: SAE J2012 / ISO 15031. This code is classified as Warning-level severity within the Powertrain category.,Powertrain,Manufacturer,Warning
P3449,Cylinder 7 Deactivation/Intake Valve Control Circuit/Open,System: Manufacturer Specific. Source: SAE J2012 / ISO 15031. This code is classified as Critical-level severity within the Powertrain category.,Powertrain,Manufacturer,Critical
P3450,Cylinder 7 Deactivation/Intake Valve Control Circuit Performance,System: Manufacturer Specific. Source: SAE J2012 / ISO 15031. This code is classified as Warning-level severity within the Powertrain category.,Powertrain,Manufacturer,Warning
P3451,Cylinder 7 Deactivation/Intake Valve Control Circuit Low,System: Manufacturer Specific. Source: SAE J2012 / ISO 15031. This code is classified as Warning-level severity within the Powertrain category.,Powertrain,Manufacturer,Warning
P3452,Cylinder 7 Deactivation/Intake Valve Control Circuit High,System: Manufacturer Specific. Source: SAE J2012 / ISO 15031. This code is classified as Warning-level severity within the Powertrain category.,Powertrain,Manufacturer,Warning
P3453,Cylinder 7 Exhaust Valve Control Circuit/Open,System: Manufacturer Specific. Source: SAE J2012 / ISO 15031. This code is classified as Critical-level severity within the Powertrain category.,Powertrain,Manufacturer,Critical
P3454,Cylinder 7 Exhaust Valve Control Circuit Performance,System: Manufacturer Specific. Source: SAE J2012 / ISO 15031. This code is classified as Warning-level severity within the Powertrain category.,Powertrain,Manufacturer,Warning
P3455,Cylinder 7 Exhaust Valve Control Circuit Low,System: Manufacturer Specific. Source: SAE J2012 / ISO 15031. This code is classified as Warning-level severity within the Powertrain category.,Powertrain,Manufacturer,Warning
P3456,Cylinder 7 Exhaust Valve Control Circuit High,System: Manufacturer Specific. Source: SAE J2012 / ISO 15031. This code is classified as Warning-level severity within the Powertrain category.,Powertrain,Manufacturer,Warning
P3457,Cylinder 8 Deactivation/Intake Valve Control Circuit/Open,System: Manufacturer Specific. Source: SAE J2012 / ISO 15031. This code is classified as Critical-level severity within the Powertrain category.,Powertrain,Manufacturer,Critical
P3458,Cylinder 8 Deactivation/Intake Valve Control Circuit Performance,System: Manufacturer Specific. Source: SAE J2012 / ISO 15031. This code is classified as Warning-level severity within the Powertrain category.,Powertrain,Manufacturer,Warning
P3459,Cylinder 8 Deactivation/Intake Valve Control Circuit Low,System: Manufacturer Specific. Source: SAE J2012 / ISO 15031. This code is classified as Warning-level severity within the Powertrain category.,Powertrain,Manufacturer,Warning
P3460,Cylinder 8 Deactivation/Intake Valve Control Circuit High,System: Manufacturer Specific. Source: SAE J2012 / ISO 15031. This code is classified as Warning-level severity within the Powertrain category.,Powertrain,Manufacturer,Warning
P3461,Cylinder 8 Exhaust Valve Control Circuit/Open,System: Manufacturer Specific. Source: SAE J2012 / ISO 15031. This code is classified as Critical-level severity within the Powertrain category.,Powertrain,Manufacturer,Critical
P3462,Cylinder 8 Exhaust Valve Control Circuit Performance,System: Manufacturer Specific. Source: SAE J2012 / ISO 15031. This code is classified as Warning-level severity within the Powertrain category.,Powertrain,Manufacturer,Warning
P3463,Cylinder 8 Exhaust Valve Control Circuit Low,System: Manufacturer Specific. Source: SAE J2012 / ISO 15031. This code is classified as Warning-level severity within the Powertrain category.,Powertrain,Manufacturer,Warning
P3464,Cylinder 8 Exhaust Valve Control Circuit High,System: Manufacturer Specific. Source: SAE J2012 / ISO 15031. This code is classified as Warning-level severity within the Powertrain category.,Powertrain,Manufacturer,Warning
P3465,Cylinder 9 Deactivation/Intake Valve Control Circuit/Open,System: Manufacturer Specific. Source: SAE J2012 / ISO 15031. This code is classified as Critical-level severity within the Powertrain category.,Powertrain,Manufacturer,Critical
P3466,Cylinder 9 Deactivation/Intake Valve Control Circuit Performance,System: Manufacturer Specific. Source: SAE J2012 / ISO 15031. This code is classified as Warning-level severity within the Powertrain category.,Powertrain,Manufacturer,Warning
P3467,Cylinder 9 Deactivation/Intake Valve Control Circuit Low,System: Manufacturer Specific. Source: SAE J2012 / ISO 15031. This code is classified as Warning-level severity within the Powertrain category.,Powertrain,Manufacturer,Warning
P3468,Cylinder 9 Deactivation/Intake Valve Control Circuit High,System: Manufacturer Specific. Source: SAE J2012 / ISO 15031. This code is classified as Warning-level severity within the Powertrain category.,Powertrain,Manufacturer,Warning
P3469,Cylinder 9 Exhaust Valve Control Circuit/Open,System: Manufacturer Specific. Source: SAE J2012 / ISO 15031. This code is classified as Critical-level severity within the Powertrain category.,Powertrain,Manufacturer,Critical
P3470,Cylinder 9 Exhaust Valve Control Circuit Performance,System: Manufacturer Specific. Source: SAE J2012 / ISO 15031. This code is classified as Warning-level severity within the Powertrain category.,Powertrain,Manufacturer,Warning
P3471,Cylinder 9 Exhaust Valve Control Circuit Low,System: Manufacturer Specific. Source: SAE J2012 / ISO 15031. This code is classified as Warning-level severity within the Powertrain category.,Powertrain,Manufacturer,Warning
P3472,Cylinder 9 Exhaust Valve Control Circuit High,System: Manufacturer Specific. Source: SAE J2012 / ISO 15031. This code is classified as Warning-level severity within the Powertrain category.,Powertrain,Manufacturer,Warning
P3473,Cylinder 10 Deactivation/Intake Valve Control Circuit/Open,System: Manufacturer Specific. Source: SAE J2012 / ISO 15031. This code is classified as Critical-level severity within the Powertrain category.,Powertrain,Manufacturer,Critical
P3474,Cylinder 10 Deactivation/Intake Valve Control Circuit Performance,System: Manufacturer Specific. Source: SAE J2012 / ISO 15031. This code is classified as Warning-level severity within the Powertrain category.,Powertrain,Manufacturer,Warning
P3475,Cylinder 10 Deactivation/Intake Valve Control Circuit Low,System: Manufacturer Specific. Source: SAE J2012 / ISO 15031. This code is classified as Warning-level severity within the Powertrain category.,Powertrain,Manufacturer,Warning
P3476,Cylinder 10 Deactivation/Intake Valve Control Circuit High,System: Manufacturer Specific. Source: SAE J2012 / ISO 15031. This code is classified as Warning-level severity within the Powertrain category.,Powertrain,Manufacturer,Warning
P3477,Cylinder 10 Exhaust Valve Control Circuit/Open,System: Manufacturer Specific. Source: SAE J2012 / ISO 15031. This code is classified as Critical-level severity within the Powertrain category.,Powertrain,Manufacturer,Critical
P3478,Cylinder 10 Exhaust Valve Control Circuit Performance,System: Manufacturer Specific. Source: SAE J2012 / ISO 15031. This code is classified as Warning-level severity within the Powertrain category.,Powertrain,Manufacturer,Warning
P3479,Cylinder 10 Exhaust Valve Control Circuit Low,System: Manufacturer Specific. Source: SAE J2012 / ISO 15031. This code is classified as Warning-level severity within the Powertrain category.,Powertrain,Manufacturer,Warning
P3480,Cylinder 10 Exhaust Valve Control Circuit High,System: Manufacturer Specific. Source: SAE J2012 / ISO 15031. This code is classified as Warning-level severity within the Powertrain category.,Powertrain,Manufacturer,Warning
P3481,Cylinder 11 Deactivation/Intake Valve Control Circuit/Open,System: Manufacturer Specific. Source: SAE J2012 / ISO 15031. This code is classified as Critical-level severity within the Powertrain category.,Powertrain,Manufacturer,Critical
P3482,Cylinder 11 Deactivation/Intake Valve Control Circuit Performance,System: Manufacturer Specific. Source: SAE J2012 / ISO 15031. This code is classified as Warning-level severity within the Powertrain category.,Powertrain,Manufacturer,Warning
P3483,Cylinder 11 Deactivation/Intake Valve Control Circuit Low,System: Manufacturer Specific. Source: SAE J2012 / ISO 15031. This code is classified as Warning-level severity within the Powertrain category.,Powertrain,Manufacturer,Warning
P3484,Cylinder 11 Deactivation/Intake Valve Control Circuit High,System: Manufacturer Specific. Source: SAE J2012 / ISO 15031. This code is classified as Warning-level severity within the Powertrain category.,Powertrain,Manufacturer,Warning
P3485,Cylinder 11 Exhaust Valve Control Circuit/Open,System: Manufacturer Specific. Source: SAE J2012 / ISO 15031. This code is classified as Critical-level severity within the Powertrain category.,Powertrain,Manufacturer,Critical
P3486,Cylinder 11 Exhaust Valve Control Circuit Performance,System: Manufacturer Specific. Source: SAE J2012 / ISO 15031. This code is classified as Warning-level severity within the Powertrain category.,Powertrain,Manufacturer,Warning
P3487,Cylinder 11 Exhaust Valve Control Circuit Low,System: Manufacturer Specific. Source: SAE J2012 / ISO 15031. This code is classified as Warning-level severity within the Powertrain category.,Powertrain,Manufacturer,Warning
P3488,Cylinder 11 Exhaust Valve Control Circuit High,System: Manufacturer Specific. Source: SAE J2012 / ISO 15031. This code is classified as Warning-level severity within the Powertrain category.,Powertrain,Manufacturer,Warning
P3489,Cylinder 12 Deactivation/Intake Valve Control Circuit/Open,System: Manufacturer Specific. Source: SAE J2012 / ISO 15031. This code is classified as Critical-level severity within the Powertrain category.,Powertrain,Manufacturer,Critical
P3490,Cylinder 12 Deactivation/Intake Valve Control Circuit Performance,System: Manufacturer Specific. Source: SAE J2012 / ISO 15031. This code is classified as Warning-level severity within the Powertrain category.,Powertrain,Manufacturer,Warning
P3491,Cylinder 12 Deactivation/Intake Valve Control Circuit Low,System: Manufacturer Specific. Source: SAE J2012 / ISO 15031. This code is classified as Warning-level severity within the Powertrain category.,Powertrain,Manufacturer,Warning
P3492,Cylinder 12 Deactivation/Intake Valve Control Circuit High,System: Manufacturer Specific. Source: SAE J2012 / ISO 15031. This code is classified as Warning-level severity within the Powertrain category.,Powertrain,Manufacturer,Warning
P3493,Cylinder 12 Exhaust Valve Control Circuit/Open,System: Manufacturer Specific. Source: SAE J2012 / ISO 15031. This code is classified as Critical-level severity within the Powertrain category.,Powertrain,Manufacturer,Critical
P3494,Cylinder 12 Exhaust Valve Control Circuit Performance,System: Manufacturer Specific. Source: SAE J2012 / ISO 15031. This code is classified as Warning-level severity within the Powertrain category.,Powertrain,Manufacturer,Warning
P3495,Cylinder 12 Exhaust Valve Control Circuit Low,System: Manufacturer Specific. Source: SAE J2012 / ISO 15031. This code is classified as Warning-level severity within the Powertrain category.,Powertrain,Manufacturer,Warning
P3496,Cylinder 12 Exhaust Valve Control Circuit High,System: Manufacturer Specific. Source: SAE J2012 / ISO 15031. This code is classified as Warning-level severity within the Powertrain category.,Powertrain,Manufacturer,Warning
P3497,Cylinder Deactivation System,System: Manufacturer Specific. Source: SAE J2012 / ISO 15031. This code is classified as Info-level severity within the Powertrain category.,Powertrain,Manufacturer,Info
P3500,Reserved For Future Use,System: Manufacturer Specific. Source: SAE J2012 / ISO 15031. This code is classified as Info-level severity within the Powertrain category.,Powertrain,Manufacturer,Info
P3600,Reserved For Future Use,System: Manufacturer Specific. Source: SAE J2012 / ISO 15031. This code is classified as Info-level severity within the Powertrain category.,Powertrain,Manufacturer,Info
P3700,Reserved For Future Use,System: Manufacturer Specific. Source: SAE J2012 / ISO 15031. This code is classified as Info-level severity within the Powertrain category.,Powertrain,Manufacturer,Info
P3800,Reserved For Future Use,System: Manufacturer Specific. Source: SAE J2012 / ISO 15031. This code is classified as Info-level severity within the Powertrain category.,Powertrain,Manufacturer,Info
P3900,Reserved For Future Use,System: Manufacturer Specific. Source: SAE J2012 / ISO 15031. This code is classified as Info-level severity within the Powertrain category.,Powertrain,Manufacturer,Info
P3A00,Reserved For Future Use,System: Manufacturer Specific. Source: SAE J2012 / ISO 15031. This code is classified as Info-level severity within the Powertrain category.,Powertrain,Manufacturer,Info
P3B00,Reserved For Future Use,System: Manufacturer Specific. Source: SAE J2012 / ISO 15031. This code is classified as Info-level severity within the Powertrain category.,Powertrain,Manufacturer,Info
P3C00,Reserved For Future Use,System: Manufacturer Specific. Source: SAE J2012 / ISO 15031. This code is classified as Info-level severity within the Powertrain category.,Powertrain,Manufacturer,Info
P3D00,Reserved For Future Use,System: Manufacturer Specific. Source: SAE J2012 / ISO 15031. This code is classified as Info-level severity within the Powertrain category.,Powertrain,Manufacturer,Info
P3E00,Reserved For Future Use,System: Manufacturer Specific. Source: SAE J2012 / ISO 15031. This code is classified as Info-level severity within the Powertrain category.,Powertrain,Manufacturer,Info
P3F00,Reserved For Future Use,System: Manufacturer Specific. Source: SAE J2012 / ISO 15031. This code is classified as Info-level severity within the Powertrain category.,Powertrain,Manufacturer,Info
U0001,High Speed CAN Communication Bus,System: Communication Bus. Source: SAE J2012 / ISO 15031. This code is classified as Warning-level severity within the Network category.,Network,Generic,Warning
U0002,High Speed CAN Communication Bus Performance,System: Communication Bus. Source: SAE J2012 / ISO 15031. This code is classified as Warning-level severity within the Network category.,Network,Generic,Warning
U0003,High Speed CAN Communication Bus (+) Open,System: Communication Bus. Source: SAE J2012 / ISO 15031. This code is classified as Critical-level severity within the Network category.,Network,Generic,Critical
U0004,High Speed CAN Communication Bus (+) Low,System: Communication Bus. Source: SAE J2012 / ISO 15031. This code is classified as Warning-level severity within the Network category.,Network,Generic,Warning
U0005,High Speed CAN Communication Bus (+) High,System: Communication Bus. Source: SAE J2012 / ISO 15031. This code is classified as Warning-level severity within the Network category.,Network,Generic,Warning
U0006,High Speed CAN Communication Bus (-) Open,System: Communication Bus. Source: SAE J2012 / ISO 15031. This code is classified as Critical-level severity within the Network category.,Network,Generic,Critical
U0007,High Speed CAN Communication Bus (-) Low,System: Communication Bus. Source: SAE J2012 / ISO 15031. This code is classified as Warning-level severity within the Network category.,Network,Generic,Warning
U0008,High Speed CAN Communication Bus (-) High,System: Communication Bus. Source: SAE J2012 / ISO 15031. This code is classified as Warning-level severity within the Network category.,Network,Generic,Warning
U0009,High Speed CAN Communication Bus (-) shorted to Bus (+),System: Communication Bus. Source: SAE J2012 / ISO 15031. This code is classified as Critical-level severity within the Network category.,Network,Generic,Critical
U0010,Medium Speed CAN Communication Bus,System: Communication Bus. Source: SAE J2012 / ISO 15031. This code is classified as Info-level severity within the Network category.,Network,Generic,Info
U0011,Medium Speed CAN Communication Bus Performance,System: Communication Bus. Source: SAE J2012 / ISO 15031. This code is classified as Warning-level severity within the Network category.,Network,Generic,Warning
U0012,Medium Speed CAN Communication Bus (+) Open,System: Communication Bus. Source: SAE J2012 / ISO 15031. This code is classified as Critical-level severity within the Network category.,Network,Generic,Critical
U0013,Medium Speed CAN Communication Bus (+) Low,System: Communication Bus. Source: SAE J2012 / ISO 15031. This code is classified as Warning-level severity within the Network category.,Network,Generic,Warning
U0014,Medium Speed CAN Communication Bus (+) High,System: Communication Bus. Source: SAE J2012 / ISO 15031. This code is classified as Warning-level severity within the Network category.,Network,Generic,Warning
U0015,Medium Speed CAN Communication Bus (-) Open,System: Communication Bus. Source: SAE J2012 / ISO 15031. This code is classified as Critical-level severity within the Network category.,Network,Generic,Critical
U0016,Medium Speed CAN Communication Bus (-) Low,System: Communication Bus. Source: SAE J2012 / ISO 15031. This code is classified as Warning-level severity within the Network category.,Network,Generic,Warning
U0017,Medium Speed CAN Communication Bus (-) High,System: Communication Bus. Source: SAE J2012 / ISO 15031. This code is classified as Warning-level severity within the Network category.,Network,Generic,Warning
U0018,Medium Speed CAN Communication Bus (-) shorted to Bus (+),System: Communication Bus. Source: SAE J2012 / ISO 15031. This code is classified as Critical-level severity within the Network category.,Network,Generic,Critical
U0019,Low Speed CAN Communication Bus,System: Communication Bus. Source: SAE J2012 / ISO 15031. This code is classified as Warning-level severity within the Network category.,Network,Generic,Warning
U0020,Low Speed CAN Communication Bus Performance,System: Communication Bus. Source: SAE J2012 / ISO 15031. This code is classified as Warning-level severity within the Network category.,Network,Generic,Warning
U0021,Low Speed CAN Communication Bus (+) Open,System: Communication Bus. Source: SAE J2012 / ISO 15031. This code is classified as Critical-level severity within the Network category.,Network,Generic,Critical
U0022,Low Speed CAN Communication Bus (+) Low,System: Communication Bus. Source: SAE J2012 / ISO 15031. This code is classified as Warning-level severity within the Network category.,Network,Generic,Warning
U0023,Low Speed CAN Communication Bus (+) High,System: Communication Bus. Source: SAE J2012 / ISO 15031. This code is classified as Warning-level severity within the Network category.,Network,Generic,Warning
U0024,Low Speed CAN Communication Bus (-) Open,System: Communication Bus. Source: SAE J2012 / ISO 15031. This code is classified as Critical-level severity within the Network category.,Network,Generic,Critical
U0025,Low Speed CAN Communication Bus (-) Low,System: Communication Bus. Source: SAE J2012 / ISO 15031. This code is classified as Warning-level severity within the Network category.,Network,Generic,Warning
U0026,Low Speed CAN Communication Bus (-) High,System: Communication Bus. Source: SAE J2012 / ISO 15031. This code is classified as Warning-level severity within the Network category.,Network,Generic,Warning
U0027,Low Speed CAN Communication Bus (-) shorted to Bus (+),System: Communication Bus. Source: SAE J2012 / ISO 15031. This code is classified as Critical-level severity within the Network category.,Network,Generic,Critical
U0028,Vehicle Communication Bus A,System: Communication Bus. Source: SAE J2012 / ISO 15031. This code is classified as Info-level severity within the Network category.,Network,Generic,Info
U0029,Vehicle Communication Bus A Performance,System: Communication Bus. Source: SAE J2012 / ISO 15031. This code is classified as Warning-level severity within the Network category.,Network,Generic,Warning
U0030,Vehicle Communication Bus A (+) Open,System: Communication Bus. Source: SAE J2012 / ISO 15031. This code is classified as Critical-level severity within the Network category.,Network,Generic,Critical
U0031,Vehicle Communication Bus A (+) Low,System: Communication Bus. Source: SAE J2012 / ISO 15031. This code is classified as Warning-level severity within the Network category.,Network,Generic,Warning
U0032,Vehicle Communication Bus A (+) High,System: Communication Bus. Source: SAE J2012 / ISO 15031. This code is classified as Warning-level severity within the Network category.,Network,Generic,Warning
U0033,Vehicle Communication Bus A (-) Open,System: Communication Bus. Source: SAE J2012 / ISO 15031. This code is classified as Critical-level severity within the Network category.,Network,Generic,Critical
U0034,Vehicle Communication Bus A (-) Low,System: Communication Bus. Source: SAE J2012 / ISO 15031. This code is classified as Warning-level severity within the Network category.,Network,Generic,Warning
U0035,Vehicle Communication Bus A (-) High,System: Communication Bus. Source: SAE J2012 / ISO 15031. This code is classified as Warning-level severity within the Network category.,Network,Generic,Warning
U0036,Vehicle Communication Bus A (-) shorted to Bus A (+),System: Communication Bus. Source: SAE J2012 / ISO 15031. This code is classified as Critical-level severity within the Network category.,Network,Generic,Critical
U0037,Vehicle Communication Bus B,System: Communication Bus. Source: SAE J2012 / ISO 15031. This code is classified as Info-level severity within the Network category.,Network,Generic,Info
U0038,Vehicle Communication Bus B Performance,System: Communication Bus. Source: SAE J2012 / ISO 15031. This code is classified as Warning-level severity within the Network category.,Network,Generic,Warning
U0039,Vehicle Communication Bus B (+) Open,System: Communication Bus. Source: SAE J2012 / ISO 15031. This code is classified as Critical-level severity within the Network category.,Network,Generic,Critical
U0040,Vehicle Communication Bus B (+) Low,System: Communication Bus. Source: SAE J2012 / ISO 15031. This code is classified as Warning-level severity within the Network category.,Network,Generic,Warning
U0041,Vehicle Communication Bus B (+) High,System: Communication Bus. Source: SAE J2012 / ISO 15031. This code is classified as Warning-level severity within the Network category.,Network,Generic,Warning
U0042,Vehicle Communication Bus B (-) Open,System: Communication Bus. Source: SAE J2012 / ISO 15031. This code is classified as Critical-level severity within the Network category.,Network,Generic,Critical
U0043,Vehicle Communication Bus B (-) Low,System: Communication Bus. Source: SAE J2012 / ISO 15031. This code is classified as Warning-level severity within the Network category.,Network,Generic,Warning
U0044,Vehicle Communication Bus B (-) High,System: Communication Bus. Source: SAE J2012 / ISO 15031. This code is classified as Warning-level severity within the Network category.,Network,Generic,Warning
U0045,Vehicle Communication Bus B (-) shorted to Bus B (+),System: Communication Bus. Source: SAE J2012 / ISO 15031. This code is classified as Critical-level severity within the Network category.,Network,Generic,Critical
U0046,Vehicle Communication Bus C,System: Communication Bus. Source: SAE J2012 / ISO 15031. This code is classified as Info-level severity within the Network category.,Network,Generic,Info
U0047,Vehicle Communication Bus C Performance,System: Communication Bus. Source: SAE J2012 / ISO 15031. This code is classified as Warning-level severity within the Network category.,Network,Generic,Warning
U0048,Vehicle Communication Bus C (+) Open,System: Communication Bus. Source: SAE J2012 / ISO 15031. This code is classified as Critical-level severity within the Network category.,Network,Generic,Critical
U0049,Vehicle Communication Bus C (+) Low,System: Communication Bus. Source: SAE J2012 / ISO 15031. This code is classified as Warning-level severity within the Network category.,Network,Generic,Warning
U0050,Vehicle Communication Bus C (+) High,System: Communication Bus. Source: SAE J2012 / ISO 15031. This code is classified as Warning-level severity within the Network category.,Network,Generic,Warning
U0051,Vehicle Communication Bus C (-) Open,System: Communication Bus. Source: SAE J2012 / ISO 15031. This code is classified as Critical-level severity within the Network category.,Network,Generic,Critical
U0052,Vehicle Communication Bus C (-) Low,System: Communication Bus. Source: SAE J2012 / ISO 15031. This code is classified as Warning-level severity within the Network category.,Network,Generic,Warning
U0053,Vehicle Communication Bus C (-) High,System: Communication Bus. Source: SAE J2012 / ISO 15031. This code is classified as Warning-level severity within the Network category.,Network,Generic,Warning
U0054,Vehicle Communication Bus C (-) shorted to Bus C (+),System: Communication Bus. Source: SAE J2012 / ISO 15031. This code is classified as Critical-level severity within the Network category.,Network,Generic,Critical
U0055,Vehicle Communication Bus D,System: Communication Bus. Source: SAE J2012 / ISO 15031. This code is classified as Info-level severity within the Network category.,Network,Generic,Info
U0056,Vehicle Communication Bus D Performance,System: Communication Bus. Source: SAE J2012 / ISO 15031. This code is classified as Warning-level severity within the Network category.,Network,Generic,Warning
U0057,Vehicle Communication Bus D (+) Open,System: Communication Bus. Source: SAE J2012 / ISO 15031. This code is classified as Critical-level severity within the Network category.,Network,Generic,Critical
U0058,Vehicle Communication Bus D (+) Low,System: Communication Bus. Source: SAE J2012 / ISO 15031. This code is classified as Warning-level severity within the Network category.,Network,Generic,Warning
U0059,Vehicle Communication Bus D (+) High,System: Communication Bus. Source: SAE J2012 / ISO 15031. This code is classified as Warning-level severity within the Network category.,Network,Generic,Warning
U0060,Vehicle Communication Bus D (-) Open,System: Communication Bus. Source: SAE J2012 / ISO 15031. This code is classified as Critical-level severity within the Network category.,Network,Generic,Critical
U0061,Vehicle Communication Bus D (-) Low,System: Communication Bus. Source: SAE J2012 / ISO 15031. This code is classified as Warning-level severity within the Network category.,Network,Generic,Warning
U0062,Vehicle Communication Bus D (-) High,System: Communication Bus. Source: SAE J2012 / ISO 15031. This code is classified as Warning-level severity within the Network category.,Network,Generic,Warning
U0063,Vehicle Communication Bus D (-) shorted to Bus D (+),System: Communication Bus. Source: SAE J2012 / ISO 15031. This code is classified as Critical-level severity within the Network category.,Network,Generic,Critical
U0064,Vehicle Communication Bus E,System: Communication Bus. Source: SAE J2012 / ISO 15031. This code is classified as Info-level severity within the Network category.,Network,Generic,Info
U0065,Vehicle Communication Bus E Performance,System: Communication Bus. Source: SAE J2012 / ISO 15031. This code is classified as Warning-level severity within the Network category.,Network,Generic,Warning
U0066,Vehicle Communication Bus E (+) Open,System: Communication Bus. Source: SAE J2012 / ISO 15031. This code is classified as Critical-level severity within the Network category.,Network,Generic,Critical
U0067,Vehicle Communication Bus E (+) Low,System: Communication Bus. Source: SAE J2012 / ISO 15031. This code is classified as Warning-level severity within the Network category.,Network,Generic,Warning
U0068,Vehicle Communication Bus E (+) High,System: Communication Bus. Source: SAE J2012 / ISO 15031. This code is classified as Warning-level severity within the Network category.,Network,Generic,Warning
U0069,Vehicle Communication Bus E (-) Open,System: Communication Bus. Source: SAE J2012 / ISO 15031. This code is classified as Critical-level severity within the Network category.,Network,Generic,Critical
U0070,Vehicle Communication Bus E (-) Low,System: Communication Bus. Source: SAE J2012 / ISO 15031. This code is classified as Warning-level severity within the Network category.,Network,Generic,Warning
U0071,Vehicle Communication Bus E (-) High,System: Communication Bus. Source: SAE J2012 / ISO 15031. This code is classified as Warning-level severity within the Network category.,Network,Generic,Warning
U0072,Vehicle Communication Bus E (-) shorted to Bus E (+),System: Communication Bus. Source: SAE J2012 / ISO 15031. This code is classified as Critical-level severity within the Network category.,Network,Generic,Critical
U0073,"Control Module Communication Bus ""A"" Off",System: Communication Bus. Source: SAE J2012 / ISO 15031. This code is classified as Info-level severity within the Network category.,Network,Generic,Info
U0074,"Control Module Communication Bus ""B"" Off",System: Communication Bus. Source: SAE J2012 / ISO 15031. This code is classified as Info-level severity within the Network category.,Network,Generic,Info
U0100,"Lost Communication With ECM/PCM ""A""",System: Communication Bus. Source: SAE J2012 / ISO 15031. This code is classified as Info-level severity within the Network category.,Network,Generic,Info
U0101,Lost Communication With Transmission Control Module,System: Communication Bus. Source: SAE J2012 / ISO 15031. This code is classified as Info-level severity within the Network category.,Network,Generic,Info
U0102,Lost Communication with Transfer Case Control Module,System: Communication Bus. Source: SAE J2012 / ISO 15031. This code is classified as Info-level severity within the Network category.,Network,Generic,Info
U0103,"Lost Communication With Gear Shift Control Module ""A""",System: Communication Bus. Source: SAE J2012 / ISO 15031. This code is classified as Info-level severity within the Network category.,Network,Generic,Info
U0104,Lost Communication With Cruise Control Module,System: Communication Bus. Source: SAE J2012 / ISO 15031. This code is classified as Info-level severity within the Network category.,Network,Generic,Info
U0105,Lost Communication With Fuel Injector Control Module,System: Communication Bus. Source: SAE J2012 / ISO 15031. This code is classified as Info-level severity within the Network category.,Network,Generic,Info
U0106,Lost Communication With Glow Plug Control Module,System: Communication Bus. Source: SAE J2012 / ISO 15031. This code is classified as Warning-level severity within the Network category.,Network,Generic,Warning
U0107,Lost Communication With Throttle Actuator Control Module,System: Communication Bus. Source: SAE J2012 / ISO 15031. This code is classified as Info-level severity within the Network category.,Network,Generic,Info
U0108,Lost Communication With Alternative Fuel Control Module,System: Communication Bus. Source: SAE J2012 / ISO 15031. This code is classified as Info-level severity within the Network category.,Network,Generic,Info
U0109,Lost Communication With Fuel Pump Control Module,System: Communication Bus. Source: SAE J2012 / ISO 15031. This code is classified as Info-level severity within the Network category.,Network,Generic,Info
U010A,Lost Communication With Exhaust Gas Recirculation Control Module,System: Communication Bus. Source: SAE J2012 / ISO 15031. This code is classified as Info-level severity within the Network category.,Network,Generic,Info
U010B,Lost Communication With Exhaust Gas Recirculation Control Module,System: Communication Bus. Source: SAE J2012 / ISO 15031. This code is classified as Info-level severity within the Network category.,Network,Generic,Info
U010C,Lost Communication With Turbocharger/Supercharger Control,System: Communication Bus. Source: SAE J2012 / ISO 15031. This code is classified as Info-level severity within the Network category.,Network,Generic,Info
U010D,Lost Communication With Turbocharger/Supercharger Control,System: Communication Bus. Source: SAE J2012 / ISO 15031. This code is classified as Info-level severity within the Network category.,Network,Generic,Info
U010E,Lost Communication With Reductant Control Module,System: Communication Bus. Source: SAE J2012 / ISO 15031. This code is classified as Info-level severity within the Network category.,Network,Generic,Info
U010F,Lost Communication With Air Conditioning Control Module,System: Communication Bus. Source: SAE J2012 / ISO 15031. This code is classified as Info-level severity within the Network category.,Network,Generic,Info
U0110,"Lost Communication With Drive Motor Control Module ""A""",System: Communication Bus. Source: SAE J2012 / ISO 15031. This code is classified as Info-level severity within the Network category.,Network,Generic,Info
U0111,"Lost Communication With Battery Energy Control Module ""A""",System: Communication Bus. Source: SAE J2012 / ISO 15031. This code is classified as Info-level severity within the Network category.,Network,Generic,Info
U0112,"Lost Communication With Battery Energy Control Module ""B""",System: Communication Bus. Source: SAE J2012 / ISO 15031. This code is classified as Info-level severity within the Network category.,Network,Generic,Info
U0113,Lost Communication With Emissions Critical Control Information,System: Communication Bus. Source: SAE J2012 / ISO 15031. This code is classified as Info-level severity within the Network category.,Network,Generic,Info
U0114,Lost Communication With Four-Wheel Drive Clutch Control Module,System: Communication Bus. Source: SAE J2012 / ISO 15031. This code is classified as Info-level severity within the Network category.,Network,Generic,Info
U0115,"Lost Communication With ECM/PCM ""B""",System: Communication Bus. Source: SAE J2012 / ISO 15031. This code is classified as Info-level severity within the Network category.,Network,Generic,Info
U0116,Lost Communication With Coolant Temperature Control Module,System: Communication Bus. Source: SAE J2012 / ISO 15031. This code is classified as Info-level severity within the Network category.,Network,Generic,Info
U0117,Lost Communication With PTO Control Module,System: Communication Bus. Source: SAE J2012 / ISO 15031. This code is classified as Info-level severity within the Network category.,Network,Generic,Info
U0118,Lost Communication With Fuel Additive Control Module,System: Communication Bus. Source: SAE J2012 / ISO 15031. This code is classified as Info-level severity within the Network category.,Network,Generic,Info
U0119,Lost Communication With Fuel Cell Control Module,System: Communication Bus. Source: SAE J2012 / ISO 15031. This code is classified as Info-level severity within the Network category.,Network,Generic,Info
U011A,Lost Communication With Exhaust Gas Sensor Module,System: Communication Bus. Source: SAE J2012 / ISO 15031. This code is classified as Info-level severity within the Network category.,Network,Generic,Info
U011B,"Lost Communication With Rocker Arm Control Module ""A""",System: Communication Bus. Source: SAE J2012 / ISO 15031. This code is classified as Info-level severity within the Network category.,Network,Generic,Info
U011C,"Lost Communication With Rocker Arm Control Module ""B""",System: Communication Bus. Source: SAE J2012 / ISO 15031. This code is classified as Info-level severity within the Network category.,Network,Generic,Info
U011D,Lost Communication With All Wheel Drive Control Module,System: Communication Bus. Source: SAE J2012 / ISO 15031. This code is classified as Info-level severity within the Network category.,Network,Generic,Info
U0120,Lost Communication With Starter / Generator Control Module,System: Communication Bus. Source: SAE J2012 / ISO 15031. This code is classified as Info-level severity within the Network category.,Network,Generic,Info
U0121,Lost Communication With Anti-Lock Brake System Control Module,System: Communication Bus. Source: SAE J2012 / ISO 15031. This code is classified as Info-level severity within the Network category.,Network,Generic,Info
U0122,Lost Communication With Vehicle Dynamics Control Module,System: Communication Bus. Source: SAE J2012 / ISO 15031. This code is classified as Info-level severity within the Network category.,Network,Generic,Info
U0123,Lost Communication With Yaw Rate Sensor Module,System: Communication Bus. Source: SAE J2012 / ISO 15031. This code is classified as Info-level severity within the Network category.,Network,Generic,Info
U0124,Lost Communication With Lateral Acceleration Sensor Module,System: Communication Bus. Source: SAE J2012 / ISO 15031. This code is classified as Info-level severity within the Network category.,Network,Generic,Info
U0125,Lost Communication With Multi-axis Acceleration Sensor Module,System: Communication Bus. Source: SAE J2012 / ISO 15031. This code is classified as Info-level severity within the Network category.,Network,Generic,Info
U0126,Lost Communication With Steering Angle Sensor Module,System: Communication Bus. Source: SAE J2012 / ISO 15031. This code is classified as Info-level severity within the Network category.,Network,Generic,Info
U0127,Lost Communication With Tire Pressure Monitor Module,System: Communication Bus. Source: SAE J2012 / ISO 15031. This code is classified as Info-level severity within the Network category.,Network,Generic,Info
U0128,Lost Communication With Park Brake Control Module,System: Communication Bus. Source: SAE J2012 / ISO 15031. This code is classified as Info-level severity within the Network category.,Network,Generic,Info
U0129,Lost Communication With Brake System Control Module,System: Communication Bus. Source: SAE J2012 / ISO 15031. This code is classified as Info-level severity within the Network category.,Network,Generic,Info
U0130,Lost Communication With Steering Effort Control Module,System: Communication Bus. Source: SAE J2012 / ISO 15031. This code is classified as Info-level severity within the Network category.,Network,Generic,Info
U0131,Lost Communication With Power Steering Control Module,System: Communication Bus. Source: SAE J2012 / ISO 15031. This code is classified as Info-level severity within the Network category.,Network,Generic,Info
U0132,"Lost Communication With Suspension Control Module ""A""",System: Communication Bus. Source: SAE J2012 / ISO 15031. This code is classified as Info-level severity within the Network category.,Network,Generic,Info
U0133,Lost Communication With Active Roll Control Module,System: Communication Bus. Source: SAE J2012 / ISO 15031. This code is classified as Info-level severity within the Network category.,Network,Generic,Info
U0134,Lost Communication With Power Steering Control Module,System: Communication Bus. Source: SAE J2012 / ISO 15031. This code is classified as Info-level severity within the Network category.,Network,Generic,Info
U0135,Lost Communication With Differential Control Module,System: Communication Bus. Source: SAE J2012 / ISO 15031. This code is classified as Info-level severity within the Network category.,Network,Generic,Info
U0136,Lost Communication With Differential Control Module,System: Communication Bus. Source: SAE J2012 / ISO 15031. This code is classified as Info-level severity within the Network category.,Network,Generic,Info
U0137,Lost Communication With Trailer Brake Control Module,System: Communication Bus. Source: SAE J2012 / ISO 15031. This code is classified as Info-level severity within the Network category.,Network,Generic,Info
U0138,Lost Communication With All Terrain Control Module,System: Communication Bus. Source: SAE J2012 / ISO 15031. This code is classified as Info-level severity within the Network category.,Network,Generic,Info
U0139,"Lost Communication With Suspension Control Module ""B""",System: Communication Bus. Source: SAE J2012 / ISO 15031. This code is classified as Info-level severity within the Network category.,Network,Generic,Info
U0140,Lost Communication With Body Control Module,System: Communication Bus. Source: SAE J2012 / ISO 15031. This code is classified as Info-level severity within the Network category.,Network,Generic,Info
U0141,"Lost Communication With Body Control Module ""A""",System: Communication Bus. Source: SAE J2012 / ISO 15031. This code is classified as Info-level severity within the Network category.,Network,Generic,Info
U0142,"Lost Communication With Body Control Module ""B""",System: Communication Bus. Source: SAE J2012 / ISO 15031. This code is classified as Info-level severity within the Network category.,Network,Generic,Info
U0143,"Lost Communication With Body Control Module ""C""",System: Communication Bus. Source: SAE J2012 / ISO 15031. This code is classified as Info-level severity within the Network category.,Network,Generic,Info
U0144,"Lost Communication With Body Control Module ""D""",System: Communication Bus. Source: SAE J2012 / ISO 15031. This code is classified as Info-level severity within the Network category.,Network,Generic,Info
U0145,"Lost Communication With Body Control Module ""E""",System: Communication Bus. Source: SAE J2012 / ISO 15031. This code is classified as Info-level severity within the Network category.,Network,Generic,Info
U0146,"Lost Communication With Gateway ""A""",System: Communication Bus. Source: SAE J2012 / ISO 15031. This code is classified as Info-level severity within the Network category.,Network,Generic,Info
U0147,"Lost Communication With Gateway ""B""",System: Communication Bus. Source: SAE J2012 / ISO 15031. This code is classified as Info-level severity within the Network category.,Network,Generic,Info
U0148,"Lost Communication With Gateway ""C""",System: Communication Bus. Source: SAE J2012 / ISO 15031. This code is classified as Info-level severity within the Network category.,Network,Generic,Info
U0149,"Lost Communication With Gateway ""D""",System: Communication Bus. Source: SAE J2012 / ISO 15031. This code is classified as Info-level severity within the Network category.,Network,Generic,Info
U0150,"Lost Communication With Gateway ""E""",System: Communication Bus. Source: SAE J2012 / ISO 15031. This code is classified as Info-level severity within the Network category.,Network,Generic,Info
U0151,Lost Communication With Restraints Control Module,System: Communication Bus. Source: SAE J2012 / ISO 15031. This code is classified as Info-level severity within the Network category.,Network,Generic,Info
U0152,Lost Communication With Side Restraints Control Module,System: Communication Bus. Source: SAE J2012 / ISO 15031. This code is classified as Info-level severity within the Network category.,Network,Generic,Info
U0153,Lost Communication With Side Restraints Control Module,System: Communication Bus. Source: SAE J2012 / ISO 15031. This code is classified as Info-level severity within the Network category.,Network,Generic,Info
U0154,Lost Communication With Restraints Occupant Classification System,System: Communication Bus. Source: SAE J2012 / ISO 15031. This code is classified as Info-level severity within the Network category.,Network,Generic,Info
U0155,Lost Communication With Instrument Panel Control Module,System: Communication Bus. Source: SAE J2012 / ISO 15031. This code is classified as Info-level severity within the Network category.,Network,Generic,Info
U0156,"Lost Communication With Information Center ""A""",System: Communication Bus. Source: SAE J2012 / ISO 15031. This code is classified as Info-level severity within the Network category.,Network,Generic,Info
U0157,"Lost Communication With Information Center ""B""",System: Communication Bus. Source: SAE J2012 / ISO 15031. This code is classified as Info-level severity within the Network category.,Network,Generic,Info
U0158,Lost Communication With Head Up Display,System: Communication Bus. Source: SAE J2012 / ISO 15031. This code is classified as Info-level severity within the Network category.,Network,Generic,Info
U0159,"Lost Communication With Parking Assist Control Module ""A""",System: Communication Bus. Source: SAE J2012 / ISO 15031. This code is classified as Info-level severity within the Network category.,Network,Generic,Info
U0160,Lost Communication With Audible Alert Control Module,System: Communication Bus. Source: SAE J2012 / ISO 15031. This code is classified as Info-level severity within the Network category.,Network,Generic,Info
U0161,Lost Communication With Compass Module,System: Communication Bus. Source: SAE J2012 / ISO 15031. This code is classified as Info-level severity within the Network category.,Network,Generic,Info
U0162,Lost Communication With Navigation Display Module,System: Communication Bus. Source: SAE J2012 / ISO 15031. This code is classified as Info-level severity within the Network category.,Network,Generic,Info
U0163,Lost Communication With Navigation Control Module,System: Communication Bus. Source: SAE J2012 / ISO 15031. This code is classified as Info-level severity within the Network category.,Network,Generic,Info
U0164,Lost Communication With HVAC Control Module,System: Communication Bus. Source: SAE J2012 / ISO 15031. This code is classified as Info-level severity within the Network category.,Network,Generic,Info
U0165,Lost Communication With HVAC Control Module,System: Communication Bus. Source: SAE J2012 / ISO 15031. This code is classified as Info-level severity within the Network category.,Network,Generic,Info
U0166,Lost Communication With AUXILIARY Heater Control Module,System: Communication Bus. Source: SAE J2012 / ISO 15031. This code is classified as Info-level severity within the Network category.,Network,Generic,Info
U0167,Lost Communication With Vehicle Immobilizer Control Module,System: Communication Bus. Source: SAE J2012 / ISO 15031. This code is classified as Info-level severity within the Network category.,Network,Generic,Info
U0168,Lost Communication With Vehicle Security Control Module,System: Communication Bus. Source: SAE J2012 / ISO 15031. This code is classified as Info-level severity within the Network category.,Network,Generic,Info
U0169,Lost Communication With Sunroof Control Module,System: Communication Bus. Source: SAE J2012 / ISO 15031. This code is classified as Info-level severity within the Network category.,Network,Generic,Info
U016A,Lost Communication With Global Positioning System Module,System: Communication Bus. Source: SAE J2012 / ISO 15031. This code is classified as Info-level severity within the Network category.,Network,Generic,Info
U0170,"Lost Communication With ""Restraints System Sensor A""",System: Communication Bus. Source: SAE J2012 / ISO 15031. This code is classified as Info-level severity within the Network category.,Network,Generic,Info
U0171,"Lost Communication With ""Restraints System Sensor B""",System: Communication Bus. Source: SAE J2012 / ISO 15031. This code is classified as Info-level severity within the Network category.,Network,Generic,Info
U0172,"Lost Communication With ""Restraints System Sensor C""",System: Communication Bus. Source: SAE J2012 / ISO 15031. This code is classified as Info-level severity within the Network category.,Network,Generic,Info
U0173,"Lost Communication With ""Restraints System Sensor D""",System: Communication Bus. Source: SAE J2012 / ISO 15031. This code is classified as Info-level severity within the Network category.,Network,Generic,Info
U0174,"Lost Communication With ""Restraints System Sensor E""",System: Communication Bus. Source: SAE J2012 / ISO 15031. This code is classified as Info-level severity within the Network category.,Network,Generic,Info
U0175,"Lost Communication With ""Restraints System Sensor F""",System: Communication Bus. Source: SAE J2012 / ISO 15031. This code is classified as Info-level severity within the Network category.,Network,Generic,Info
U0176,"Lost Communication With ""Restraints System Sensor G""",System: Communication Bus. Source: SAE J2012 / ISO 15031. This code is classified as Info-level severity within the Network category.,Network,Generic,Info
U0177,"Lost Communication With ""Restraints System Sensor H""",System: Communication Bus. Source: SAE J2012 / ISO 15031. This code is classified as Info-level severity within the Network category.,Network,Generic,Info
U0178,"Lost Communication With ""Restraints System Sensor I""",System: Communication Bus. Source: SAE J2012 / ISO 15031. This code is classified as Info-level severity within the Network category.,Network,Generic,Info
U0179,"Lost Communication With ""Restraints System Sensor J""",System: Communication Bus. Source: SAE J2012 / ISO 15031. This code is classified as Info-level severity within the Network category.,Network,Generic,Info
U017A,"Lost Communication With ""Restraints System Sensor K""",System: Communication Bus. Source: SAE J2012 / ISO 15031. This code is classified as Info-level severity within the Network category.,Network,Generic,Info
U017B,"Lost Communication With ""Restraints System Sensor L""",System: Communication Bus. Source: SAE J2012 / ISO 15031. This code is classified as Info-level severity within the Network category.,Network,Generic,Info
U017C,"Lost Communication With ""Restraints System Sensor M""",System: Communication Bus. Source: SAE J2012 / ISO 15031. This code is classified as Info-level severity within the Network category.,Network,Generic,Info
U017D,"Lost Communication With ""Restraints System Sensor N""",System: Communication Bus. Source: SAE J2012 / ISO 15031. This code is classified as Info-level severity within the Network category.,Network,Generic,Info
U017E,"Lost Communication With Seatbelt Pretensioner Module ""A""",System: Communication Bus. Source: SAE J2012 / ISO 15031. This code is classified as Info-level severity within the Network category.,Network,Generic,Info
U017F,"Lost Communication With Seatbelt Pretensioner Module ""B""",System: Communication Bus. Source: SAE J2012 / ISO 15031. This code is classified as Info-level severity within the Network category.,Network,Generic,Info
U0180,Lost Communication With Automatic Lighting Control Module,System: Communication Bus. Source: SAE J2012 / ISO 15031. This code is classified as Info-level severity within the Network category.,Network,Generic,Info
U0181,Lost Communication With Headlamp Leveling Control Module,System: Communication Bus. Source: SAE J2012 / ISO 15031. This code is classified as Info-level severity within the Network category.,Network,Generic,Info
U0182,Lost Communication With Lighting Control Module,System: Communication Bus. Source: SAE J2012 / ISO 15031. This code is classified as Info-level severity within the Network category.,Network,Generic,Info
U0183,Lost Communication With Lighting Control Module,System: Communication Bus. Source: SAE J2012 / ISO 15031. This code is classified as Info-level severity within the Network category.,Network,Generic,Info
U0184,Lost Communication With Radio,System: Communication Bus. Source: SAE J2012 / ISO 15031. This code is classified as Info-level severity within the Network category.,Network,Generic,Info
U0185,Lost Communication With Antenna Control Module,System: Communication Bus. Source: SAE J2012 / ISO 15031. This code is classified as Info-level severity within the Network category.,Network,Generic,Info
U0186,"Lost Communication With Audio Amplifier ""A""",System: Communication Bus. Source: SAE J2012 / ISO 15031. This code is classified as Info-level severity within the Network category.,Network,Generic,Info
U0187,"Lost Communication With Digital Disc Player/Changer Module ""A""",System: Communication Bus. Source: SAE J2012 / ISO 15031. This code is classified as Info-level severity within the Network category.,Network,Generic,Info
U0188,"Lost Communication With Digital Disc Player/Changer Module ""B""",System: Communication Bus. Source: SAE J2012 / ISO 15031. This code is classified as Info-level severity within the Network category.,Network,Generic,Info
U0189,"Lost Communication With Digital Disc Player/Changer Module ""C""",System: Communication Bus. Source: SAE J2012 / ISO 15031. This code is classified as Info-level severity within the Network category.,Network,Generic,Info
U0190,"Lost Communication With Digital Disc Player/Changer Module ""D""",System: Communication Bus. Source: SAE J2012 / ISO 15031. This code is classified as Info-level severity within the Network category.,Network,Generic,Info
U0191,Lost Communication With Television,System: Communication Bus. Source: SAE J2012 / ISO 15031. This code is classified as Info-level severity within the Network category.,Network,Generic,Info
U0192,Lost Communication With Personal Computer,System: Communication Bus. Source: SAE J2012 / ISO 15031. This code is classified as Info-level severity within the Network category.,Network,Generic,Info
U0193,"Lost Communication With ""Digital Audio Control Module A""",System: Communication Bus. Source: SAE J2012 / ISO 15031. This code is classified as Info-level severity within the Network category.,Network,Generic,Info
U0194,"Lost Communication With ""Digital Audio Control Module B""",System: Communication Bus. Source: SAE J2012 / ISO 15031. This code is classified as Info-level severity within the Network category.,Network,Generic,Info
U0195,Lost Communication With Subscription Entertainment Receiver,System: Communication Bus. Source: SAE J2012 / ISO 15031. This code is classified as Info-level severity within the Network category.,Network,Generic,Info
U0196,Lost Communication With Entertainment Control Module,System: Communication Bus. Source: SAE J2012 / ISO 15031. This code is classified as Info-level severity within the Network category.,Network,Generic,Info
U0197,Lost Communication With Telephone Control Module,System: Communication Bus. Source: SAE J2012 / ISO 15031. This code is classified as Info-level severity within the Network category.,Network,Generic,Info
U0198,Lost Communication With Telematic Control Module,System: Communication Bus. Source: SAE J2012 / ISO 15031. This code is classified as Info-level severity within the Network category.,Network,Generic,Info
U0199,"Lost Communication With ""Door Control Module A""",System: Communication Bus. Source: SAE J2012 / ISO 15031. This code is classified as Info-level severity within the Network category.,Network,Generic,Info
U0200,"Lost Communication With ""Door Control Module B""",System: Communication Bus. Source: SAE J2012 / ISO 15031. This code is classified as Info-level severity within the Network category.,Network,Generic,Info
U0201,"Lost Communication With ""Door Control Module C""",System: Communication Bus. Source: SAE J2012 / ISO 15031. This code is classified as Info-level severity within the Network category.,Network,Generic,Info
U0202,"Lost Communication With ""Door Control Module D""",System: Communication Bus. Source: SAE J2012 / ISO 15031. This code is classified as Info-level severity within the Network category.,Network,Generic,Info
U0203,"Lost Communication With ""Door Control Module E""",System: Communication Bus. Source: SAE J2012 / ISO 15031. This code is classified as Info-level severity within the Network category.,Network,Generic,Info
U0204,"Lost Communication With ""Door Control Module F""",System: Communication Bus. Source: SAE J2012 / ISO 15031. This code is classified as Info-level severity within the Network category.,Network,Generic,Info
U0205,"Lost Communication With ""Door Control Module G""",System: Communication Bus. Source: SAE J2012 / ISO 15031. This code is classified as Info-level severity within the Network category.,Network,Generic,Info
U0206,Lost Communication With Folding Top Control Module,System: Communication Bus. Source: SAE J2012 / ISO 15031. This code is classified as Info-level severity within the Network category.,Network,Generic,Info
U0207,Lost Communication With Moveable Roof Control Module,System: Communication Bus. Source: SAE J2012 / ISO 15031. This code is classified as Info-level severity within the Network category.,Network,Generic,Info
U0208,"Lost Communication With ""Seat Control Module A""",System: Communication Bus. Source: SAE J2012 / ISO 15031. This code is classified as Info-level severity within the Network category.,Network,Generic,Info
U0209,"Lost Communication With ""Seat Control Module B""",System: Communication Bus. Source: SAE J2012 / ISO 15031. This code is classified as Info-level severity within the Network category.,Network,Generic,Info
U0210,"Lost Communication With ""Seat Control Module C""",System: Communication Bus. Source: SAE J2012 / ISO 15031. This code is classified as Info-level severity within the Network category.,Network,Generic,Info
U0211,"Lost Communication With ""Seat Control Module D""",System: Communication Bus. Source: SAE J2012 / ISO 15031. This code is classified as Info-level severity within the Network category.,Network,Generic,Info
U0212,Lost Communication With Steering Column Control Module,System: Communication Bus. Source: SAE J2012 / ISO 15031. This code is classified as Info-level severity within the Network category.,Network,Generic,Info
U0213,Lost Communication With Mirror Control Module,System: Communication Bus. Source: SAE J2012 / ISO 15031. This code is classified as Info-level severity within the Network category.,Network,Generic,Info
U0214,Lost Communication With Remote Function Actuation,System: Communication Bus. Source: SAE J2012 / ISO 15031. This code is classified as Info-level severity within the Network category.,Network,Generic,Info
U0215,"Lost Communication With ""Door Switch A""",System: Communication Bus. Source: SAE J2012 / ISO 15031. This code is classified as Info-level severity within the Network category.,Network,Generic,Info
U0216,"Lost Communication With ""Door Switch B""",System: Communication Bus. Source: SAE J2012 / ISO 15031. This code is classified as Info-level severity within the Network category.,Network,Generic,Info
U0217,"Lost Communication With ""Door Switch C""",System: Communication Bus. Source: SAE J2012 / ISO 15031. This code is classified as Info-level severity within the Network category.,Network,Generic,Info
U0218,"Lost Communication With ""Door Switch D""",System: Communication Bus. Source: SAE J2012 / ISO 15031. This code is classified as Info-level severity within the Network category.,Network,Generic,Info
U0219,"Lost Communication With ""Door Switch E""",System: Communication Bus. Source: SAE J2012 / ISO 15031. This code is classified as Info-level severity within the Network category.,Network,Generic,Info
U0220,"Lost Communication With ""Door Switch F""",System: Communication Bus. Source: SAE J2012 / ISO 15031. This code is classified as Info-level severity within the Network category.,Network,Generic,Info
U0221,"Lost Communication With ""Door Switch G""",System: Communication Bus. Source: SAE J2012 / ISO 15031. This code is classified as Info-level severity within the Network category.,Network,Generic,Info
U0222,"Lost Communication With ""Door Window Motor A""",System: Communication Bus. Source: SAE J2012 / ISO 15031. This code is classified as Info-level severity within the Network category.,Network,Generic,Info
U0223,"Lost Communication With ""Door Window Motor B""",System: Communication Bus. Source: SAE J2012 / ISO 15031. This code is classified as Info-level severity within the Network category.,Network,Generic,Info
U0224,"Lost Communication With ""Door Window Motor C""",System: Communication Bus. Source: SAE J2012 / ISO 15031. This code is classified as Info-level severity within the Network category.,Network,Generic,Info
U0225,"Lost Communication With ""Door Window Motor D""",System: Communication Bus. Source: SAE J2012 / ISO 15031. This code is classified as Info-level severity within the Network category.,Network,Generic,Info
U0226,"Lost Communication With ""Door Window Motor E""",System: Communication Bus. Source: SAE J2012 / ISO 15031. This code is classified as Info-level severity within the Network category.,Network,Generic,Info
U0227,"Lost Communication With ""Door Window Motor F""",System: Communication Bus. Source: SAE J2012 / ISO 15031. This code is classified as Info-level severity within the Network category.,Network,Generic,Info
U0228,"Lost Communication With ""Door Window Motor G""",System: Communication Bus. Source: SAE J2012 / ISO 15031. This code is classified as Info-level severity within the Network category.,Network,Generic,Info
U0229,Lost Communication With Heated Steering Wheel Module,System: Communication Bus. Source: SAE J2012 / ISO 15031. This code is classified as Info-level severity within the Network category.,Network,Generic,Info
U0230,Lost Communication With Rear Gate Module,System: Communication Bus. Source: SAE J2012 / ISO 15031. This code is classified as Info-level severity within the Network category.,Network,Generic,Info
U0231,Lost Communication With Rain Sensing Module,System: Communication Bus. Source: SAE J2012 / ISO 15031. This code is classified as Info-level severity within the Network category.,Network,Generic,Info
U0232,Lost Communication With Side Obstacle Detection Control Module,System: Communication Bus. Source: SAE J2012 / ISO 15031. This code is classified as Info-level severity within the Network category.,Network,Generic,Info
U0233,Lost Communication With Side Obstacle Detection Control Module,System: Communication Bus. Source: SAE J2012 / ISO 15031. This code is classified as Info-level severity within the Network category.,Network,Generic,Info
U0234,Lost Communication With Convenience Recall Module,System: Communication Bus. Source: SAE J2012 / ISO 15031. This code is classified as Info-level severity within the Network category.,Network,Generic,Info
U0235,Lost Communication With Cruise Control Front Distance Range,System: Communication Bus. Source: SAE J2012 / ISO 15031. This code is classified as Warning-level severity within the Network category.,Network,Generic,Warning
U0236,Lost Communication With Column Lock Module,System: Communication Bus. Source: SAE J2012 / ISO 15031. This code is classified as Info-level severity within the Network category.,Network,Generic,Info
U0237,"Lost Communication With ""Digital Audio Control Module C""",System: Communication Bus. Source: SAE J2012 / ISO 15031. This code is classified as Info-level severity within the Network category.,Network,Generic,Info
U0238,"Lost Communication With ""Digital Audio Control Module D""",System: Communication Bus. Source: SAE J2012 / ISO 15031. This code is classified as Info-level severity within the Network category.,Network,Generic,Info
U0239,"Lost Communication With Entrapment Control Module ""A""",System: Communication Bus. Source: SAE J2012 / ISO 15031. This code is classified as Info-level severity within the Network category.,Network,Generic,Info
U023A,"Lost Communication With Image Processing Module ""A""",System: Communication Bus. Source: SAE J2012 / ISO 15031. This code is classified as Info-level severity within the Network category.,Network,Generic,Info
U023B,"Lost Communication With Image Processing Module ""B""",System: Communication Bus. Source: SAE J2012 / ISO 15031. This code is classified as Info-level severity within the Network category.,Network,Generic,Info
U023C,"Lost Communication With Image Processing Module ""C""",System: Communication Bus. Source: SAE J2012 / ISO 15031. This code is classified as Info-level severity within the Network category.,Network,Generic,Info
U023D,Lost Communication With Cruise Control Front Distance Range,System: Communication Bus. Source: SAE J2012 / ISO 15031. This code is classified as Warning-level severity within the Network category.,Network,Generic,Warning
U023E,Lost Communication With Cruise Control Front Distance Range,System: Communication Bus. Source: SAE J2012 / ISO 15031. This code is classified as Warning-level severity within the Network category.,Network,Generic,Warning
U0240,"Lost Communication With Entrapment Control Module ""B""",System: Communication Bus. Source: SAE J2012 / ISO 15031. This code is classified as Info-level severity within the Network category.,Network,Generic,Info
U0241,"Lost Communication With Headlamp Control Module ""A""",System: Communication Bus. Source: SAE J2012 / ISO 15031. This code is classified as Info-level severity within the Network category.,Network,Generic,Info
U0242,"Lost Communication With Headlamp Control Module ""B""",System: Communication Bus. Source: SAE J2012 / ISO 15031. This code is classified as Info-level severity within the Network category.,Network,Generic,Info
U0243,"Lost Communication With Parking Assist Control Module ""B""",System: Communication Bus. Source: SAE J2012 / ISO 15031. This code is classified as Info-level severity within the Network category.,Network,Generic,Info
U0244,"Lost Communication With Running Board Control Module ""A""",System: Communication Bus. Source: SAE J2012 / ISO 15031. This code is classified as Info-level severity within the Network category.,Network,Generic,Info
U0245,Lost Communication With Entertainment Control Module,System: Communication Bus. Source: SAE J2012 / ISO 15031. This code is classified as Info-level severity within the Network category.,Network,Generic,Info
U0246,"Lost Communication With ""Seat Control Module E""",System: Communication Bus. Source: SAE J2012 / ISO 15031. This code is classified as Info-level severity within the Network category.,Network,Generic,Info
U0247,"Lost Communication With ""Seat Control Module F""",System: Communication Bus. Source: SAE J2012 / ISO 15031. This code is classified as Info-level severity within the Network category.,Network,Generic,Info
U0248,Lost Communication With Remote Accessory Module,System: Communication Bus. Source: SAE J2012 / ISO 15031. This code is classified as Info-level severity within the Network category.,Network,Generic,Info
U0249,Lost Communication With Entertainment Control Module,System: Communication Bus. Source: SAE J2012 / ISO 15031. This code is classified as Info-level severity within the Network category.,Network,Generic,Info
U024A,Lost Communication With Interior Lighting Control Module,System: Communication Bus. Source: SAE J2012 / ISO 15031. This code is classified as Info-level severity within the Network category.,Network,Generic,Info
U0250,Lost Communication With Impact Classification System Module,System: Communication Bus. Source: SAE J2012 / ISO 15031. This code is classified as Info-level severity within the Network category.,Network,Generic,Info
U0251,"Lost Communication With Running Board Control Module ""B""",System: Communication Bus. Source: SAE J2012 / ISO 15031. This code is classified as Info-level severity within the Network category.,Network,Generic,Info
U0252,Lost Communication With Lighting Control Module,System: Communication Bus. Source: SAE J2012 / ISO 15031. This code is classified as Info-level severity within the Network category.,Network,Generic,Info
U0253,Lost Communication With Accessory Protocol Interface Module,System: Communication Bus. Source: SAE J2012 / ISO 15031. This code is classified as Info-level severity within the Network category.,Network,Generic,Info
U0254,Lost Communication With Remote Start Module,System: Communication Bus. Source: SAE J2012 / ISO 15031. This code is classified as Info-level severity within the Network category.,Network,Generic,Info
U0255,Lost Communication With Front Display Interface Module,System: Communication Bus. Source: SAE J2012 / ISO 15031. This code is classified as Info-level severity within the Network category.,Network,Generic,Info
U0256,"Lost Communication With Front Controls Interface Module ""A""",System: Communication Bus. Source: SAE J2012 / ISO 15031. This code is classified as Info-level severity within the Network category.,Network,Generic,Info
U0257,Lost Communication With Front Controls/Display Interface Module,System: Communication Bus. Source: SAE J2012 / ISO 15031. This code is classified as Info-level severity within the Network category.,Network,Generic,Info
U0258,Lost Communication With Radio Transceiver,System: Communication Bus. Source: SAE J2012 / ISO 15031. This code is classified as Info-level severity within the Network category.,Network,Generic,Info
U0259,Lost Communication With Special Purpose Vehicle Control,System: Communication Bus. Source: SAE J2012 / ISO 15031. This code is classified as Info-level severity within the Network category.,Network,Generic,Info
U025A,Lost Communication With Special Purpose Vehicle Control,System: Communication Bus. Source: SAE J2012 / ISO 15031. This code is classified as Info-level severity within the Network category.,Network,Generic,Info
U025B,Lost Communication With Special Purpose Vehicle Control,System: Communication Bus. Source: SAE J2012 / ISO 15031. This code is classified as Info-level severity within the Network category.,Network,Generic,Info
U025C,Lost Communication With Special Purpose Vehicle Control,System: Communication Bus. Source: SAE J2012 / ISO 15031. This code is classified as Info-level severity within the Network category.,Network,Generic,Info
U025D,"Lost Communication With Front Controls Interface Module ""B""",System: Communication Bus. Source: SAE J2012 / ISO 15031. This code is classified as Info-level severity within the Network category.,Network,Generic,Info
U0260,"Lost Communication With Seat Control Switch Module ""A""",System: Communication Bus. Source: SAE J2012 / ISO 15031. This code is classified as Info-level severity within the Network category.,Network,Generic,Info
U0261,"Lost Communication With Seat Control Switch Module ""B""",System: Communication Bus. Source: SAE J2012 / ISO 15031. This code is classified as Info-level severity within the Network category.,Network,Generic,Info
U0262,"Lost Communication With Audio Amplifier ""B""",System: Communication Bus. Source: SAE J2012 / ISO 15031. This code is classified as Info-level severity within the Network category.,Network,Generic,Info
U0263,Lost Communication With Speech Recognition Module,System: Communication Bus. Source: SAE J2012 / ISO 15031. This code is classified as Info-level severity within the Network category.,Network,Generic,Info
U0264,Lost Communication With Camera Module,System: Communication Bus. Source: SAE J2012 / ISO 15031. This code is classified as Info-level severity within the Network category.,Network,Generic,Info
U0286,Lost Communication With Radiator Anti Tamper Device,System: Communication Bus. Source: SAE J2012 / ISO 15031. This code is classified as Info-level severity within the Network category.,Network,Generic,Info
U0287,Lost Communication With Transmission Fluid Pump Module,System: Communication Bus. Source: SAE J2012 / ISO 15031. This code is classified as Info-level severity within the Network category.,Network,Generic,Info
U0288,"Lost Communication With DC to AC Converter Control Module ""A""",System: Communication Bus. Source: SAE J2012 / ISO 15031. This code is classified as Info-level severity within the Network category.,Network,Generic,Info
U0289,"Lost Communication With DC to AC Converter Control Module ""B""",System: Communication Bus. Source: SAE J2012 / ISO 15031. This code is classified as Info-level severity within the Network category.,Network,Generic,Info
U0291,"Lost Communication With Gear Shift Control Module ""B""",System: Communication Bus. Source: SAE J2012 / ISO 15031. This code is classified as Info-level severity within the Network category.,Network,Generic,Info
U0292,"Lost Communication With Drive Motor Control Module ""B""",System: Communication Bus. Source: SAE J2012 / ISO 15031. This code is classified as Info-level severity within the Network category.,Network,Generic,Info
U0293,Lost Communication With Hybrid Powertrain Control Module,System: Communication Bus. Source: SAE J2012 / ISO 15031. This code is classified as Info-level severity within the Network category.,Network,Generic,Info
U0294,Lost Communication With Powertrain Control Monitor Module,System: Communication Bus. Source: SAE J2012 / ISO 15031. This code is classified as Info-level severity within the Network category.,Network,Generic,Info
U0295,Lost Communication With AC to AC Converter Control Module,System: Communication Bus. Source: SAE J2012 / ISO 15031. This code is classified as Info-level severity within the Network category.,Network,Generic,Info
U0296,"Lost Communication With AC to DC Converter Control Module ""A""",System: Communication Bus. Source: SAE J2012 / ISO 15031. This code is classified as Info-level severity within the Network category.,Network,Generic,Info
U0297,"Lost Communication With AC to DC Converter Control Module ""B""",System: Communication Bus. Source: SAE J2012 / ISO 15031. This code is classified as Info-level severity within the Network category.,Network,Generic,Info
U0298,"Lost Communication With DC to DC Converter Control Module ""A""",System: Communication Bus. Source: SAE J2012 / ISO 15031. This code is classified as Info-level severity within the Network category.,Network,Generic,Info
U0299,"Lost Communication With DC to DC Converter Control Module ""B""",System: Communication Bus. Source: SAE J2012 / ISO 15031. This code is classified as Info-level severity within the Network category.,Network,Generic,Info
U029A,Lost Communication With Hybrid Battery Pack Sensor Module,System: Communication Bus. Source: SAE J2012 / ISO 15031. This code is classified as Info-level severity within the Network category.,Network,Generic,Info
U029B,"Lost Communication With Drive Motor Control Module ""C""",System: Communication Bus. Source: SAE J2012 / ISO 15031. This code is classified as Info-level severity within the Network category.,Network,Generic,Info
U029C,"Lost Communication With Drive Motor Control Module ""D""",System: Communication Bus. Source: SAE J2012 / ISO 15031. This code is classified as Info-level severity within the Network category.,Network,Generic,Info
U029D,"Lost Communication With noX Sensor ""A""",System: Communication Bus. Source: SAE J2012 / ISO 15031. This code is classified as Info-level severity within the Network category.,Network,Generic,Info
U029E,"Lost Communication With noX Sensor ""B""",System: Communication Bus. Source: SAE J2012 / ISO 15031. This code is classified as Info-level severity within the Network category.,Network,Generic,Info
U0300,Internal Control Module Software Incompatibility,System: Software. Source: SAE J2012 / ISO 15031. This code is classified as Info-level severity within the Network category.,Network,Generic,Info
U0301,Software Incompatibility With ECM/PCM,System: Software. Source: SAE J2012 / ISO 15031. This code is classified as Info-level severity within the Network category.,Network,Generic,Info
U0302,Software Incompatibility With Transmission Control Module,System: Software. Source: SAE J2012 / ISO 15031. This code is classified as Info-level severity within the Network category.,Network,Generic,Info
U0303,Software Incompatibility With Transfer Case Control Module,System: Software. Source: SAE J2012 / ISO 15031. This code is classified as Info-level severity within the Network category.,Network,Generic,Info
U0304,"Software Incompatibility With Gear Shift Control Module ""A""",System: Software. Source: SAE J2012 / ISO 15031. This code is classified as Info-level severity within the Network category.,Network,Generic,Info
U0305,Software Incompatibility With Cruise Control Module,System: Software. Source: SAE J2012 / ISO 15031. This code is classified as Info-level severity within the Network category.,Network,Generic,Info
U0306,Software Incompatibility With Fuel Injector Control Module,System: Software. Source: SAE J2012 / ISO 15031. This code is classified as Info-level severity within the Network category.,Network,Generic,Info
U0307,Software Incompatibility With Glow Plug Control Module,System: Software. Source: SAE J2012 / ISO 15031. This code is classified as Warning-level severity within the Network category.,Network,Generic,Warning
U0308,Software Incompatibility With Throttle Actuator Control Module,System: Software. Source: SAE J2012 / ISO 15031. This code is classified as Info-level severity within the Network category.,Network,Generic,Info
U0309,Software Incompatibility With Alternative Fuel Control Module,System: Software. Source: SAE J2012 / ISO 15031. This code is classified as Info-level severity within the Network category.,Network,Generic,Info
U0310,Software Incompatibility With Fuel Pump Control Module,System: Software. Source: SAE J2012 / ISO 15031. This code is classified as Info-level severity within the Network category.,Network,Generic,Info
U0311,Software Incompatibility With Drive Motor Control Module,System: Software. Source: SAE J2012 / ISO 15031. This code is classified as Info-level severity within the Network category.,Network,Generic,Info
U0312,Software Incompatibility With Battery Energy Control Module A,System: Software. Source: SAE J2012 / ISO 15031. This code is classified as Info-level severity within the Network category.,Network,Generic,Info
U0313,Software Incompatibility With Battery Energy Control Module B,System: Software. Source: SAE J2012 / ISO 15031. This code is classified as Info-level severity within the Network category.,Network,Generic,Info
U0314,Software Incompatibility With Four-Wheel Drive Clutch Control,System: Software. Source: SAE J2012 / ISO 15031. This code is classified as Info-level severity within the Network category.,Network,Generic,Info
U0315,Software Incompatibility With Anti-Lock Brake System Control Module,System: Software. Source: SAE J2012 / ISO 15031. This code is classified as Info-level severity within the Network category.,Network,Generic,Info
U0316,Software Incompatibility With Vehicle Dynamics Control Module,System: Software. Source: SAE J2012 / ISO 15031. This code is classified as Info-level severity within the Network category.,Network,Generic,Info
U0317,Software Incompatibility With Park Brake Control Module,System: Software. Source: SAE J2012 / ISO 15031. This code is classified as Info-level severity within the Network category.,Network,Generic,Info
U0318,Software Incompatibility With Brake System Control Module,System: Software. Source: SAE J2012 / ISO 15031. This code is classified as Info-level severity within the Network category.,Network,Generic,Info
U0319,Software Incompatibility With Steering Effort Control Module,System: Software. Source: SAE J2012 / ISO 15031. This code is classified as Info-level severity within the Network category.,Network,Generic,Info
U0320,Software Incompatibility With Power Steering Control Module,System: Software. Source: SAE J2012 / ISO 15031. This code is classified as Info-level severity within the Network category.,Network,Generic,Info
U0321,"Software Incompatibility With Suspension Control Module ""A""",System: Software. Source: SAE J2012 / ISO 15031. This code is classified as Info-level severity within the Network category.,Network,Generic,Info
U0322,Software Incompatibility With Body Control Module,System: Software. Source: SAE J2012 / ISO 15031. This code is classified as Info-level severity within the Network category.,Network,Generic,Info
U0323,Software Incompatibility With Instrument Panel Control Module,System: Software. Source: SAE J2012 / ISO 15031. This code is classified as Info-level severity within the Network category.,Network,Generic,Info
U0324,Software Incompatibility With HVAC Control Module,System: Software. Source: SAE J2012 / ISO 15031. This code is classified as Info-level severity within the Network category.,Network,Generic,Info
U0325,Software Incompatibility With AUXILIARY Heater Control Module,System: Software. Source: SAE J2012 / ISO 15031. This code is classified as Info-level severity within the Network category.,Network,Generic,Info
U0326,Software Incompatibility With Vehicle Immobilizer Control Module,System: Software. Source: SAE J2012 / ISO 15031. This code is classified as Info-level severity within the Network category.,Network,Generic,Info
U0327,Software Incompatibility With Vehicle Security Control Module,System: Software. Source: SAE J2012 / ISO 15031. This code is classified as Info-level severity within the Network category.,Network,Generic,Info
U0328,Software Incompatibility With Steering Angle Sensor Module,System: Software. Source: SAE J2012 / ISO 15031. This code is classified as Info-level severity within the Network category.,Network,Generic,Info
U0329,Software Incompatibility With Steering Column Control Module,System: Software. Source: SAE J2012 / ISO 15031. This code is classified as Info-level severity within the Network category.,Network,Generic,Info
U0330,Software Incompatibility With Tire Pressure Monitor Module,System: Software. Source: SAE J2012 / ISO 15031. This code is classified as Info-level severity within the Network category.,Network,Generic,Info
U0331,"Software Incompatibility With Body Control Module ""A""",System: Software. Source: SAE J2012 / ISO 15031. This code is classified as Info-level severity within the Network category.,Network,Generic,Info
U0332,Software Incompatibility With Multi-axis Acceleration Sensor Module,System: Software. Source: SAE J2012 / ISO 15031. This code is classified as Info-level severity within the Network category.,Network,Generic,Info
U0333,"Software Incompatibility With Gear Shift Control Module ""B""",System: Software. Source: SAE J2012 / ISO 15031. This code is classified as Info-level severity within the Network category.,Network,Generic,Info
U0334,Software Incompatibility With Radio,System: Software. Source: SAE J2012 / ISO 15031. This code is classified as Info-level severity within the Network category.,Network,Generic,Info
U0335,Software Incompatibility With Hybrid Battery Pack Sensor Module,System: Software. Source: SAE J2012 / ISO 15031. This code is classified as Info-level severity within the Network category.,Network,Generic,Info
U0336,Software Incompatibility with Restraints Control Module,System: Software. Source: SAE J2012 / ISO 15031. This code is classified as Info-level severity within the Network category.,Network,Generic,Info
U0400,Invalid Data Received,System: Data Integrity. Source: SAE J2012 / ISO 15031. This code is classified as Info-level severity within the Network category.,Network,Generic,Info
U0401,"Invalid Data Received From ECM/PCM ""A""",System: Data Integrity. Source: SAE J2012 / ISO 15031. This code is classified as Info-level severity within the Network category.,Network,Generic,Info
U0402,Invalid Data Received From TCM,System: Data Integrity. Source: SAE J2012 / ISO 15031. This code is classified as Info-level severity within the Network category.,Network,Generic,Info
U0403,Invalid Data Received From Transfer Case Control Module,System: Data Integrity. Source: SAE J2012 / ISO 15031. This code is classified as Info-level severity within the Network category.,Network,Generic,Info
U0404,"Invalid Data Received From Gear Shift Control Module ""A""",System: Data Integrity. Source: SAE J2012 / ISO 15031. This code is classified as Info-level severity within the Network category.,Network,Generic,Info
U0405,Invalid Data Received From Cruise Control Module,System: Data Integrity. Source: SAE J2012 / ISO 15031. This code is classified as Info-level severity within the Network category.,Network,Generic,Info
U0406,Invalid Data Received From Fuel Injector Control Module,System: Data Integrity. Source: SAE J2012 / ISO 15031. This code is classified as Info-level severity within the Network category.,Network,Generic,Info
U0407,Invalid Data Received From Glow Plug Control Module,System: Data Integrity. Source: SAE J2012 / ISO 15031. This code is classified as Warning-level severity within the Network category.,Network,Generic,Warning
U0408,Invalid Data Received From Throttle Actuator Control Module,System: Data Integrity. Source: SAE J2012 / ISO 15031. This code is classified as Info-level severity within the Network category.,Network,Generic,Info
U0409,Invalid Data Received From Alternative Fuel Control Module,System: Data Integrity. Source: SAE J2012 / ISO 15031. This code is classified as Info-level severity within the Network category.,Network,Generic,Info
U040A,Invalid Data Received From Air Conditioning Control Module,System: Data Integrity. Source: SAE J2012 / ISO 15031. This code is classified as Info-level severity within the Network category.,Network,Generic,Info
U040B,Invalid Data Received From Exhaust Gas Recirculation Control,System: Data Integrity. Source: SAE J2012 / ISO 15031. This code is classified as Info-level severity within the Network category.,Network,Generic,Info
U040C,Invalid Data Received From Exhaust Gas Recirculation Control,System: Data Integrity. Source: SAE J2012 / ISO 15031. This code is classified as Info-level severity within the Network category.,Network,Generic,Info
U040D,Invalid Data Received From Turbocharger/Supercharger Control,System: Data Integrity. Source: SAE J2012 / ISO 15031. This code is classified as Info-level severity within the Network category.,Network,Generic,Info
U040E,Invalid Data Received From Turbocharger/Supercharger Control,System: Data Integrity. Source: SAE J2012 / ISO 15031. This code is classified as Info-level severity within the Network category.,Network,Generic,Info
U040F,Invalid Data Received From Reductant Control Module,System: Data Integrity. Source: SAE J2012 / ISO 15031. This code is classified as Info-level severity within the Network category.,Network,Generic,Info
U0410,Invalid Data Received From Fuel Pump Control Module,System: Data Integrity. Source: SAE J2012 / ISO 15031. This code is classified as Info-level severity within the Network category.,Network,Generic,Info
U0411,"Invalid Data Received From Drive Motor Control Module ""A""",System: Data Integrity. Source: SAE J2012 / ISO 15031. This code is classified as Info-level severity within the Network category.,Network,Generic,Info
U0412,"Invalid Data Received From Battery Energy Control Module ""A""",System: Data Integrity. Source: SAE J2012 / ISO 15031. This code is classified as Info-level severity within the Network category.,Network,Generic,Info
U0413,"Invalid Data Received From Battery Energy Control Module ""B""",System: Data Integrity. Source: SAE J2012 / ISO 15031. This code is classified as Info-level severity within the Network category.,Network,Generic,Info
U0414,Invalid Data Received From Four-Wheel Drive Clutch Control,System: Data Integrity. Source: SAE J2012 / ISO 15031. This code is classified as Info-level severity within the Network category.,Network,Generic,Info
U0415,Invalid Data Received From Anti-Lock Brake System (ABS) Control,System: Data Integrity. Source: SAE J2012 / ISO 15031. This code is classified as Info-level severity within the Network category.,Network,Generic,Info
U0416,Invalid Data Received From Vehicle Dynamics Control Module,System: Data Integrity. Source: SAE J2012 / ISO 15031. This code is classified as Info-level severity within the Network category.,Network,Generic,Info
U0417,Invalid Data Received From Park Brake Control Module,System: Data Integrity. Source: SAE J2012 / ISO 15031. This code is classified as Info-level severity within the Network category.,Network,Generic,Info
U0418,Invalid Data Received From Brake System Control Module,System: Data Integrity. Source: SAE J2012 / ISO 15031. This code is classified as Info-level severity within the Network category.,Network,Generic,Info
U0419,Invalid Data Received From Steering Effort Control Module,System: Data Integrity. Source: SAE J2012 / ISO 15031. This code is classified as Info-level severity within the Network category.,Network,Generic,Info
U041B,Invalid Data Received From Exhaust Gas Sensor Module,System: Data Integrity. Source: SAE J2012 / ISO 15031. This code is classified as Info-level severity within the Network category.,Network,Generic,Info
U041C,"Invalid Data Received From Rocker Arm Control Module ""A""",System: Data Integrity. Source: SAE J2012 / ISO 15031. This code is classified as Info-level severity within the Network category.,Network,Generic,Info
U041D,"Invalid Data Received From Rocker Arm Control Module ""B""",System: Data Integrity. Source: SAE J2012 / ISO 15031. This code is classified as Info-level severity within the Network category.,Network,Generic,Info
U041E,Invalid Data Received From All Wheel Drive Control Module,System: Data Integrity. Source: SAE J2012 / ISO 15031. This code is classified as Info-level severity within the Network category.,Network,Generic,Info
U0420,Invalid Data Received From Power Steering Control Module,System: Data Integrity. Source: SAE J2012 / ISO 15031. This code is classified as Info-level severity within the Network category.,Network,Generic,Info
U0421,"Invalid Data Received From Suspension Control Module ""A""",System: Data Integrity. Source: SAE J2012 / ISO 15031. This code is classified as Info-level severity within the Network category.,Network,Generic,Info
U0422,Invalid Data Received From Body Control Module,System: Data Integrity. Source: SAE J2012 / ISO 15031. This code is classified as Info-level severity within the Network category.,Network,Generic,Info
U0423,Invalid Data Received From Instrument Panel Cluster Control,System: Data Integrity. Source: SAE J2012 / ISO 15031. This code is classified as Info-level severity within the Network category.,Network,Generic,Info
U0424,Invalid Data Received From HVAC Control Module,System: Data Integrity. Source: SAE J2012 / ISO 15031. This code is classified as Info-level severity within the Network category.,Network,Generic,Info
U0425,Invalid Data Received From AUXILIARY Heater Control Module,System: Data Integrity. Source: SAE J2012 / ISO 15031. This code is classified as Info-level severity within the Network category.,Network,Generic,Info
U0426,Invalid Data Received From Vehicle Immobilizer Control Module,System: Data Integrity. Source: SAE J2012 / ISO 15031. This code is classified as Info-level severity within the Network category.,Network,Generic,Info
U0427,Invalid Data Received From Vehicle Security Control Module,System: Data Integrity. Source: SAE J2012 / ISO 15031. This code is classified as Info-level severity within the Network category.,Network,Generic,Info
U0428,Invalid Data Received From Steering Angle Sensor Module,System: Data Integrity. Source: SAE J2012 / ISO 15031. This code is classified as Info-level severity within the Network category.,Network,Generic,Info
U0429,Invalid Data Received From Steering Column Control Module,System: Data Integrity. Source: SAE J2012 / ISO 15031. This code is classified as Info-level severity within the Network category.,Network,Generic,Info
U0430,Invalid Data Received From Tire Pressure Monitor Module,System: Data Integrity. Source: SAE J2012 / ISO 15031. This code is classified as Info-level severity within the Network category.,Network,Generic,Info
U0431,"Invalid Data Received From Body Control Module ""A""",System: Data Integrity. Source: SAE J2012 / ISO 15031. This code is classified as Info-level severity within the Network category.,Network,Generic,Info
U0432,Invalid Data Received From Multi-axis Acceleration Sensor Module,System: Data Integrity. Source: SAE J2012 / ISO 15031. This code is classified as Info-level severity within the Network category.,Network,Generic,Info
U0433,Invalid Data Received From Cruise Control Front Distance Range,System: Data Integrity. Source: SAE J2012 / ISO 15031. This code is classified as Warning-level severity within the Network category.,Network,Generic,Warning
U0434,Invalid Data Received From Active Roll Control Module,System: Data Integrity. Source: SAE J2012 / ISO 15031. This code is classified as Info-level severity within the Network category.,Network,Generic,Info
U0435,Invalid Data Received From Power Steering Control Module,System: Data Integrity. Source: SAE J2012 / ISO 15031. This code is classified as Info-level severity within the Network category.,Network,Generic,Info
U0436,Invalid Data Received From Differential Control Module,System: Data Integrity. Source: SAE J2012 / ISO 15031. This code is classified as Info-level severity within the Network category.,Network,Generic,Info
U0437,Invalid Data Received From Differential Control Module,System: Data Integrity. Source: SAE J2012 / ISO 15031. This code is classified as Info-level severity within the Network category.,Network,Generic,Info
U0438,Invalid Data Received From Trailer Brake Control Module,System: Data Integrity. Source: SAE J2012 / ISO 15031. This code is classified as Info-level severity within the Network category.,Network,Generic,Info
U0439,Invalid Data Received From All Terrain Control Module,System: Data Integrity. Source: SAE J2012 / ISO 15031. This code is classified as Info-level severity within the Network category.,Network,Generic,Info
U043A,"Invalid Data Received From Suspension Control Module ""B""",System: Data Integrity. Source: SAE J2012 / ISO 15031. This code is classified as Info-level severity within the Network category.,Network,Generic,Info
U043B,Invalid Data Received From Cruise Control Front Distance Range,System: Data Integrity. Source: SAE J2012 / ISO 15031. This code is classified as Warning-level severity within the Network category.,Network,Generic,Warning
U043C,Invalid Data Received From Cruise Control Front Distance Range,System: Data Integrity. Source: SAE J2012 / ISO 15031. This code is classified as Warning-level severity within the Network category.,Network,Generic,Warning
U0441,Invalid Data Received From Emissions Critical Control Information,System: Data Integrity. Source: SAE J2012 / ISO 15031. This code is classified as Info-level severity within the Network category.,Network,Generic,Info
U0442,"Invalid Data Received From ECM/PCM ""B""",System: Data Integrity. Source: SAE J2012 / ISO 15031. This code is classified as Info-level severity within the Network category.,Network,Generic,Info
U0443,"Invalid Data Received From Body Control Module ""B""",System: Data Integrity. Source: SAE J2012 / ISO 15031. This code is classified as Info-level severity within the Network category.,Network,Generic,Info
U0444,"Invalid Data Received From Body Control Module ""C""",System: Data Integrity. Source: SAE J2012 / ISO 15031. This code is classified as Info-level severity within the Network category.,Network,Generic,Info
U0445,"Invalid Data Received From Body Control Module ""D""",System: Data Integrity. Source: SAE J2012 / ISO 15031. This code is classified as Info-level severity within the Network category.,Network,Generic,Info
U0446,"Invalid Data Received From Body Control Module ""E""",System: Data Integrity. Source: SAE J2012 / ISO 15031. This code is classified as Info-level severity within the Network category.,Network,Generic,Info
U0447,"Invalid Data Received From Gateway ""A""",System: Data Integrity. Source: SAE J2012 / ISO 15031. This code is classified as Info-level severity within the Network category.,Network,Generic,Info
U0448,"Invalid Data Received From Gateway ""B""",System: Data Integrity. Source: SAE J2012 / ISO 15031. This code is classified as Info-level severity within the Network category.,Network,Generic,Info
U0449,"Invalid Data Received From Gateway ""C""",System: Data Integrity. Source: SAE J2012 / ISO 15031. This code is classified as Info-level severity within the Network category.,Network,Generic,Info
U044A,"Invalid Data Received From Gateway ""D""",System: Data Integrity. Source: SAE J2012 / ISO 15031. This code is classified as Info-level severity within the Network category.,Network,Generic,Info
U0451,"Invalid Data Received From Gateway ""E""",System: Data Integrity. Source: SAE J2012 / ISO 15031. This code is classified as Info-level severity within the Network category.,Network,Generic,Info
U0452,Invalid Data Received From Restraints Control Module,System: Data Integrity. Source: SAE J2012 / ISO 15031. This code is classified as Info-level severity within the Network category.,Network,Generic,Info
U0453,Invalid Data Received From Side Restraints Control Module,System: Data Integrity. Source: SAE J2012 / ISO 15031. This code is classified as Info-level severity within the Network category.,Network,Generic,Info
U0454,Invalid Data Received From Side Restraints Control Module,System: Data Integrity. Source: SAE J2012 / ISO 15031. This code is classified as Info-level severity within the Network category.,Network,Generic,Info
U0455,Invalid Data Received From Restraints Occupant Classification,System: Data Integrity. Source: SAE J2012 / ISO 15031. This code is classified as Info-level severity within the Network category.,Network,Generic,Info
U0456,Invalid Data Received From Coolant Temperature Control Module,System: Data Integrity. Source: SAE J2012 / ISO 15031. This code is classified as Info-level severity within the Network category.,Network,Generic,Info
U0457,"Invalid Data Received From Information Center ""A""",System: Data Integrity. Source: SAE J2012 / ISO 15031. This code is classified as Info-level severity within the Network category.,Network,Generic,Info
U0458,"Invalid Data Received From Information Center ""B""",System: Data Integrity. Source: SAE J2012 / ISO 15031. This code is classified as Info-level severity within the Network category.,Network,Generic,Info
U0459,Invalid Data Received From Head Up Display,System: Data Integrity. Source: SAE J2012 / ISO 15031. This code is classified as Info-level severity within the Network category.,Network,Generic,Info
U045A,"Invalid Data Received From Parking Assist Control Module ""A""",System: Data Integrity. Source: SAE J2012 / ISO 15031. This code is classified as Info-level severity within the Network category.,Network,Generic,Info
U0461,Invalid Data Received From Audible Alert Control Module,System: Data Integrity. Source: SAE J2012 / ISO 15031. This code is classified as Info-level severity within the Network category.,Network,Generic,Info
U0462,Invalid Data Received From Compass Module,System: Data Integrity. Source: SAE J2012 / ISO 15031. This code is classified as Info-level severity within the Network category.,Network,Generic,Info
U0463,Invalid Data Received From Navigation Display Module,System: Data Integrity. Source: SAE J2012 / ISO 15031. This code is classified as Info-level severity within the Network category.,Network,Generic,Info
U0464,Invalid Data Received From Navigation Control Module,System: Data Integrity. Source: SAE J2012 / ISO 15031. This code is classified as Info-level severity within the Network category.,Network,Generic,Info
U0465,Invalid Data Received From PTO Control Module,System: Data Integrity. Source: SAE J2012 / ISO 15031. This code is classified as Info-level severity within the Network category.,Network,Generic,Info
U0466,Invalid Data Received From HVAC Control Module,System: Data Integrity. Source: SAE J2012 / ISO 15031. This code is classified as Info-level severity within the Network category.,Network,Generic,Info
U0467,Invalid Data Received From Fuel Additive Control Module,System: Data Integrity. Source: SAE J2012 / ISO 15031. This code is classified as Info-level severity within the Network category.,Network,Generic,Info
U0468,Invalid Data Received From Fuel Cell Control Module,System: Data Integrity. Source: SAE J2012 / ISO 15031. This code is classified as Info-level severity within the Network category.,Network,Generic,Info
U0469,Invalid Data Received From Starter / Generator Control Module,System: Data Integrity. Source: SAE J2012 / ISO 15031. This code is classified as Info-level severity within the Network category.,Network,Generic,Info
U046A,Invalid Data Received From Sunroof Control Module,System: Data Integrity. Source: SAE J2012 / ISO 15031. This code is classified as Info-level severity within the Network category.,Network,Generic,Info
U046B,Invalid Data Received From Global Positioning System Module,System: Data Integrity. Source: SAE J2012 / ISO 15031. This code is classified as Info-level severity within the Network category.,Network,Generic,Info
U0471,"Invalid Data Received From ""Restraints System Sensor A""",System: Data Integrity. Source: SAE J2012 / ISO 15031. This code is classified as Info-level severity within the Network category.,Network,Generic,Info
U0472,"Invalid Data Received From ""Restraints System Sensor B""",System: Data Integrity. Source: SAE J2012 / ISO 15031. This code is classified as Info-level severity within the Network category.,Network,Generic,Info
U0473,"Invalid Data Received From ""Restraints System Sensor C""",System: Data Integrity. Source: SAE J2012 / ISO 15031. This code is classified as Info-level severity within the Network category.,Network,Generic,Info
U0474,"Invalid Data Received From ""Restraints System Sensor D""",System: Data Integrity. Source: SAE J2012 / ISO 15031. This code is classified as Info-level severity within the Network category.,Network,Generic,Info
U0475,"Invalid Data Received From ""Restraints System Sensor E""",System: Data Integrity. Source: SAE J2012 / ISO 15031. This code is classified as Info-level severity within the Network category.,Network,Generic,Info
U0476,"Invalid Data Received From ""Restraints System Sensor F""",System: Data Integrity. Source: SAE J2012 / ISO 15031. This code is classified as Info-level severity within the Network category.,Network,Generic,Info
U0477,"Invalid Data Received From ""Restraints System Sensor G""",System: Data Integrity. Source: SAE J2012 / ISO 15031. This code is classified as Info-level severity within the Network category.,Network,Generic,Info
U0478,"Invalid Data Received From ""Restraints System Sensor H""",System: Data Integrity. Source: SAE J2012 / ISO 15031. This code is classified as Info-level severity within the Network category.,Network,Generic,Info
U0479,"Invalid Data Received From ""Restraints System Sensor I""",System: Data Integrity. Source: SAE J2012 / ISO 15031. This code is classified as Info-level severity within the Network category.,Network,Generic,Info
U047A,"Invalid Data Received From ""Restraints System Sensor J""",System: Data Integrity. Source: SAE J2012 / ISO 15031. This code is classified as Info-level severity within the Network category.,Network,Generic,Info
U047B,"Invalid Data Received From ""Restraints System Sensor K""",System: Data Integrity. Source: SAE J2012 / ISO 15031. This code is classified as Info-level severity within the Network category.,Network,Generic,Info
U047C,"Invalid Data Received From ""Restraints System Sensor L""",System: Data Integrity. Source: SAE J2012 / ISO 15031. This code is classified as Info-level severity within the Network category.,Network,Generic,Info
U047D,"Invalid Data Received From ""Restraints System Sensor M""",System: Data Integrity. Source: SAE J2012 / ISO 15031. This code is classified as Info-level severity within the Network category.,Network,Generic,Info
U047E,"Invalid Data Received From ""Restraints System Sensor N""",System: Data Integrity. Source: SAE J2012 / ISO 15031. This code is classified as Info-level severity within the Network category.,Network,Generic,Info
U047F,"Invalid Data Received From Seatbelt Pretensioner Module ""A""",System: Data Integrity. Source: SAE J2012 / ISO 15031. This code is classified as Info-level severity within the Network category.,Network,Generic,Info
U0480,"Invalid Data Received From Seatbelt Pretensioner Module ""B""",System: Data Integrity. Source: SAE J2012 / ISO 15031. This code is classified as Info-level severity within the Network category.,Network,Generic,Info
U0481,Invalid Data Received From Automatic Lighting Control Module,System: Data Integrity. Source: SAE J2012 / ISO 15031. This code is classified as Info-level severity within the Network category.,Network,Generic,Info
U0482,Invalid Data Received From Headlamp Leveling Control Module,System: Communication Bus. Source: SAE J2012 / ISO 15031. This code is classified as Info-level severity within the Network category.,Network,Generic,Info
U0483,Invalid Data Received From Lighting Control Module,System: Data Integrity. Source: SAE J2012 / ISO 15031. This code is classified as Info-level severity within the Network category.,Network,Generic,Info
U0484,Invalid Data Received From Lighting Control Module,System: Data Integrity. Source: SAE J2012 / ISO 15031. This code is classified as Info-level severity within the Network category.,Network,Generic,Info
U0485,Invalid Data Received From Radio,System: Data Integrity. Source: SAE J2012 / ISO 15031. This code is classified as Info-level severity within the Network category.,Network,Generic,Info
U0486,Invalid Data Received From Antenna Control Module,System: Data Integrity. Source: SAE J2012 / ISO 15031. This code is classified as Info-level severity within the Network category.,Network,Generic,Info
U0487,"Invalid Data Received From Audio Amplifier ""A""",System: Data Integrity. Source: SAE J2012 / ISO 15031. This code is classified as Info-level severity within the Network category.,Network,Generic,Info
U0488,Invalid Data Received From Digital Disc Player/Changer,System: Data Integrity. Source: SAE J2012 / ISO 15031. This code is classified as Info-level severity within the Network category.,Network,Generic,Info
U0489,Invalid Data Received From Digital Disc Player/Changer,System: Data Integrity. Source: SAE J2012 / ISO 15031. This code is classified as Info-level severity within the Network category.,Network,Generic,Info
U048A,Invalid Data Received From Digital Disc Player/Changer,System: Data Integrity. Source: SAE J2012 / ISO 15031. This code is classified as Info-level severity within the Network category.,Network,Generic,Info
U0491,Invalid Data Received From Digital Disc Player/Changer,System: Data Integrity. Source: SAE J2012 / ISO 15031. This code is classified as Info-level severity within the Network category.,Network,Generic,Info
U0492,Invalid Data Received From Television,System: Data Integrity. Source: SAE J2012 / ISO 15031. This code is classified as Info-level severity within the Network category.,Network,Generic,Info
U0493,Invalid Data Received From Personal Computer,System: Data Integrity. Source: SAE J2012 / ISO 15031. This code is classified as Info-level severity within the Network category.,Network,Generic,Info
U0494,"Invalid Data Received From ""Digital Audio Control Module A""",System: Data Integrity. Source: SAE J2012 / ISO 15031. This code is classified as Info-level severity within the Network category.,Network,Generic,Info
U0495,"Invalid Data Received From ""Digital Audio Control Module B""",System: Data Integrity. Source: SAE J2012 / ISO 15031. This code is classified as Info-level severity within the Network category.,Network,Generic,Info
U0496,Invalid Data Received From Subscription Entertainment Receiver,System: Data Integrity. Source: SAE J2012 / ISO 15031. This code is classified as Info-level severity within the Network category.,Network,Generic,Info
U0497,Invalid Data Received From Entertainment Control Module,System: Data Integrity. Source: SAE J2012 / ISO 15031. This code is classified as Info-level severity within the Network category.,Network,Generic,Info
U0498,Invalid Data Received From Telephone Control Module,System: Data Integrity. Source: SAE J2012 / ISO 15031. This code is classified as Info-level severity within the Network category.,Network,Generic,Info
U0499,Invalid Data Received From Telematic Control Module,System: Data Integrity. Source: SAE J2012 / ISO 15031. This code is classified as Info-level severity within the Network category.,Network,Generic,Info
U049A,"Invalid Data Received From ""Door Control Module A""",System: Data Integrity. Source: SAE J2012 / ISO 15031. This code is classified as Info-level severity within the Network category.,Network,Generic,Info
U0501,"Invalid Data Received From ""Door Control Module B""",System: Data Integrity. Source: SAE J2012 / ISO 15031. This code is classified as Info-level severity within the Network category.,Network,Generic,Info
U0502,"Invalid Data Received From ""Door Control Module C""",System: Data Integrity. Source: SAE J2012 / ISO 15031. This code is classified as Info-level severity within the Network category.,Network,Generic,Info
U0503,"Invalid Data Received From ""Door Control Module D""",System: Data Integrity. Source: SAE J2012 / ISO 15031. This code is classified as Info-level severity within the Network category.,Network,Generic,Info
U0504,"Invalid Data Received From ""Door Control Module E""",System: Data Integrity. Source: SAE J2012 / ISO 15031. This code is classified as Info-level severity within the Network category.,Network,Generic,Info
U0505,"Invalid Data Received From ""Door Control Module F""",System: Data Integrity. Source: SAE J2012 / ISO 15031. This code is classified as Info-level severity within the Network category.,Network,Generic,Info
U0506,"Invalid Data Received From ""Door Control Module G""",System: Data Integrity. Source: SAE J2012 / ISO 15031. This code is classified as Info-level severity within the Network category.,Network,Generic,Info
U0507,Invalid Data Received From Folding Top Control Module,System: Data Integrity. Source: SAE J2012 / ISO 15031. This code is classified as Info-level severity within the Network category.,Network,Generic,Info
U0508,Invalid Data Received From Moveable Roof Control Module,System: Data Integrity. Source: SAE J2012 / ISO 15031. This code is classified as Info-level severity within the Network category.,Network,Generic,Info
U0509,"Invalid Data Received From ""Seat Control Module A""",System: Data Integrity. Source: SAE J2012 / ISO 15031. This code is classified as Info-level severity within the Network category.,Network,Generic,Info
U050A,"Invalid Data Received From ""Seat Control Module B""",System: Data Integrity. Source: SAE J2012 / ISO 15031. This code is classified as Info-level severity within the Network category.,Network,Generic,Info
U0511,"Invalid Data Received From ""Seat Control Module C""",System: Data Integrity. Source: SAE J2012 / ISO 15031. This code is classified as Info-level severity within the Network category.,Network,Generic,Info
U0512,"Invalid Data Received From ""Seat Control Module D""",System: Data Integrity. Source: SAE J2012 / ISO 15031. This code is classified as Info-level severity within the Network category.,Network,Generic,Info
U0513,Invalid Data Received From Yaw Rate Sensor Module,System: Data Integrity. Source: SAE J2012 / ISO 15031. This code is classified as Info-level severity within the Network category.,Network,Generic,Info
U0514,Invalid Data Received From Mirror Control Module,System: Data Integrity. Source: SAE J2012 / ISO 15031. This code is classified as Info-level severity within the Network category.,Network,Generic,Info
U0515,Invalid Data Received From Remote Function Actuation,System: Data Integrity. Source: SAE J2012 / ISO 15031. This code is classified as Info-level severity within the Network category.,Network,Generic,Info
U0516,"Invalid Data Received From ""Door Switch A""",System: Data Integrity. Source: SAE J2012 / ISO 15031. This code is classified as Info-level severity within the Network category.,Network,Generic,Info
U0517,"Invalid Data Received From ""Door Switch B""",System: Data Integrity. Source: SAE J2012 / ISO 15031. This code is classified as Info-level severity within the Network category.,Network,Generic,Info
U0518,"Invalid Data Received From ""Door Switch C""",System: Data Integrity. Source: SAE J2012 / ISO 15031. This code is classified as Info-level severity within the Network category.,Network,Generic,Info
U0519,"Invalid Data Received From ""Door Switch D""",System: Data Integrity. Source: SAE J2012 / ISO 15031. This code is classified as Info-level severity within the Network category.,Network,Generic,Info
U051A,"Invalid Data Received From ""Door Switch E""",System: Data Integrity. Source: SAE J2012 / ISO 15031. This code is classified as Info-level severity within the Network category.,Network,Generic,Info
U0521,"Invalid Data Received From ""Door Switch F""",System: Data Integrity. Source: SAE J2012 / ISO 15031. This code is classified as Info-level severity within the Network category.,Network,Generic,Info
U0522,"Invalid Data Received From ""Door Switch G""",System: Data Integrity. Source: SAE J2012 / ISO 15031. This code is classified as Info-level severity within the Network category.,Network,Generic,Info
U0523,"Invalid Data Received From ""Door Window Motor A""",System: Data Integrity. Source: SAE J2012 / ISO 15031. This code is classified as Info-level severity within the Network category.,Network,Generic,Info
U0524,"Invalid Data Received From ""Door Window Motor B""",System: Data Integrity. Source: SAE J2012 / ISO 15031. This code is classified as Info-level severity within the Network category.,Network,Generic,Info
U0525,"Invalid Data Received From ""Door Window Motor C""",System: Data Integrity. Source: SAE J2012 / ISO 15031. This code is classified as Info-level severity within the Network category.,Network,Generic,Info
U0526,"Invalid Data Received From ""Door Window Motor D""",System: Data Integrity. Source: SAE J2012 / ISO 15031. This code is classified as Info-level severity within the Network category.,Network,Generic,Info
U0527,"Invalid Data Received From ""Door Window Motor E""",System: Data Integrity. Source: SAE J2012 / ISO 15031. This code is classified as Info-level severity within the Network category.,Network,Generic,Info
U0528,"Invalid Data Received From ""Door Window Motor F""",System: Data Integrity. Source: SAE J2012 / ISO 15031. This code is classified as Info-level severity within the Network category.,Network,Generic,Info
U0529,"Invalid Data Received From ""Door Window Motor G""",System: Data Integrity. Source: SAE J2012 / ISO 15031. This code is classified as Info-level severity within the Network category.,Network,Generic,Info
U052A,Invalid Data Received From Heated Steering Wheel Module,System: Data Integrity. Source: SAE J2012 / ISO 15031. This code is classified as Info-level severity within the Network category.,Network,Generic,Info
U0531,Invalid Data Received From Rear Gate Module,System: Data Integrity. Source: SAE J2012 / ISO 15031. This code is classified as Info-level severity within the Network category.,Network,Generic,Info
U0532,Invalid Data Received From Rain Sensing Module,System: Data Integrity. Source: SAE J2012 / ISO 15031. This code is classified as Info-level severity within the Network category.,Network,Generic,Info
U0533,Invalid Data Received From Side Obstacle Detection Control Module,System: Data Integrity. Source: SAE J2012 / ISO 15031. This code is classified as Info-level severity within the Network category.,Network,Generic,Info
U0534,Invalid Data Received From Side Obstacle Detection Control Module,System: Data Integrity. Source: SAE J2012 / ISO 15031. This code is classified as Info-level severity within the Network category.,Network,Generic,Info
U0535,Invalid Data Received From Convenience Recall Module,System: Data Integrity. Source: SAE J2012 / ISO 15031. This code is classified as Info-level severity within the Network category.,Network,Generic,Info
U0536,Invalid Data Received From Lateral Acceleration Sensor Module,System: Data Integrity. Source: SAE J2012 / ISO 15031. This code is classified as Info-level severity within the Network category.,Network,Generic,Info
U0537,Invalid Data Received From Column Lock Module,System: Data Integrity. Source: SAE J2012 / ISO 15031. This code is classified as Info-level severity within the Network category.,Network,Generic,Info
U0538,"Invalid Data Received From ""Digital Audio Control Module C""",System: Data Integrity. Source: SAE J2012 / ISO 15031. This code is classified as Info-level severity within the Network category.,Network,Generic,Info
U0539,"Invalid Data Received From ""Digital Audio Control Module D""",System: Data Integrity. Source: SAE J2012 / ISO 15031. This code is classified as Info-level severity within the Network category.,Network,Generic,Info
U053A,"Invalid Data Received From Entrapment Control Module ""A""",System: Data Integrity. Source: SAE J2012 / ISO 15031. This code is classified as Info-level severity within the Network category.,Network,Generic,Info
U053B,"Invalid Data Received From Image Processing Module ""A""",System: Data Integrity. Source: SAE J2012 / ISO 15031. This code is classified as Info-level severity within the Network category.,Network,Generic,Info
U053C,"Invalid Data Received From Image Processing Module ""B""",System: Data Integrity. Source: SAE J2012 / ISO 15031. This code is classified as Info-level severity within the Network category.,Network,Generic,Info
U053D,"Invalid Data Received From Image Processing Module ""C""",System: Data Integrity. Source: SAE J2012 / ISO 15031. This code is classified as Info-level severity within the Network category.,Network,Generic,Info
U0541,"Invalid Data Received From Entrapment Control Module ""B""",System: Data Integrity. Source: SAE J2012 / ISO 15031. This code is classified as Info-level severity within the Network category.,Network,Generic,Info
U0542,"Invalid Data Received From Headlamp Control Module ""A""",System: Data Integrity. Source: SAE J2012 / ISO 15031. This code is classified as Info-level severity within the Network category.,Network,Generic,Info
U0543,"Invalid Data Received From Headlamp Control Module ""B""",System: Data Integrity. Source: SAE J2012 / ISO 15031. This code is classified as Info-level severity within the Network category.,Network,Generic,Info
U0544,"Invalid Data Received From Parking Assist Control Module ""B""",System: Data Integrity. Source: SAE J2012 / ISO 15031. This code is classified as Info-level severity within the Network category.,Network,Generic,Info
U0545,Invalid Data Received From Running Board Control Module,System: Data Integrity. Source: SAE J2012 / ISO 15031. This code is classified as Info-level severity within the Network category.,Network,Generic,Info
U0546,Invalid Data Received From Entertainment Control Module,System: Data Integrity. Source: SAE J2012 / ISO 15031. This code is classified as Info-level severity within the Network category.,Network,Generic,Info
U0547,"Invalid Data Received From ""Seat Control Module E""",System: Data Integrity. Source: SAE J2012 / ISO 15031. This code is classified as Info-level severity within the Network category.,Network,Generic,Info
U0548,"Invalid Data Received From ""Seat Control Module F""",System: Data Integrity. Source: SAE J2012 / ISO 15031. This code is classified as Info-level severity within the Network category.,Network,Generic,Info
U0549,Invalid Data Received From Remote Accessory Module,System: Data Integrity. Source: SAE J2012 / ISO 15031. This code is classified as Info-level severity within the Network category.,Network,Generic,Info
U054A,Invalid Data Received From Entertainment Control Module,System: Data Integrity. Source: SAE J2012 / ISO 15031. This code is classified as Info-level severity within the Network category.,Network,Generic,Info
U054B,Invalid Data Received From Interior Lighting Control Module,System: Data Integrity. Source: SAE J2012 / ISO 15031. This code is classified as Info-level severity within the Network category.,Network,Generic,Info
U0551,Invalid Data Received From Impact Classification System Module,System: Data Integrity. Source: SAE J2012 / ISO 15031. This code is classified as Info-level severity within the Network category.,Network,Generic,Info
U0552,"Invalid Data Received From Running Board Control Module ""B""",System: Data Integrity. Source: SAE J2012 / ISO 15031. This code is classified as Info-level severity within the Network category.,Network,Generic,Info
U0553,Invalid Data Received From Lighting Control Module,System: Data Integrity. Source: SAE J2012 / ISO 15031. This code is classified as Info-level severity within the Network category.,Network,Generic,Info
U0554,Invalid Data Received From Accessory Protocol Interface Module,System: Data Integrity. Source: SAE J2012 / ISO 15031. This code is classified as Info-level severity within the Network category.,Network,Generic,Info
U0555,Invalid Data Received From Remote Start Module,System: Data Integrity. Source: SAE J2012 / ISO 15031. This code is classified as Info-level severity within the Network category.,Network,Generic,Info
U0556,Invalid Data Received From Front Display Interface Module,System: Data Integrity. Source: SAE J2012 / ISO 15031. This code is classified as Info-level severity within the Network category.,Network,Generic,Info
U0557,"Invalid Data Received From Front Controls Interface Module ""A""",System: Data Integrity. Source: SAE J2012 / ISO 15031. This code is classified as Info-level severity within the Network category.,Network,Generic,Info
U0558,Invalid Data Received From Front Controls/Display Interface Module,System: Data Integrity. Source: SAE J2012 / ISO 15031. This code is classified as Info-level severity within the Network category.,Network,Generic,Info
U0559,Invalid Data Received From Radio Transceiver,System: Data Integrity. Source: SAE J2012 / ISO 15031. This code is classified as Info-level severity within the Network category.,Network,Generic,Info
U055A,Invalid Data Received From Special Purpose Vehicle Control,System: Data Integrity. Source: SAE J2012 / ISO 15031. This code is classified as Info-level severity within the Network category.,Network,Generic,Info
U055B,Invalid Data Received From Special Purpose Vehicle Control,System: Data Integrity. Source: SAE J2012 / ISO 15031. This code is classified as Info-level severity within the Network category.,Network,Generic,Info
U055C,Invalid Data Received From Special Purpose Vehicle Control,System: Data Integrity. Source: SAE J2012 / ISO 15031. This code is classified as Info-level severity within the Network category.,Network,Generic,Info
U055D,Invalid Data Received From Special Purpose Vehicle Control,System: Data Integrity. Source: SAE J2012 / ISO 15031. This code is classified as Info-level severity within the Network category.,Network,Generic,Info
U055E,"Invalid Data Received From Front Controls Interface Module ""B""",System: Data Integrity. Source: SAE J2012 / ISO 15031. This code is classified as Info-level severity within the Network category.,Network,Generic,Info
U0561,"Invalid Data Received From Seat Control Switch Module ""A""",System: Data Integrity. Source: SAE J2012 / ISO 15031. This code is classified as Info-level severity within the Network category.,Network,Generic,Info
U0562,"Invalid Data Received From Seat Control Switch Module ""B""",System: Data Integrity. Source: SAE J2012 / ISO 15031. This code is classified as Info-level severity within the Network category.,Network,Generic,Info
U0563,"Invalid Data Received From Audio Amplifier ""B""",System: Data Integrity. Source: SAE J2012 / ISO 15031. This code is classified as Info-level severity within the Network category.,Network,Generic,Info
U0564,Invalid Data Received From Speech Recognition Module,System: Data Integrity. Source: SAE J2012 / ISO 15031. This code is classified as Info-level severity within the Network category.,Network,Generic,Info
U0565,Invalid Data Received From Camera Module,System: Data Integrity. Source: SAE J2012 / ISO 15031. This code is classified as Info-level severity within the Network category.,Network,Generic,Info
U0587,Invalid Data Received From With Radiator Anti Tamper Device,System: Data Integrity. Source: SAE J2012 / ISO 15031. This code is classified as Info-level severity within the Network category.,Network,Generic,Info
U0588,Invalid Data Received From Transmission Fluid Pump Module,System: Data Integrity. Source: SAE J2012 / ISO 15031. This code is classified as Info-level severity within the Network category.,Network,Generic,Info
U0589,"Invalid Data Received From DC to AC Converter Control Module ""A""",System: Data Integrity. Source: SAE J2012 / ISO 15031. This code is classified as Info-level severity within the Network category.,Network,Generic,Info
U058A,"Invalid Data Received From DC to AC Converter Control Module ""B""",System: Data Integrity. Source: SAE J2012 / ISO 15031. This code is classified as Info-level severity within the Network category.,Network,Generic,Info
U0592,"Invalid Data Received From Gear Shift Control Module ""B""",System: Data Integrity. Source: SAE J2012 / ISO 15031. This code is classified as Info-level severity within the Network category.,Network,Generic,Info
U0593,"Invalid Data Received From Drive Motor Control Module ""B""",System: Data Integrity. Source: SAE J2012 / ISO 15031. This code is classified as Info-level severity within the Network category.,Network,Generic,Info
U0594,Invalid Data Received From Hybrid Powertrain Control Module,System: Data Integrity. Source: SAE J2012 / ISO 15031. This code is classified as Info-level severity within the Network category.,Network,Generic,Info
U0595,Invalid Data Received From Powertrain Control Monitor Module,System: Data Integrity. Source: SAE J2012 / ISO 15031. This code is classified as Info-level severity within the Network category.,Network,Generic,Info
U0596,Invalid Data Received From AC to AC Converter Control Module,System: Data Integrity. Source: SAE J2012 / ISO 15031. This code is classified as Info-level severity within the Network category.,Network,Generic,Info
U0597,"Invalid Data Received From AC to DC Converter Control Module ""A""",System: Data Integrity. Source: SAE J2012 / ISO 15031. This code is classified as Info-level severity within the Network category.,Network,Generic,Info
U0598,"Invalid Data Received From AC to DC Converter Control Module ""B""",System: Data Integrity. Source: SAE J2012 / ISO 15031. This code is classified as Info-level severity within the Network category.,Network,Generic,Info
U0599,"Invalid Data Received From DC to DC Converter Control Module ""A""",System: Data Integrity. Source: SAE J2012 / ISO 15031. This code is classified as Info-level severity within the Network category.,Network,Generic,Info
U059A,"Invalid Data Received From DC to DC Converter Control Module ""B""",System: Data Integrity. Source: SAE J2012 / ISO 15031. This code is classified as Info-level severity within the Network category.,Network,Generic,Info
U059B,Invalid Data Received From Hybrid Battery Pack Sensor Module,System: Data Integrity. Source: SAE J2012 / ISO 15031. This code is classified as Info-level severity within the Network category.,Network,Generic,Info
U059C,"Invalid Data Received From Drive Motor Control Module ""C""",System: Data Integrity. Source: SAE J2012 / ISO 15031. This code is classified as Info-level severity within the Network category.,Network,Generic,Info
U059D,"Invalid Data Received From Drive Motor Control Module ""D""",System: Data Integrity. Source: SAE J2012 / ISO 15031. This code is classified as Info-level severity within the Network category.,Network,Generic,Info
U059E,"Invalid Data Received From noX Sensor ""A""",System: Data Integrity. Source: SAE J2012 / ISO 15031. This code is classified as Info-level severity within the Network category.,Network,Generic,Info
U059F,"Invalid Data Received From noX Sensor ""B""",System: Data Integrity. Source: SAE J2012 / ISO 15031. This code is classified as Info-level severity within the Network category.,Network,Generic,Info
U0F00,Reserved For Future Use,System: General. Source: SAE J2012 / ISO 15031. This code is classified as Info-level severity within the Network category.,Network,Generic,Info
U1000,Manufacturer Controlled DTC,System: General. Source: SAE J2012 / ISO 15031. This code is classified as Info-level severity within the Network category.,Network,Manufacturer,Info
U1120,Lost Wheel Distance,System: General. Source: SAE J2012 / ISO 15031. This code is classified as Info-level severity within the Network category.,Network,Manufacturer,Info
U1900,CAN Communication Bus Fault,System: Communication Bus. Source: SAE J2012 / ISO 15031. This code is classified as Info-level severity within the Network category.,Network,Manufacturer,Info
U2000,Manufacturer Controlled DTC,System: General. Source: SAE J2012 / ISO 15031. This code is classified as Info-level severity within the Network category.,Network,Manufacturer,Info
U3000,Control Module,System: General. Source: SAE J2012 / ISO 15031. This code is classified as Info-level severity within the Network category.,Network,Manufacturer,Info
U3001,Control Module Improper Shutdown,System: General. Source: SAE J2012 / ISO 15031. This code is classified as Critical-level severity within the Network category.,Network,Manufacturer,Critical
U3002,Vehicle Identification Number,System: General. Source: SAE J2012 / ISO 15031. This code is classified as Info-level severity within the Network category.,Network,Manufacturer,Info
U3003,Battery Voltage,System: General. Source: SAE J2012 / ISO 15031. This code is classified as Info-level severity within the Network category.,Network,Manufacturer,Info
U3004,Accessory Power Relay,System: General. Source: SAE J2012 / ISO 15031. This code is classified as Info-level severity within the Network category.,Network,Manufacturer,Info
U3005,Retained Accessory Power,System: General. Source: SAE J2012 / ISO 15031. This code is classified as Info-level severity within the Network category.,Network,Manufacturer,Info
U3006,"Control Module Input Power ""A""",System: General. Source: SAE J2012 / ISO 15031. This code is classified as Info-level severity within the Network category.,Network,Manufacturer,Info
U3007,"Control Module Input Power ""B""",System: General. Source: SAE J2012 / ISO 15031. This code is classified as Info-level severity within the Network category.,Network,Manufacturer,Info
U3008,"Control Module Ground ""A""",System: General. Source: SAE J2012 / ISO 15031. This code is classified as Info-level severity within the Network category.,Network,Manufacturer,Info
U3009,"Control Module Ground ""B""",System: General. Source: SAE J2012 / ISO 15031. This code is classified as Info-level severity within the Network category.,Network,Manufacturer,Info
U300A,Ignition Switch,System: General. Source: SAE J2012 / ISO 15031. This code is classified as Info-level severity within the Network category.,Network,Manufacturer,Info
U300B,Ignition Input Accessory/On/Start,System: General. Source: SAE J2012 / ISO 15031. This code is classified as Info-level severity within the Network category.,Network,Manufacturer,Info
U300C,Ignition Input Off/On/Start,System: General. Source: SAE J2012 / ISO 15031. This code is classified as Info-level severity within the Network category.,Network,Manufacturer,Info
U300D,Ignition Input On/Start,System: General. Source: SAE J2012 / ISO 15031. This code is classified as Info-level severity within the Network category.,Network,Manufacturer,Info
U300E,Ignition Input On,System: General. Source: SAE J2012 / ISO 15031. This code is classified as Info-level severity within the Network category.,Network,Manufacturer,Info
U300F,Ignition Input Accessory,System: General. Source: SAE J2012 / ISO 15031. This code is classified as Info-level severity within the Network category.,Network,Manufacturer,Info
U3010,Ignition Input Start,System: General. Source: SAE J2012 / ISO 15031. This code is classified as Info-level severity within the Network category.,Network,Manufacturer,Info
U3011,Ignition Input Off,System: General. Source: SAE J2012 / ISO 15031. This code is classified as Info-level severity within the Network category.,Network,Manufacturer,Info
U3F00,Reserved For Future Use,System: General. Source: SAE J2012 / ISO 15031. This code is classified as Info-level severity within the Network category.,Network,Manufacturer,Info
